timestamp,timestamp_last_signal,channel_count,rssi,rc_lost_frame_count,rc_total_frame_count,rc_ppm_frame_length,values[0],values[1],values[2],values[3],values[4],values[5],values[6],values[7],values[8],values[9],values[10],values[11],values[12],values[13],values[14],values[15],values[16],values[17],rc_failsafe,rc_lost,input_source
28963281,28963281,18,255,0,0,0,1514,1514,875,1514,1514,1514,1514,1514,1514,1514,1514,1514,1514,1514,1514,1514,998,998,1,0,9
29163273,29163273,18,255,0,0,0,1514,1514,875,1514,1514,1514,1514,1514,1514,1514,1514,1514,1514,1514,1514,1514,998,998,1,0,9
29363287,29363287,18,255,0,0,0,1514,1514,875,1514,1514,1514,1514,1514,1514,1514,1514,1514,1514,1514,1514,1514,998,998,1,0,9
29563275,29563275,18,255,0,0,0,1514,1514,875,1514,1514,1514,1514,1514,1514,1514,1514,1514,1514,1514,1514,1514,998,998,1,0,9
29778281,29778281,18,255,0,0,0,1514,1514,875,1514,1514,1514,1514,1514,1514,1514,1514,1514,1514,1514,1514,1514,998,998,1,0,9
29973275,29973275,18,255,0,0,0,1514,1514,875,1514,1514,1514,1514,1514,1514,1514,1514,1514,1514,1514,1514,1514,998,998,1,0,9
30173274,30173274,18,255,0,0,0,1514,1514,875,1514,1514,1514,1514,1514,1514,1514,1514,1514,1514,1514,1514,1514,998,998,1,0,9
30388294,30388294,18,255,0,0,0,1514,1514,875,1514,1514,1514,1514,1514,1514,1514,1514,1514,1514,1514,1514,1514,998,998,1,0,9
30588274,30588274,18,255,0,0,0,1514,1514,875,1514,1514,1514,1514,1514,1514,1514,1514,1514,1514,1514,1514,1514,998,998,1,0,9
30788274,30788274,18,255,0,0,0,1514,1514,875,1514,1514,1514,1514,1514,1514,1514,1514,1514,1514,1514,1514,1514,998,998,1,0,9
30998280,30998280,18,255,0,0,0,1514,1514,875,1514,1514,1514,1514,1514,1514,1514,1514,1514,1514,1514,1514,1514,998,998,1,0,9
31198276,31198276,18,255,0,0,0,1514,1514,875,1514,1514,1514,1514,1514,1514,1514,1514,1514,1514,1514,1514,1514,998,998,1,0,9
31398273,31398273,18,255,0,0,0,1514,1514,875,1514,1514,1514,1514,1514,1514,1514,1514,1514,1514,1514,1514,1514,998,998,1,0,9
31598273,31598273,18,255,0,0,0,1514,1514,875,1514,1514,1514,1514,1514,1514,1514,1514,1514,1514,1514,1514,1514,998,998,1,0,9
31798288,31798288,18,255,0,0,0,1514,1514,875,1514,1514,1514,1514,1514,1514,1514,1514,1514,1514,1514,1514,1514,998,998,1,0,9
32008275,32008275,18,255,0,0,0,1514,1514,875,1514,1514,1514,1514,1514,1514,1514,1514,1514,1514,1514,1514,1514,998,998,1,0,9
32208289,32208289,18,255,0,0,0,1514,1514,875,1514,1514,1514,1514,1514,1514,1514,1514,1514,1514,1514,1514,1514,998,998,1,0,9
32408280,32408280,18,255,0,0,0,1514,1514,875,1514,1514,1514,1514,1514,1514,1514,1514,1514,1514,1514,1514,1514,998,998,1,0,9
32608273,32608273,18,255,0,0,0,1514,1514,875,1514,1514,1514,1514,1514,1514,1514,1514,1514,1514,1514,1514,1514,998,998,1,0,9
32823274,32823274,18,255,0,0,0,1514,1514,875,1514,1514,1514,1514,1514,1514,1514,1514,1514,1514,1514,1514,1514,998,998,1,0,9
33023276,33023276,18,255,0,0,0,1514,1514,875,1514,1514,1514,1514,1514,1514,1514,1514,1514,1514,1514,1514,1514,998,998,1,0,9
33223289,33223289,18,255,0,0,0,1514,1514,875,1514,1514,1514,1514,1514,1514,1514,1514,1514,1514,1514,1514,1514,998,998,1,0,9
33433274,33433274,18,255,0,0,0,1514,1514,875,1514,1514,1514,1514,1514,1514,1514,1514,1514,1514,1514,1514,1514,998,998,1,0,9
33633289,33633289,18,255,0,0,0,1514,1514,875,1514,1514,1514,1514,1514,1514,1514,1514,1514,1514,1514,1514,1514,998,998,1,0,9
33833288,33833288,18,255,0,0,0,1514,1514,875,1514,1514,1514,1514,1514,1514,1514,1514,1514,1514,1514,1514,1514,998,998,1,0,9
34043279,34043279,18,255,0,0,0,1514,1514,875,1514,1514,1514,1514,1514,1514,1514,1514,1514,1514,1514,1514,1514,998,998,1,0,9
34243290,34243290,18,255,0,0,0,1514,1514,875,1514,1514,1514,1514,1514,1514,1514,1514,1514,1514,1514,1514,1514,998,998,1,0,9
34443289,34443289,18,255,0,0,0,1514,1514,875,1514,1514,1514,1514,1514,1514,1514,1514,1514,1514,1514,1514,1514,998,998,1,0,9
34643281,34643281,18,255,0,0,0,1514,1514,875,1514,1514,1514,1514,1514,1514,1514,1514,1514,1514,1514,1514,1514,998,998,1,0,9
34843273,34843273,18,255,0,0,0,1514,1514,875,1514,1514,1514,1514,1514,1514,1514,1514,1514,1514,1514,1514,1514,998,998,1,0,9
35058273,35058273,18,255,0,0,0,1514,1514,875,1514,1514,1514,1514,1514,1514,1514,1514,1514,1514,1514,1514,1514,998,998,1,0,9
35258274,35258274,18,255,0,0,0,1514,1514,875,1514,1514,1514,1514,1514,1514,1514,1514,1514,1514,1514,1514,1514,998,998,1,0,9
35453278,35453278,18,255,0,0,0,1514,1514,875,1514,1514,1514,1514,1514,1514,1514,1514,1514,1514,1514,1514,1514,998,998,1,0,9
35653273,35653273,18,255,0,0,0,1514,1514,875,1514,1514,1514,1514,1514,1514,1514,1514,1514,1514,1514,1514,1514,998,998,1,0,9
35868281,35868281,18,255,0,0,0,1514,1514,875,1514,1514,1514,1514,1514,1514,1514,1514,1514,1514,1514,1514,1514,998,998,1,0,9
36068274,36068274,18,255,0,0,0,1514,1514,875,1514,1514,1514,1514,1514,1514,1514,1514,1514,1514,1514,1514,1514,998,998,1,0,9
36268283,36268283,18,255,0,0,0,1514,1514,875,1514,1514,1514,1514,1514,1514,1514,1514,1514,1514,1514,1514,1514,998,998,1,0,9
36478282,36478282,18,255,0,0,0,1514,1514,875,1514,1514,1514,1514,1514,1514,1514,1514,1514,1514,1514,1514,1514,998,998,1,0,9
36678289,36678289,18,255,0,0,0,1514,1514,875,1514,1514,1514,1514,1514,1514,1514,1514,1514,1514,1514,1514,1514,998,998,1,0,9
36878274,36878274,18,255,0,0,0,1514,1514,875,1514,1514,1514,1514,1514,1514,1514,1514,1514,1514,1514,1514,1514,998,998,1,0,9
37078279,37078279,18,255,0,0,0,1514,1514,875,1514,1514,1514,1514,1514,1514,1514,1514,1514,1514,1514,1514,1514,998,998,1,0,9
37288276,37288276,18,255,0,0,0,1514,1514,875,1514,1514,1514,1514,1514,1514,1514,1514,1514,1514,1514,1514,1514,998,998,1,0,9
37488275,37488275,18,255,0,0,0,1514,1514,875,1514,1514,1514,1514,1514,1514,1514,1514,1514,1514,1514,1514,1514,998,998,1,0,9
37688281,37688281,18,255,0,0,0,1514,1514,875,1514,1514,1514,1514,1514,1514,1514,1514,1514,1514,1514,1514,1514,998,998,1,0,9
37888274,37888274,18,255,0,0,0,1514,1514,875,1514,1514,1514,1514,1514,1514,1514,1514,1514,1514,1514,1514,1514,998,998,1,0,9
38103281,38103281,18,255,0,0,0,1514,1514,875,1514,1514,1514,1514,1514,1514,1514,1514,1514,1514,1514,1514,1514,998,998,1,0,9
38303281,38303281,18,255,0,0,0,1514,1514,875,1514,1514,1514,1514,1514,1514,1514,1514,1514,1514,1514,1514,1514,998,998,1,0,9
38503274,38503274,18,255,0,0,0,1514,1514,875,1514,1514,1514,1514,1514,1514,1514,1514,1514,1514,1514,1514,1514,998,998,1,0,9
38698277,38698277,18,255,0,0,0,1514,1514,875,1514,1514,1514,1514,1514,1514,1514,1514,1514,1514,1514,1514,1514,998,998,1,0,9
38913273,38913273,18,255,0,0,0,1514,1514,875,1514,1514,1514,1514,1514,1514,1514,1514,1514,1514,1514,1514,1514,998,998,1,0,9
39113276,39113276,18,255,0,0,0,1514,1514,875,1514,1514,1514,1514,1514,1514,1514,1514,1514,1514,1514,1514,1514,998,998,1,0,9
39313273,39313273,18,255,0,0,0,1514,1514,875,1514,1514,1514,1514,1514,1514,1514,1514,1514,1514,1514,1514,1514,998,998,1,0,9
39523273,39523273,18,255,0,0,0,1514,1514,875,1514,1514,1514,1514,1514,1514,1514,1514,1514,1514,1514,1514,1514,998,998,1,0,9
39723273,39723273,18,255,0,0,0,1514,1514,875,1514,1514,1514,1514,1514,1514,1514,1514,1514,1514,1514,1514,1514,998,998,1,0,9
39923288,39923288,18,255,0,0,0,1514,1514,875,1514,1514,1514,1514,1514,1514,1514,1514,1514,1514,1514,1514,1514,998,998,1,0,9
40123288,40123288,18,255,0,0,0,1514,1514,875,1514,1514,1514,1514,1514,1514,1514,1514,1514,1514,1514,1514,1514,998,998,1,0,9
40323289,40323289,18,255,0,0,0,1514,1514,875,1514,1514,1514,1514,1514,1514,1514,1514,1514,1514,1514,1514,1514,998,998,1,0,9
40523277,40523277,18,255,0,0,0,1514,1514,875,1514,1514,1514,1514,1514,1514,1514,1514,1514,1514,1514,1514,1514,998,998,1,0,9
40733365,40733365,18,255,0,0,0,1514,1514,875,1514,1514,1514,1514,1514,1514,1514,1514,1514,1514,1514,1514,1514,998,998,1,0,9
40933274,40933274,18,255,0,0,0,1514,1514,875,1514,1514,1514,1514,1514,1514,1514,1514,1514,1514,1514,1514,1514,998,998,1,0,9
41133273,41133273,18,255,0,0,0,1514,1514,875,1514,1514,1514,1514,1514,1514,1514,1514,1514,1514,1514,1514,1514,998,998,1,0,9
41333276,41333276,18,255,0,0,0,1514,1514,875,1514,1514,1514,1514,1514,1514,1514,1514,1514,1514,1514,1514,1514,998,998,1,0,9
41533289,41533289,18,255,0,0,0,1514,1514,875,1514,1514,1514,1514,1514,1514,1514,1514,1514,1514,1514,1514,1514,998,998,1,0,9
41748286,41748286,18,255,0,0,0,1514,1514,875,1514,1514,1514,1514,1514,1514,1514,1514,1514,1514,1514,1514,1514,998,998,1,0,9
41948278,41948278,18,255,0,0,0,1514,1514,875,1514,1514,1514,1514,1514,1514,1514,1514,1514,1514,1514,1514,1514,998,998,1,0,9
42143274,42143274,18,255,0,0,0,1514,1514,875,1514,1514,1514,1514,1514,1514,1514,1514,1514,1514,1514,1514,1514,998,998,1,0,9
42358427,42358427,18,255,0,0,0,1514,1514,875,1514,1514,1514,1514,1514,1514,1514,1514,1514,1514,1514,1514,1514,998,998,1,0,9
42558274,42558274,18,255,0,0,0,1514,1514,875,1514,1514,1514,1514,1514,1514,1514,1514,1514,1514,1514,1514,1514,998,998,1,0,9
42758273,42758273,18,255,0,0,0,1514,1514,875,1514,1514,1514,1514,1514,1514,1514,1514,1514,1514,1514,1514,1514,998,998,1,0,9
42958274,42958274,18,255,0,0,0,1514,1514,875,1514,1514,1514,1514,1514,1514,1514,1514,1514,1514,1514,1514,1514,998,998,1,0,9
43158281,43158281,18,255,0,0,0,1514,1514,875,1514,1514,1514,1514,1514,1514,1514,1514,1514,1514,1514,1514,1514,998,998,1,0,9
43368273,43368273,18,255,0,0,0,1514,1514,875,1514,1514,1514,1514,1514,1514,1514,1514,1514,1514,1514,1514,1514,998,998,1,0,9
43568273,43568273,18,255,0,0,0,1514,1514,875,1514,1514,1514,1514,1514,1514,1514,1514,1514,1514,1514,1514,1514,998,998,1,0,9
43768273,43768273,18,255,0,0,0,1514,1514,875,1514,1514,1514,1514,1514,1514,1514,1514,1514,1514,1514,1514,1514,998,998,1,0,9
43968280,43968280,18,255,0,0,0,1514,1514,875,1514,1514,1514,1514,1514,1514,1514,1514,1514,1514,1514,1514,1514,998,998,1,0,9
44178275,44178275,18,255,0,0,0,1514,1514,875,1514,1514,1514,1514,1514,1514,1514,1514,1514,1514,1514,1514,1514,998,998,1,0,9
44378281,44378281,18,255,0,0,0,1514,1514,875,1514,1514,1514,1514,1514,1514,1514,1514,1514,1514,1514,1514,1514,998,998,1,0,9
44578274,44578274,18,255,0,0,0,1514,1514,875,1514,1514,1514,1514,1514,1514,1514,1514,1514,1514,1514,1514,1514,998,998,1,0,9
44778274,44778274,18,255,0,0,0,1514,1514,875,1514,1514,1514,1514,1514,1514,1514,1514,1514,1514,1514,1514,1514,998,998,1,0,9
44978274,44978274,18,255,0,0,0,1514,1514,875,1514,1514,1514,1514,1514,1514,1514,1514,1514,1514,1514,1514,1514,998,998,1,0,9
45193279,45193279,18,255,0,0,0,1514,1514,875,1514,1514,1514,1514,1514,1514,1514,1514,1514,1514,1514,1514,1514,998,998,1,0,9
45388279,45388279,18,255,0,0,0,1514,1514,875,1514,1514,1514,1514,1514,1514,1514,1514,1514,1514,1514,1514,1514,998,998,1,0,9
45588275,45588275,18,255,0,0,0,1514,1514,875,1514,1514,1514,1514,1514,1514,1514,1514,1514,1514,1514,1514,1514,998,998,1,0,9
45803273,45803273,18,255,0,0,0,1514,1514,875,1514,1514,1514,1514,1514,1514,1514,1514,1514,1514,1514,1514,1514,998,998,1,0,9
46003278,46003278,18,255,0,0,0,1514,1514,875,1514,1514,1514,1514,1514,1514,1514,1514,1514,1514,1514,1514,1514,998,998,1,0,9
46203274,46203274,18,255,0,0,0,1514,1514,875,1514,1514,1514,1514,1514,1514,1514,1514,1514,1514,1514,1514,1514,998,998,1,0,9
46403280,46403280,18,255,0,0,0,1514,1514,875,1514,1514,1514,1514,1514,1514,1514,1514,1514,1514,1514,1514,1514,998,998,1,0,9
46613278,46613278,18,255,0,0,0,1514,1514,875,1514,1514,1514,1514,1514,1514,1514,1514,1514,1514,1514,1514,1514,998,998,1,0,9
46813273,46813273,18,255,0,0,0,1514,1514,875,1514,1514,1514,1514,1514,1514,1514,1514,1514,1514,1514,1514,1514,998,998,1,0,9
47013273,47013273,18,255,0,0,0,1514,1514,875,1514,1514,1514,1514,1514,1514,1514,1514,1514,1514,1514,1514,1514,998,998,1,0,9
47213274,47213274,18,255,0,0,0,1514,1514,875,1514,1514,1514,1514,1514,1514,1514,1514,1514,1514,1514,1514,1514,998,998,1,0,9
47423288,47423288,18,255,0,0,0,1514,1514,875,1514,1514,1514,1514,1514,1514,1514,1514,1514,1514,1514,1514,1514,998,998,1,0,9
47623278,47623278,18,255,0,0,0,1514,1514,875,1514,1514,1514,1514,1514,1514,1514,1514,1514,1514,1514,1514,1514,998,998,1,0,9
47823283,47823283,18,255,0,0,0,1514,1514,875,1514,1514,1514,1514,1514,1514,1514,1514,1514,1514,1514,1514,1514,998,998,1,0,9
48023276,48023276,18,255,0,0,0,1514,1514,875,1514,1514,1514,1514,1514,1514,1514,1514,1514,1514,1514,1514,1514,998,998,1,0,9
48238276,48238276,18,255,0,0,0,1514,1514,875,1514,1514,1514,1514,1514,1514,1514,1514,1514,1514,1514,1514,1514,998,998,1,0,9
48438274,48438274,18,255,0,0,0,1514,1514,875,1514,1514,1514,1514,1514,1514,1514,1514,1514,1514,1514,1514,1514,998,998,1,0,9
48638273,48638273,18,255,0,0,0,1514,1514,875,1514,1514,1514,1514,1514,1514,1514,1514,1514,1514,1514,1514,1514,998,998,1,0,9
48848278,48848278,18,255,0,0,0,1514,1514,875,1514,1514,1514,1514,1514,1514,1514,1514,1514,1514,1514,1514,1514,998,998,1,0,9
49048279,49048279,18,255,0,0,0,1514,1514,875,1514,1514,1514,1514,1514,1514,1514,1514,1514,1514,1514,1514,1514,998,998,1,0,9
49248273,49248273,18,255,0,0,0,1514,1514,875,1514,1514,1514,1514,1514,1514,1514,1514,1514,1514,1514,1514,1514,998,998,1,0,9
49448273,49448273,18,255,0,0,0,1514,1514,875,1514,1514,1514,1514,1514,1514,1514,1514,1514,1514,1514,1514,1514,998,998,1,0,9
49658278,49658278,18,255,0,0,0,1514,1514,875,1514,1514,1514,1514,1514,1514,1514,1514,1514,1514,1514,1514,1514,998,998,1,0,9
49858281,49858281,18,255,0,0,0,1514,1514,875,1514,1514,1514,1514,1514,1514,1514,1514,1514,1514,1514,1514,1514,998,998,1,0,9
50058273,50058273,18,255,0,0,0,1514,1514,875,1514,1514,1514,1514,1514,1514,1514,1514,1514,1514,1514,1514,1514,998,998,1,0,9
50258273,50258273,18,255,0,0,0,1514,1514,875,1514,1514,1514,1514,1514,1514,1514,1514,1514,1514,1514,1514,1514,998,998,1,0,9
50458291,50458291,18,255,0,0,0,1514,1514,875,1514,1514,1514,1514,1514,1514,1514,1514,1514,1514,1514,1514,1514,998,998,1,0,9
50673289,50673289,18,255,0,0,0,1514,1514,875,1514,1514,1514,1514,1514,1514,1514,1514,1514,1514,1514,1514,1514,998,998,1,0,9
50868283,50868283,18,255,0,0,0,1514,1514,875,1514,1514,1514,1514,1514,1514,1514,1514,1514,1514,1514,1514,1514,998,998,1,0,9
51068279,51068279,18,255,0,0,0,1514,1514,875,1514,1514,1514,1514,1514,1514,1514,1514,1514,1514,1514,1514,1514,998,998,1,0,9
51283273,51283273,18,255,0,0,0,1514,1514,875,1514,1514,1514,1514,1514,1514,1514,1514,1514,1514,1514,1514,1514,998,998,1,0,9
51483276,51483276,18,255,0,0,0,1514,1514,875,1514,1514,1514,1514,1514,1514,1514,1514,1514,1514,1514,1514,1514,998,998,1,0,9
51683282,51683282,18,255,0,0,0,1514,1514,875,1514,1514,1514,1514,1514,1514,1514,1514,1514,1514,1514,1514,1514,998,998,1,0,9
51893275,51893275,18,255,0,0,0,1514,1514,875,1514,1514,1514,1514,1514,1514,1514,1514,1514,1514,1514,1514,1514,998,998,1,0,9
52093280,52093280,18,255,0,0,0,1514,1514,875,1514,1514,1514,1514,1514,1514,1514,1514,1514,1514,1514,1514,1514,998,998,1,0,9
52293273,52293273,18,255,0,0,0,1514,1514,875,1514,1514,1514,1514,1514,1514,1514,1514,1514,1514,1514,1514,1514,998,998,1,0,9
52493274,52493274,18,255,0,0,0,1514,1514,875,1514,1514,1514,1514,1514,1514,1514,1514,1514,1514,1514,1514,1514,998,998,1,0,9
52693274,52693274,18,255,0,0,0,1514,1514,875,1514,1514,1514,1514,1514,1514,1514,1514,1514,1514,1514,1514,1514,998,998,1,0,9
52903280,52903280,18,255,0,0,0,1514,1514,875,1514,1514,1514,1514,1514,1514,1514,1514,1514,1514,1514,1514,1514,998,998,1,0,9
53103291,53103291,18,255,0,0,0,1514,1514,875,1514,1514,1514,1514,1514,1514,1514,1514,1514,1514,1514,1514,1514,998,998,1,0,9
53303278,53303278,18,255,0,0,0,1514,1514,875,1514,1514,1514,1514,1514,1514,1514,1514,1514,1514,1514,1514,1514,998,998,1,0,9
53503273,53503273,18,255,0,0,0,1514,1514,875,1514,1514,1514,1514,1514,1514,1514,1514,1514,1514,1514,1514,1514,998,998,1,0,9
53718276,53718276,18,255,0,0,0,1514,1514,875,1514,1514,1514,1514,1514,1514,1514,1514,1514,1514,1514,1514,1514,998,998,1,0,9
53918277,53918277,18,255,0,0,0,1514,1514,875,1514,1514,1514,1514,1514,1514,1514,1514,1514,1514,1514,1514,1514,998,998,1,0,9
54113276,54113276,18,255,0,0,0,1514,1514,875,1514,1514,1514,1514,1514,1514,1514,1514,1514,1514,1514,1514,1514,998,998,1,0,9
54328273,54328273,18,255,0,0,0,1514,1514,875,1514,1514,1514,1514,1514,1514,1514,1514,1514,1514,1514,1514,1514,998,998,1,0,9
54528316,54528316,18,255,0,0,0,1514,1514,875,1514,1514,1514,1514,1514,1514,1514,1514,1514,1514,1514,1514,1514,998,998,1,0,9
54728274,54728274,18,255,0,0,0,1514,1514,875,1514,1514,1514,1514,1514,1514,1514,1514,1514,1514,1514,1514,1514,998,998,1,0,9
54938277,54938277,18,255,0,0,0,1514,1514,875,1514,1514,1514,1514,1514,1514,1514,1514,1514,1514,1514,1514,1514,998,998,1,0,9
55138274,55138274,18,255,0,0,0,1514,1514,875,1514,1514,1514,1514,1514,1514,1514,1514,1514,1514,1514,1514,1514,998,998,1,0,9
55338274,55338274,18,255,0,0,0,1514,1514,875,1514,1514,1514,1514,1514,1514,1514,1514,1514,1514,1514,1514,1514,998,998,1,0,9
55538287,55538287,18,255,0,0,0,1514,1514,875,1514,1514,1514,1514,1514,1514,1514,1514,1514,1514,1514,1514,1514,998,998,1,0,9
55738274,55738274,18,255,0,0,0,1514,1514,875,1514,1514,1514,1514,1514,1514,1514,1514,1514,1514,1514,1514,1514,998,998,1,0,9
56348276,56348276,18,255,0,0,0,1514,1514,875,1514,1514,1514,1514,1514,1514,1514,1514,1514,1514,1514,1514,1514,998,998,1,0,9
56548274,56548274,18,255,0,0,0,1514,1514,875,1514,1514,1514,1514,1514,1514,1514,1514,1514,1514,1514,1514,1514,998,998,1,0,9
56763273,56763273,18,255,0,0,0,1514,1514,875,1514,1514,1514,1514,1514,1514,1514,1514,1514,1514,1514,1514,1514,998,998,1,0,9
56963288,56963288,18,255,0,0,0,1514,1514,875,1514,1514,1514,1514,1514,1514,1514,1514,1514,1514,1514,1514,1514,998,998,1,0,9
57163289,57163289,18,255,0,0,0,1514,1514,875,1514,1514,1514,1514,1514,1514,1514,1514,1514,1514,1514,1514,1514,998,998,1,0,9
57373274,57373274,18,255,0,0,0,1514,1514,875,1514,1514,1514,1514,1514,1514,1514,1514,1514,1514,1514,1514,1514,998,998,1,0,9
57573291,57573291,18,255,0,0,0,1514,1514,875,1514,1514,1514,1514,1514,1514,1514,1514,1514,1514,1514,1514,1514,998,998,1,0,9
57773276,57773276,18,255,0,0,0,1514,1514,875,1514,1514,1514,1514,1514,1514,1514,1514,1514,1514,1514,1514,1514,998,998,1,0,9
57973277,57973277,18,255,0,0,0,1514,1514,875,1514,1514,1514,1514,1514,1514,1514,1514,1514,1514,1514,1514,1514,998,998,1,0,9
58183279,58183279,18,255,0,0,0,1514,1514,875,1514,1514,1514,1514,1514,1514,1514,1514,1514,1514,1514,1514,1514,998,998,1,0,9
58383295,58383295,18,255,0,0,0,1514,1514,875,1514,1514,1514,1514,1514,1514,1514,1514,1514,1514,1514,1514,1514,998,998,1,0,9
58583274,58583274,18,255,0,0,0,1514,1514,875,1514,1514,1514,1514,1514,1514,1514,1514,1514,1514,1514,1514,1514,998,998,1,0,9
58783273,58783273,18,255,0,0,0,1514,1514,875,1514,1514,1514,1514,1514,1514,1514,1514,1514,1514,1514,1514,1514,998,998,1,0,9
58998273,58998273,18,255,0,0,0,1514,1514,875,1514,1514,1514,1514,1514,1514,1514,1514,1514,1514,1514,1514,1514,998,998,1,0,9
59198279,59198279,18,255,0,0,0,1514,1514,875,1514,1514,1514,1514,1514,1514,1514,1514,1514,1514,1514,1514,1514,998,998,1,0,9
59398274,59398274,18,255,0,0,0,1514,1514,875,1514,1514,1514,1514,1514,1514,1514,1514,1514,1514,1514,1514,1514,998,998,1,0,9
59593275,59593275,18,255,0,0,0,1514,1514,875,1514,1514,1514,1514,1514,1514,1514,1514,1514,1514,1514,1514,1514,998,998,1,0,9
59793288,59793288,18,255,0,0,0,1514,1514,875,1514,1514,1514,1514,1514,1514,1514,1514,1514,1514,1514,1514,1514,998,998,1,0,9
60008288,60008288,18,255,0,0,0,1514,1514,875,1514,1514,1514,1514,1514,1514,1514,1514,1514,1514,1514,1514,1514,998,998,1,0,9
60208273,60208273,18,255,0,0,0,1514,1514,875,1514,1514,1514,1514,1514,1514,1514,1514,1514,1514,1514,1514,1514,998,998,1,0,9
60408277,60408277,18,255,0,0,0,1514,1514,875,1514,1514,1514,1514,1514,1514,1514,1514,1514,1514,1514,1514,1514,998,998,1,0,9
60618274,60618274,18,255,0,0,0,1514,1514,875,1514,1514,1514,1514,1514,1514,1514,1514,1514,1514,1514,1514,1514,998,998,1,0,9
60818273,60818273,18,255,0,0,0,1514,1514,875,1514,1514,1514,1514,1514,1514,1514,1514,1514,1514,1514,1514,1514,998,998,1,0,9
61018280,61018280,18,255,0,0,0,1514,1514,875,1514,1514,1514,1514,1514,1514,1514,1514,1514,1514,1514,1514,1514,998,998,1,0,9
61218288,61218288,18,255,0,0,0,1514,1514,875,1514,1514,1514,1514,1514,1514,1514,1514,1514,1514,1514,1514,1514,998,998,1,0,9
61418301,61418301,18,255,0,0,0,1514,1514,875,1514,1514,1514,1514,1514,1514,1514,1514,1514,1514,1514,1514,1514,998,998,1,0,9
61628293,61628293,18,255,0,0,0,1514,1514,875,1514,1514,1514,1514,1514,1514,1514,1514,1514,1514,1514,1514,1514,998,998,1,0,9
61828277,61828277,18,255,0,0,0,1514,1514,875,1514,1514,1514,1514,1514,1514,1514,1514,1514,1514,1514,1514,1514,998,998,1,0,9
62028304,62028304,18,255,0,0,0,1514,1514,875,1514,1514,1514,1514,1514,1514,1514,1514,1514,1514,1514,1514,1514,998,998,1,0,9
62228277,62228277,18,255,0,0,0,1514,1514,875,1514,1514,1514,1514,1514,1514,1514,1514,1514,1514,1514,1514,1514,998,998,1,0,9
62443273,62443273,18,255,0,0,0,1514,1514,875,1514,1514,1514,1514,1514,1514,1514,1514,1514,1514,1514,1514,1514,998,998,1,0,9
62643274,62643274,18,255,0,0,0,1514,1514,875,1514,1514,1514,1514,1514,1514,1514,1514,1514,1514,1514,1514,1514,998,998,1,0,9
62838278,62838278,18,255,0,0,0,1514,1514,875,1514,1514,1514,1514,1514,1514,1514,1514,1514,1514,1514,1514,1514,998,998,1,0,9
63053276,63053276,18,255,0,0,0,1514,1514,875,1514,1514,1514,1514,1514,1514,1514,1514,1514,1514,1514,1514,1514,998,998,1,0,9
63253276,63253276,18,255,0,0,0,1514,1514,875,1514,1514,1514,1514,1514,1514,1514,1514,1514,1514,1514,1514,1514,998,998,1,0,9
63453274,63453274,18,255,0,0,0,1514,1514,875,1514,1514,1514,1514,1514,1514,1514,1514,1514,1514,1514,1514,1514,998,998,1,0,9
63663283,63663283,18,255,0,0,0,1514,1514,875,1514,1514,1514,1514,1514,1514,1514,1514,1514,1514,1514,1514,1514,998,998,1,0,9
63863287,63863287,18,255,0,0,0,1514,1514,875,1514,1514,1514,1514,1514,1514,1514,1514,1514,1514,1514,1514,1514,998,998,1,0,9
64063277,64063277,18,255,0,0,0,1514,1514,875,1514,1514,1514,1514,1514,1514,1514,1514,1514,1514,1514,1514,1514,998,998,1,0,9
64263274,64263274,18,255,0,0,0,1514,1514,875,1514,1514,1514,1514,1514,1514,1514,1514,1514,1514,1514,1514,1514,998,998,1,0,9
64463273,64463273,18,255,0,0,0,1514,1514,875,1514,1514,1514,1514,1514,1514,1514,1514,1514,1514,1514,1514,1514,998,998,1,0,9
64678287,64678287,18,255,0,0,0,1514,1514,875,1514,1514,1514,1514,1514,1514,1514,1514,1514,1514,1514,1514,1514,998,998,1,0,9
64873277,64873277,18,255,0,0,0,1514,1514,875,1514,1514,1514,1514,1514,1514,1514,1514,1514,1514,1514,1514,1514,998,998,1,0,9
65073289,65073289,18,255,0,0,0,1514,1514,875,1514,1514,1514,1514,1514,1514,1514,1514,1514,1514,1514,1514,1514,998,998,1,0,9
65273287,65273287,18,255,0,0,0,1514,1514,875,1514,1514,1514,1514,1514,1514,1514,1514,1514,1514,1514,1514,1514,998,998,1,0,9
65488307,65488307,18,255,0,0,0,1514,1514,875,1514,1514,1514,1514,1514,1514,1514,1514,1514,1514,1514,1514,1514,998,998,1,0,9
65688273,65688273,18,255,0,0,0,1514,1514,875,1514,1514,1514,1514,1514,1514,1514,1514,1514,1514,1514,1514,1514,998,998,1,0,9
65888281,65888281,18,255,0,0,0,1514,1514,875,1514,1514,1514,1514,1514,1514,1514,1514,1514,1514,1514,1514,1514,998,998,1,0,9
66098274,66098274,18,255,0,0,0,1514,1514,875,1514,1514,1514,1514,1514,1514,1514,1514,1514,1514,1514,1514,1514,998,998,1,0,9
66298286,66298286,18,255,0,0,0,1514,1514,875,1514,1514,1514,1514,1514,1514,1514,1514,1514,1514,1514,1514,1514,998,998,1,0,9
66498274,66498274,18,255,0,0,0,1514,1514,875,1514,1514,1514,1514,1514,1514,1514,1514,1514,1514,1514,1514,1514,998,998,1,0,9
66698274,66698274,18,255,0,0,0,1514,1514,875,1514,1514,1514,1514,1514,1514,1514,1514,1514,1514,1514,1514,1514,998,998,1,0,9
66908293,66908293,18,255,0,0,0,1514,1514,875,1514,1514,1514,1514,1514,1514,1514,1514,1514,1514,1514,1514,1514,998,998,1,0,9
67108280,67108280,18,255,0,0,0,1514,1514,875,1514,1514,1514,1514,1514,1514,1514,1514,1514,1514,1514,1514,1514,998,998,1,0,9
67308278,67308278,18,255,0,0,0,1514,1514,875,1514,1514,1514,1514,1514,1514,1514,1514,1514,1514,1514,1514,1514,998,998,1,0,9
67508273,67508273,18,255,0,0,0,1514,1514,875,1514,1514,1514,1514,1514,1514,1514,1514,1514,1514,1514,1514,1514,998,998,1,0,9
67723274,67723274,18,255,0,0,0,1514,1514,875,1514,1514,1514,1514,1514,1514,1514,1514,1514,1514,1514,1514,1514,998,998,1,0,9
67923273,67923273,18,255,0,0,0,1514,1514,875,1514,1514,1514,1514,1514,1514,1514,1514,1514,1514,1514,1514,1514,998,998,1,0,9
68123276,68123276,18,255,0,0,0,1514,1514,875,1514,1514,1514,1514,1514,1514,1514,1514,1514,1514,1514,1514,1514,998,998,1,0,9
68318280,68318280,18,255,0,0,0,1514,1514,875,1514,1514,1514,1514,1514,1514,1514,1514,1514,1514,1514,1514,1514,998,998,1,0,9
68533274,68533274,18,255,0,0,0,1514,1514,875,1514,1514,1514,1514,1514,1514,1514,1514,1514,1514,1514,1514,1514,998,998,1,0,9
68733286,68733286,18,255,0,0,0,1514,1514,875,1514,1514,1514,1514,1514,1514,1514,1514,1514,1514,1514,1514,1514,998,998,1,0,9
68933278,68933278,18,255,0,0,0,1514,1514,875,1514,1514,1514,1514,1514,1514,1514,1514,1514,1514,1514,1514,1514,998,998,1,0,9
69143273,69143273,18,255,0,0,0,1514,1514,875,1514,1514,1514,1514,1514,1514,1514,1514,1514,1514,1514,1514,1514,998,998,1,0,9
69343273,69343273,18,255,0,0,0,1514,1514,875,1514,1514,1514,1514,1514,1514,1514,1514,1514,1514,1514,1514,1514,998,998,1,0,9
69543273,69543273,18,255,0,0,0,1514,1514,875,1514,1514,1514,1514,1514,1514,1514,1514,1514,1514,1514,1514,1514,998,998,1,0,9
69743287,69743287,18,255,0,0,0,1514,1514,875,1514,1514,1514,1514,1514,1514,1514,1514,1514,1514,1514,1514,1514,998,998,1,0,9
69943274,69943274,18,255,0,0,0,1514,1514,875,1514,1514,1514,1514,1514,1514,1514,1514,1514,1514,1514,1514,1514,998,998,1,0,9
70158298,70158298,18,255,0,0,0,1514,1514,875,1514,1514,1514,1514,1514,1514,1514,1514,1514,1514,1514,1514,1514,998,998,1,0,9
70353276,70353276,18,255,0,0,0,1514,1514,875,1514,1514,1514,1514,1514,1514,1514,1514,1514,1514,1514,1514,1514,998,998,1,0,9
70553274,70553274,18,255,0,0,0,1514,1514,875,1514,1514,1514,1514,1514,1514,1514,1514,1514,1514,1514,1514,1514,998,998,1,0,9
70768282,70768282,18,255,0,0,0,1514,1514,875,1514,1514,1514,1514,1514,1514,1514,1514,1514,1514,1514,1514,1514,998,998,1,0,9
70968273,70968273,18,255,0,0,0,1514,1514,875,1514,1514,1514,1514,1514,1514,1514,1514,1514,1514,1514,1514,1514,998,998,1,0,9
71168277,71168277,18,255,0,0,0,1514,1514,875,1514,1514,1514,1514,1514,1514,1514,1514,1514,1514,1514,1514,1514,998,998,1,0,9
71368274,71368274,18,255,0,0,0,1514,1514,875,1514,1514,1514,1514,1514,1514,1514,1514,1514,1514,1514,1514,1514,998,998,1,0,9
71578273,71578273,18,255,0,0,0,1514,1514,875,1514,1514,1514,1514,1514,1514,1514,1514,1514,1514,1514,1514,1514,998,998,1,0,9
71778279,71778279,18,255,0,0,0,1514,1514,875,1514,1514,1514,1514,1514,1514,1514,1514,1514,1514,1514,1514,1514,998,998,1,0,9
71978279,71978279,18,255,0,0,0,1514,1514,875,1514,1514,1514,1514,1514,1514,1514,1514,1514,1514,1514,1514,1514,998,998,1,0,9
72178276,72178276,18,255,0,0,0,1514,1514,875,1514,1514,1514,1514,1514,1514,1514,1514,1514,1514,1514,1514,1514,998,998,1,0,9
72388276,72388276,18,255,0,0,0,1514,1514,875,1514,1514,1514,1514,1514,1514,1514,1514,1514,1514,1514,1514,1514,998,998,1,0,9
72588273,72588273,18,255,0,0,0,1514,1514,875,1514,1514,1514,1514,1514,1514,1514,1514,1514,1514,1514,1514,1514,998,998,1,0,9
72788274,72788274,18,255,0,0,0,1514,1514,875,1514,1514,1514,1514,1514,1514,1514,1514,1514,1514,1514,1514,1514,998,998,1,0,9
72988283,72988283,18,255,0,0,0,1514,1514,875,1514,1514,1514,1514,1514,1514,1514,1514,1514,1514,1514,1514,1514,998,998,1,0,9
73203276,73203276,18,255,0,0,0,1514,1514,875,1514,1514,1514,1514,1514,1514,1514,1514,1514,1514,1514,1514,1514,998,998,1,0,9
73403274,73403274,18,255,0,0,0,1514,1514,875,1514,1514,1514,1514,1514,1514,1514,1514,1514,1514,1514,1514,1514,998,998,1,0,9
73598285,73598285,18,255,0,0,0,1514,1514,875,1514,1514,1514,1514,1514,1514,1514,1514,1514,1514,1514,1514,1514,998,998,1,0,9
73813278,73813278,18,255,0,0,0,1514,1514,875,1514,1514,1514,1514,1514,1514,1514,1514,1514,1514,1514,1514,1514,998,998,1,0,9
74013278,74013278,18,255,0,0,0,1514,1514,875,1514,1514,1514,1514,1514,1514,1514,1514,1514,1514,1514,1514,1514,998,998,1,0,9
74213276,74213276,18,255,0,0,0,1514,1514,875,1514,1514,1514,1514,1514,1514,1514,1514,1514,1514,1514,1514,1514,998,998,1,0,9
74413274,74413274,18,255,0,0,0,1514,1514,875,1514,1514,1514,1514,1514,1514,1514,1514,1514,1514,1514,1514,1514,998,998,1,0,9
74623273,74623273,18,255,0,0,0,1514,1514,875,1514,1514,1514,1514,1514,1514,1514,1514,1514,1514,1514,1514,1514,998,998,1,0,9
74823291,74823291,18,255,0,0,0,1514,1514,875,1514,1514,1514,1514,1514,1514,1514,1514,1514,1514,1514,1514,1514,998,998,1,0,9
