timestamp,magnetometer_ga[0],magnetometer_ga[1],magnetometer_ga[2]
35266653,0.27893615,-0.03411682,0.4710564
35281283,0.2764889,-0.035519276,0.46957085
35300487,0.27446017,-0.030223161,0.47346193
35313345,0.2743259,-0.03326853,0.47093895
35328358,0.27445725,-0.03420488,0.46771368
35342595,0.28105658,-0.03307699,0.47093138
35358336,0.2749954,-0.03267473,0.47426102
35371969,0.27492806,-0.033179272,0.47405612
35388438,0.27657902,-0.033341713,0.4691831
35403324,0.28096142,-0.036480557,0.4722091
35418580,0.27702248,-0.035275593,0.47023413
35433022,0.27337477,-0.03714809,0.47507945
35449397,0.27337477,-0.03714809,0.47507945
35465465,0.27899352,-0.037335556,0.46847224
35479953,0.27328578,-0.035732225,0.46800363
35502399,0.27884004,-0.034182243,0.4730066
35511294,0.2734196,-0.03329552,0.47497967
35526395,0.27473775,-0.030666709,0.4721911
35541349,0.27919844,-0.036246333,0.46815175
35556697,0.27396396,-0.033576977,0.47518355
35572077,0.27652913,-0.03716573,0.47356805
35589382,0.28094578,-0.033975873,0.47435826
35603550,0.28075364,-0.03531132,0.47282997
35617418,0.27827525,-0.032551594,0.46780786
35632156,0.27646998,-0.031871073,0.47061336
35651307,0.27332994,-0.03152452,0.4692986
35663241,0.27637306,-0.032417707,0.4678635
35678427,0.27637306,-0.032417707,0.4678635
35693233,0.27325833,-0.032471262,0.475346
35709158,0.27609444,-0.034435228,0.46955
35724426,0.28006822,-0.035794247,0.46857217
35739294,0.2742884,-0.03739914,0.4688779
35756308,0.27600107,-0.032114692,0.4697812
35769409,0.27688745,-0.030439686,0.4742893
35785298,0.27536678,-0.03417519,0.46771297
35799859,0.27711332,-0.035602823,0.47386292
35813594,0.27711332,-0.035602823,0.47386292
35829354,0.2756281,-0.03128673,0.47279808
35844202,0.27892634,-0.035178963,0.46861386
35859041,0.27804548,-0.03619437,0.47434965
35874786,0.27830192,-0.037574142,0.46996698
35891308,0.27980098,-0.033395212,0.46813303
35903912,0.2755476,-0.030152246,0.47275347
35920305,0.27730578,-0.033100612,0.47348866
35935471,0.27479243,-0.032346927,0.4713646
35949601,0.27933714,-0.03219918,0.46825817
35964759,0.28041294,-0.03373361,0.46831143
35980234,0.2743735,-0.033737153,0.47499254
35996298,0.27462116,-0.03423761,0.47439763
36010811,0.27485391,-0.03415308,0.47327477
36027305,0.27847746,-0.0338598,0.47360104
36040341,0.27640107,-0.035025466,0.4725822
36055912,0.27891243,-0.03144488,0.4708214
36071693,0.28022093,-0.03506789,0.4751357
36087215,0.27578363,-0.030386347,0.47406203
36101983,0.27454168,-0.030175941,0.4705964
36116951,0.2734144,-0.03414096,0.47139353
36133353,0.27390546,-0.03164018,0.46897686
36149304,0.28044528,-0.032399796,0.4707784
36162432,0.27818292,-0.03509057,0.47436166
36179304,0.27859324,-0.0340923,0.46995252
36192557,0.27943406,-0.03480715,0.46864334
36208346,0.2751849,-0.034566678,0.4748938
36222585,0.27752632,-0.03758258,0.46804935
36238410,0.27397105,-0.03151415,0.46873537
36253482,0.27397105,-0.03151415,0.46873537
36268699,0.2796418,-0.0341764,0.47117493
36282745,0.27405718,-0.037352365,0.47203913
36298871,0.27450076,-0.03473416,0.4751767
36314313,0.27450076,-0.03473416,0.4751767
36331306,0.27768773,-0.036891237,0.47263217
36345010,0.2746063,-0.03312256,0.4715251
36359982,0.27603683,-0.031168032,0.46881548
36374824,0.27536127,-0.030117312,0.47027627
36390372,0.2762902,-0.036940772,0.47262776
36405327,0.2747831,-0.031797472,0.4724724
36421276,0.2808264,-0.030532192,0.4679175
36436117,0.2762678,-0.031849988,0.47333276
36451024,0.28031293,-0.033023678,0.47199786
36466713,0.27525228,-0.037585482,0.47258347
36481212,0.2808702,-0.031442393,0.47325328
36497811,0.27458143,-0.035145365,0.4749378
36512605,0.280477,-0.031191131,0.47506723
36529383,0.2738151,-0.0359677,0.4726786
36542744,0.28088245,-0.03171033,0.4678878
36558499,0.27383596,-0.031699643,0.4750845
36574051,0.27617788,-0.034402724,0.46881366
36587779,0.27617788,-0.034402724,0.46881366
36603077,0.2804959,-0.033908628,0.4683869
36618705,0.2804959,-0.033908628,0.4683869
36633928,0.27978438,-0.034752462,0.47329623
36648173,0.28000042,-0.03258504,0.47025716
36663601,0.27419785,-0.036416482,0.47463745
36679142,0.2802903,-0.0331843,0.47057918
36694147,0.27335936,-0.03472831,0.4699587
36708850,0.27431527,-0.03595252,0.47419938
36724037,0.27431527,-0.03595252,0.47419938
36739101,0.2737421,-0.037042215,0.46858075
36754660,0.28055444,-0.033309832,0.47248784
36772306,0.2766721,-0.03387203,0.4741743
36784522,0.27510646,-0.033485908,0.4681299
36801304,0.27524957,-0.037438545,0.4728883
36814933,0.27601442,-0.030813457,0.471767
36830530,0.28091514,-0.034065783,0.4746315
36845639,0.27494255,-0.0355792,0.4736039
36861456,0.27844083,-0.036732916,0.47183493
36876172,0.2800548,-0.034869377,0.47308078
36892076,0.27816957,-0.037474725,0.4697383
36907923,0.27744335,-0.032966178,0.470058
36925300,0.27554137,-0.036939897,0.4748767
36937786,0.27907172,-0.02977907,0.47183627
36954308,0.27437097,-0.030409979,0.4693459
36969072,0.28016487,-0.03744094,0.47447446
36983931,0.27767074,-0.033482704,0.47023523
36999121,0.27767074,-0.033482704,0.47023523
37015471,0.27446374,-0.034229867,0.4713581
37029098,0.2755044,-0.03358039,0.47172102
37045684,0.2734528,-0.032539625,0.47130445
37060641,0.27339795,-0.037297364,0.47398886
37076298,0.27605274,-0.03379442,0.47303978
37092308,0.27905968,-0.029988067,0.46963796
37107114,0.2798677,-0.03699262,0.47377878
37121859,0.27816716,-0.0364577,0.47258264
37136989,0.28034022,-0.03281461,0.47035974
37151369,0.2783995,-0.035655905,0.46952936
37167344,0.27670693,-0.03345855,0.47076946
37181606,0.2742503,-0.03518285,0.4698289
37197021,0.27536383,-0.029770788,0.47198963
37211511,0.2753369,-0.035490196,0.47426522
37227297,0.27849573,-0.034761053,0.468101
37242085,0.28093576,-0.031707875,0.47236988
37257292,0.27588734,-0.033393137,0.47342128
37274310,0.27972195,-0.031294398,0.47482035
37289380,0.2789412,-0.034206968,0.47331536
37304303,0.27576655,-0.033747558,0.46761304
37318028,0.2746993,-0.034283858,0.46762392
37333318,0.2746993,-0.034283858,0.46762392
37348850,0.2796493,-0.034716718,0.47060156
37363475,0.27621865,-0.03135336,0.4729732
37379689,0.2781917,-0.033399694,0.47116822
37394120,0.27944013,-0.03279602,0.47451693
37410303,0.27776876,-0.034645714,0.467756
37424225,0.2802217,-0.031303644,0.47468057
37439083,0.2759767,-0.0362013,0.47383758
37453917,0.28100646,-0.03254195,0.4740611
37469692,0.27493754,-0.034170885,0.46796855
37486309,0.28044155,-0.03026916,0.47242746
37499799,0.2811491,-0.03362446,0.4704383
37515498,0.2744462,-0.035015605,0.46874252
37532382,0.2770805,-0.031707775,0.46941835
37547307,0.27476633,-0.036455456,0.47198382
37561305,0.27558494,-0.031313717,0.47183776
37575550,0.28054103,-0.031567328,0.47298032
37591630,0.27822772,-0.033116452,0.47543123
37607540,0.2773472,-0.037577443,0.4679587
37623568,0.2733189,-0.035021544,0.4722783
37639305,0.27326745,-0.030315664,0.47206894
37653167,0.27326745,-0.030315664,0.47206894
37668385,0.2771509,-0.034940884,0.46929163
37685214,0.2792061,-0.037382383,0.4712513
37699337,0.2809182,-0.034921374,0.47266996
37714306,0.28037295,-0.03424746,0.47470474
37730305,0.27372283,-0.030965878,0.47214633
37744874,0.27663907,-0.03649644,0.4688329
37760636,0.2772514,-0.037121937,0.47266412
37774280,0.27459267,-0.03163773,0.46930814
37789565,0.27734354,-0.03238013,0.47246137
37808459,0.27908972,-0.029908223,0.46933737
37822307,0.2797271,-0.035639126,0.47113532
37836323,0.2787257,-0.036738124,0.4693822
37850105,0.2734866,-0.035420038,0.4701136
37865301,0.27628553,-0.03570277,0.467636
37880700,0.27784616,-0.037406538,0.46844688
37895462,0.28032887,-0.029944342,0.47046694
37910838,0.27854654,-0.036404915,0.46858904
37926482,0.27517134,-0.036103476,0.46998933
37943347,0.27864978,-0.031725205,0.4678387
37956456,0.27398714,-0.030978188,0.47348192
37974384,0.28016746,-0.03381645,0.47334823
37987839,0.27822655,-0.02991211,0.46784195
38003079,0.27731487,-0.033818968,0.46860242
38020304,0.27731487,-0.033818968,0.46860242
38033564,0.2767235,-0.034811556,0.46787786
38049261,0.27324143,-0.037555687,0.47058284
38063854,0.27596778,-0.032284144,0.47383466
38079471,0.2778223,-0.036618266,0.47064817
38094150,0.280843,-0.037388925,0.46913904
38109029,0.27990985,-0.032266952,0.47172818
38126304,0.28026822,-0.03479563,0.4691702
38141301,0.27604824,-0.034192044,0.46947694
38155653,0.27935207,-0.030352348,0.47225097
38171394,0.27485222,-0.034525186,0.47074935
38187652,0.27992952,-0.03012614,0.47106764
38201572,0.27977002,-0.03470234,0.47269034
38216747,0.27792782,-0.0338289,0.47471812
38231462,0.2778122,-0.031092044,0.47240534
38247054,0.2770267,-0.03052937,0.46824035
38261502,0.28104126,-0.03718768,0.4712897
38278657,0.2794953,-0.035430957,0.47514287
38292942,0.27958328,-0.030206908,0.47068223
38309308,0.28006682,-0.03662287,0.4754338
38323447,0.27521977,-0.03467399,0.47094703
38337765,0.27371597,-0.03392096,0.47175813
38353484,0.280315,-0.037363358,0.47043037
38370009,0.280315,-0.037363358,0.47043037
38384663,0.27761823,-0.03330906,0.4703664
38400395,0.27416813,-0.036732797,0.46809334
38414062,0.27984405,-0.03691012,0.4723512
38429424,0.27603537,-0.03527833,0.47190425
38446307,0.27337775,-0.032909863,0.47518453
38459671,0.27679566,-0.036427807,0.470071
38476303,0.27454138,-0.036621135,0.47394872
38491306,0.27778375,-0.03248044,0.4753295
38507298,0.27906987,-0.030765943,0.46994022
38520924,0.27518937,-0.03413209,0.47269726
38535768,0.280257,-0.035428636,0.46794504
38550367,0.27444503,-0.030295644,0.47293773
38567040,0.27759326,-0.031229503,0.47144768
38583329,0.2773011,-0.029884929,0.47055998
38597308,0.27900058,-0.036209166,0.46927693
38612305,0.27509272,-0.037581064,0.47283977
38625918,0.27538404,-0.03345625,0.46897504
38641770,0.27693936,-0.033196285,0.47422796
38655873,0.2735996,-0.031643715,0.47288406
38671663,0.27882385,-0.03633355,0.46842653
38687073,0.27684975,-0.032832567,0.47322425
38703582,0.27551383,-0.035174467,0.4704528
38719329,0.27374053,-0.03181931,0.46946236
38732989,0.27837387,-0.030626211,0.47169897
38749157,0.27837387,-0.030626211,0.47169897
38764689,0.27838546,-0.03277439,0.47212034
38780298,0.2745987,-0.032707624,0.46953022
38795302,0.2745987,-0.032707624,0.46953022
38809092,0.2797213,-0.035021532,0.47056472
38827305,0.27545282,-0.035133913,0.47170013
38841143,0.28032207,-0.0348707,0.47393662
38855903,0.28065544,-0.032302413,0.46888304
38870670,0.27823737,-0.03155342,0.46911684
38887193,0.27928904,-0.032905065,0.4679496
38902317,0.27928904,-0.032905065,0.4679496
38917337,0.28082052,-0.034786817,0.4708398
38932861,0.27863476,-0.036466572,0.46940193
38948561,0.27833274,-0.034660585,0.47473308
38962656,0.27804884,-0.03758344,0.4702175
38978793,0.27863282,-0.036397856,0.47161967
38993342,0.27551004,-0.03644465,0.4717977
39007144,0.27607995,-0.03223848,0.47245637
39024356,0.27985385,-0.032667894,0.46779364
39042300,0.28051528,-0.033601012,0.47461647
39055343,0.27603254,-0.035201583,0.4731757
39069240,0.27323443,-0.03174391,0.4676274
39086303,0.27982488,-0.03487826,0.4730916
39101342,0.27800697,-0.036160756,0.47347385
39116297,0.27744216,-0.029910171,0.4686898
39130698,0.28100157,-0.035682533,0.4744644
39146558,0.2808658,-0.03573413,0.4752521
39162306,0.27910224,-0.031300962,0.47045797
39175443,0.27450916,-0.03410862,0.46877474
39190035,0.27522162,-0.03166286,0.47402817
39205078,0.27797267,-0.03415328,0.47176802
39220335,0.27392146,-0.032770872,0.46885145
39235357,0.27738413,-0.03003599,0.4703147
39250699,0.27383792,-0.031686015,0.47504145
39267176,0.28071228,-0.029840006,0.47383448
39281634,0.27821055,-0.035941675,0.471742
39298397,0.2754505,-0.03115265,0.47520524
39312092,0.2805666,-0.030533183,0.4690206
39329303,0.2805666,-0.030533183,0.4690206
39343006,0.27339348,-0.035863623,0.47048268
39358238,0.27670822,-0.029886574,0.47221574
39373471,0.27781066,-0.034178812,0.47516772
39388872,0.27781066,-0.034178812,0.47516772
39406072,0.27502617,-0.03646611,0.4753914
39420080,0.27566218,-0.030720111,0.47243005
39434072,0.27772078,-0.03770208,0.47485337
39449100,0.27476642,-0.033008236,0.471526
39464717,0.28109565,-0.035303175,0.47220278
39480882,0.27957392,-0.03202682,0.46920106
39495432,0.27905184,-0.033013586,0.4726252
39510336,0.2809516,-0.034103394,0.4712672
39525556,0.27352768,-0.030578151,0.47452995
39541756,0.27493635,-0.03599673,0.4743764
39555610,0.27994636,-0.032960534,0.4696529
39573380,0.27933452,-0.035717685,0.47030577
39587433,0.2742792,-0.036642637,0.4751927
39602092,0.27433446,-0.034550652,0.46962327
39618350,0.27993408,-0.036243107,0.47386333
39632232,0.27567318,-0.033360995,0.47371063
39647725,0.27864242,-0.03122794,0.46918315
39662708,0.28091407,-0.03678403,0.47315437
39679306,0.27955434,-0.035616603,0.474382
39694341,0.27635527,-0.03392166,0.47121584
39708076,0.27991557,-0.03225102,0.47145104
39723260,0.2795909,-0.035049904,0.4740869
39739092,0.2795909,-0.035049904,0.4740869
39754028,0.27405757,-0.033020373,0.4686867
39769113,0.27405757,-0.033020373,0.4686867
39787355,0.2761495,-0.03308543,0.47143382
39799696,0.27477765,-0.03266617,0.46757826
39815606,0.27947974,-0.032277912,0.47205877
39832303,0.2756344,-0.03202066,0.47152382
39846369,0.27357784,-0.035766207,0.4752414
39863324,0.2759024,-0.033508647,0.4706174
39877110,0.27838975,-0.036399435,0.47055152
39894342,0.2803149,-0.03211917,0.47288385
39908114,0.27936932,-0.037360694,0.46939164
39922347,0.27693757,-0.03165449,0.47265327
39938394,0.2735138,-0.035953496,0.46816075
39953375,0.27704588,-0.037715282,0.4710494
39968344,0.27329388,-0.035656635,0.46948275
39983043,0.2748179,-0.037573718,0.46863744
39998440,0.27714017,-0.031033322,0.46887687
40013873,0.27760935,-0.034968197,0.4690674
40027814,0.27760935,-0.034968197,0.4690674
40044131,0.2736766,-0.031804938,0.46897164
40059928,0.2736766,-0.031804938,0.46897164
40074500,0.2752973,-0.034449995,0.47313347
40091307,0.28066492,-0.03395236,0.47254398
40106564,0.27426875,-0.034114536,0.47079572
40120095,0.2762585,-0.033889294,0.47278395
40135852,0.2800763,-0.029880283,0.47104058
40150918,0.2785311,-0.033831563,0.47081563
40167306,0.27887964,-0.030360175,0.47399604
40180864,0.27463466,-0.036766704,0.47505754
40196344,0.27779293,-0.031780224,0.47065187
40211356,0.27850085,-0.036913604,0.4677463
40228354,0.27839112,-0.030001607,0.467529
40240913,0.27576032,-0.03313886,0.47536767
40255759,0.2773632,-0.031002956,0.47216392
40272304,0.27965862,-0.037552007,0.46826738
40287298,0.27961233,-0.035337042,0.4719884
40302338,0.27911237,-0.03364812,0.4703968
40318332,0.2766132,-0.03668777,0.47331446
40333393,0.27964813,-0.03002207,0.46804556
40348145,0.27902904,-0.029910399,0.4722884
40361733,0.2810662,-0.036522377,0.4706369
40377297,0.2748944,-0.037090898,0.47268477
40392108,0.27695847,-0.030222254,0.46804315
40407363,0.27659538,-0.030224118,0.47245863
40424329,0.27576464,-0.037455488,0.47191918
40437650,0.28081334,-0.036630422,0.46847162
40452983,0.2801433,-0.03152451,0.4737474
40470303,0.28105998,-0.029927306,0.4733918
40483205,0.28105998,-0.029927306,0.4733918
40499302,0.2780121,-0.032882825,0.47206077
40513866,0.28082114,-0.03207021,0.4699831
40528873,0.2803653,-0.03125743,0.47110462
40543895,0.2803653,-0.03125743,0.47110462
40559477,0.27363518,-0.036589075,0.47318542
40576317,0.27473217,-0.035188846,0.47113243
40590318,0.27711108,-0.037479687,0.46812847
40606938,0.27598953,-0.032123767,0.4696622
40621449,0.27978006,-0.032983754,0.46782514
40635502,0.27428776,-0.036106717,0.47043976
40652299,0.2778617,-0.0362235,0.4722297
40666839,0.27831018,-0.029984593,0.47465283
40681907,0.27639952,-0.032070845,0.47399575
40698323,0.27589902,-0.037578747,0.47021225
40712604,0.27557886,-0.03484772,0.47283876
40727359,0.27763504,-0.034816336,0.4697561
40743381,0.27459222,-0.031501494,0.47245187
40756861,0.2788209,-0.03453849,0.4702117
40771880,0.27925774,-0.033758532,0.47192737
40787743,0.27395052,-0.03480732,0.47060242
40801812,0.2732798,-0.032609556,0.4746784
40817653,0.27665836,-0.037611276,0.46835744
40832383,0.27838433,-0.033325262,0.47487426
40848004,0.28074858,-0.032244273,0.47402507
40863540,0.2752773,-0.03435202,0.4739171
40879745,0.2752773,-0.03435202,0.4739171
40896303,0.27983657,-0.036337573,0.46924874
40911297,0.27328435,-0.036007993,0.47184741
40926297,0.27910152,-0.031733416,0.47253647
40941342,0.27953228,-0.033266667,0.47536823
40957297,0.27386877,-0.032302383,0.47148734
40972297,0.2803159,-0.03391031,0.4729001
40987472,0.2772488,-0.0331317,0.47118542
41003324,0.27371636,-0.03419388,0.4703248
41017220,0.2803155,-0.031451963,0.4719748
41034303,0.28072837,-0.031932123,0.4751433
41049345,0.28085738,-0.029795807,0.47285172
41065300,0.28085738,-0.029795807,0.47285172
41079260,0.27966663,-0.036136974,0.47357628
41094702,0.2774386,-0.031610206,0.46924493
41111298,0.27775162,-0.034258623,0.46939087
41125639,0.27577192,-0.034607276,0.47429535
41141606,0.28083712,-0.030797943,0.4678428
41155142,0.27843204,-0.036609128,0.47274664
41170516,0.27880502,-0.031157078,0.46921146
41186339,0.27443933,-0.034255803,0.47292608
41202403,0.2801977,-0.03227585,0.47422987
41217025,0.27371424,-0.032591294,0.46845672
41233014,0.28035057,-0.035183385,0.4713244
41248413,0.27485403,-0.03459136,0.47479147
41264308,0.2802695,-0.033535477,0.47110292
41280674,0.2802695,-0.033535477,0.47110292
41296297,0.27641973,-0.030908046,0.46780896
41310312,0.2796264,-0.03523508,0.47065642
41326777,0.2811394,-0.036567934,0.47113723
41340619,0.27502003,-0.030003695,0.47140175
41357303,0.27847916,-0.033683967,0.4681535
41371658,0.27490026,-0.03355603,0.46993908
41387412,0.27544636,-0.034040518,0.46801147
41403077,0.27544236,-0.037083823,0.47074646
41417752,0.2769754,-0.033683937,0.4735131
41432366,0.27768022,-0.035103794,0.47137585
41448623,0.2790188,-0.032827992,0.46789664
41464198,0.2748561,-0.03480472,0.47057185
41480833,0.2748561,-0.03480472,0.47057185
41496305,0.28034228,-0.03251528,0.4699212
41510656,0.27343687,-0.03509649,0.47338188
41525541,0.27778116,-0.031398088,0.4690775
41540771,0.27592087,-0.033923388,0.4718919
41555758,0.2762187,-0.03159418,0.47365075
41571766,0.27727386,-0.03696872,0.46769327
41586482,0.27469355,-0.035764273,0.469271
41602866,0.2762897,-0.032550294,0.4739475
41618330,0.27768466,-0.030027162,0.46938473
41632642,0.27965853,-0.0336719,0.46767583
41647813,0.2769333,-0.0362009,0.4733484
41664298,0.28034776,-0.032864854,0.47412473
41680297,0.28034776,-0.032864854,0.47412473
41694630,0.27800214,-0.034156404,0.47426286
41711304,0.27333817,-0.03582418,0.46934652
41726307,0.27584714,-0.030177234,0.46967155
41740386,0.27748844,-0.029914904,0.4697094
41756340,0.2735805,-0.031786487,0.47205245
41770188,0.2754637,-0.034508128,0.47325513
41786170,0.276854,-0.03593801,0.47300944
41802341,0.28109208,-0.030332856,0.47252896
41816432,0.2787828,-0.033783305,0.47137713
41831293,0.2779204,-0.03447902,0.47277665
41846634,0.2807961,-0.033936556,0.470771
41861543,0.28032213,-0.03690357,0.46833864
41877233,0.27908495,-0.03252854,0.4717953
41892475,0.27815315,-0.03584092,0.47443405
41908494,0.27830806,-0.03130406,0.47309762
41924303,0.2780688,-0.033743937,0.47203374
41939298,0.2767445,-0.03394484,0.47149232
41952748,0.27746534,-0.035426978,0.46918538
41967928,0.27331087,-0.033503894,0.47084194
41983523,0.27593368,-0.031946052,0.47027764
41999393,0.27681014,-0.03318749,0.47191122
42012361,0.2732634,-0.030286038,0.4745299
42028469,0.2784098,-0.031791415,0.4709697
42044341,0.2746537,-0.033940326,0.47462973
42058657,0.2810838,-0.036613513,0.47535324
42075306,0.2810838,-0.036613513,0.47535324
42089209,0.27460128,-0.034629382,0.47177556
42105316,0.2753564,-0.032034233,0.46998715
42120685,0.28037092,-0.034274418,0.47125393
42135011,0.27487576,-0.031435344,0.47501934
42149544,0.2805702,-0.036754176,0.47179568
42166127,0.27798003,-0.0342295,0.46808115
42180341,0.28007603,-0.03204104,0.47028518
42196297,0.27932122,-0.033218313,0.47391087
42210493,0.27474126,-0.034915578,0.47052824
42227303,0.28053614,-0.032905404,0.4679606
42242341,0.28044543,-0.032653455,0.4687787
42257306,0.274703,-0.034723695,0.46924546
42270757,0.28114226,-0.034075502,0.47115618
42287298,0.27565354,-0.034757078,0.47317785
42301270,0.2809758,-0.032946758,0.46948212
42316401,0.27648085,-0.033055563,0.47259846
42333333,0.28069192,-0.03378764,0.46911108
42347082,0.27428713,-0.03133264,0.47435987
42363376,0.2760918,-0.036620036,0.47020704
42376455,0.2803781,-0.031362575,0.47369385
42391586,0.27590084,-0.031281035,0.47486666
42408637,0.28055796,-0.031703286,0.47392064
42422653,0.273282,-0.0331753,0.47287863
42439343,0.27756605,-0.033835962,0.4736017
42452339,0.27382964,-0.03224862,0.47513583
42467824,0.27785394,-0.037417993,0.46750563
42483137,0.27368817,-0.031197453,0.47389087
42498014,0.27967155,-0.037750658,0.47400922
42514135,0.27326873,-0.030254878,0.4741413
42528380,0.27326873,-0.030254878,0.4741413
42545682,0.27613026,-0.032643434,0.47097594
42558486,0.2734419,-0.033503268,0.47368655
42575304,0.27523115,-0.03013728,0.4726566
42589406,0.27523115,-0.03013728,0.4726566
42605008,0.2786448,-0.034235638,0.4685498
42619377,0.27762654,-0.032328777,0.4690851
42635970,0.27927464,-0.035558615,0.47542027
42650514,0.2782934,-0.02986671,0.47346684
42665486,0.27335593,-0.034065403,0.4683465
42682010,0.28006122,-0.034878325,0.47036293
42694836,0.2732797,-0.031016128,0.47344053
42709958,0.27968985,-0.033727363,0.46935868
42726300,0.2787578,-0.03515975,0.4686194
42740389,0.2809725,-0.03708808,0.47190428
42755812,0.27482265,-0.032808136,0.47061983
42771471,0.2748341,-0.035905566,0.4744521
42788325,0.27791685,-0.03159962,0.47277743
42801610,0.2766608,-0.036709692,0.47354484
42817304,0.27620938,-0.037718624,0.4682591
42832389,0.277933,-0.03533191,0.4683181
42848003,0.27731168,-0.03693358,0.47082332
42864309,0.2739977,-0.035590634,0.4753585
42879297,0.27853835,-0.037634633,0.47413504
42893739,0.27853835,-0.037634633,0.47413504
42909332,0.27657685,-0.035797596,0.46829534
42928444,0.28103152,-0.03732739,0.47456446
42939443,0.2789221,-0.037242766,0.4701603
42956302,0.28114873,-0.035430815,0.4750356
42970189,0.27642226,-0.031189296,0.46759042
42987303,0.2752516,-0.036858905,0.47343725
43001514,0.27915707,-0.030807419,0.4729481
43017034,0.2765089,-0.035028115,0.46847397
43032454,0.27938777,-0.030258927,0.4721327
43048198,0.2809044,-0.03532679,0.47508433
43064304,0.27601594,-0.03773289,0.4692298
43079302,0.275766,-0.03174754,0.47385696
43092521,0.28033757,-0.03399496,0.4699761
43108552,0.2771324,-0.03630654,0.47323093
43123609,0.27448773,-0.032014925,0.47183067
43140388,0.27448773,-0.032014925,0.47183067
43153584,0.2753682,-0.031126045,0.47000942
43169842,0.27330574,-0.031485505,0.47233155
43184348,0.274996,-0.037328817,0.47429216
43201150,0.2775707,-0.03546599,0.47029957
43216305,0.27977252,-0.03167204,0.47302833
43229720,0.27993965,-0.035199083,0.47129223
43245817,0.27555704,-0.032426253,0.4730949
43260341,0.2789927,-0.03185605,0.46825325
43275338,0.27855092,-0.0327261,0.47510815
43291242,0.27804327,-0.030064149,0.47407216
43306380,0.2782178,-0.036767844,0.47051546
43320629,0.281161,-0.034837577,0.47369954
43336081,0.2756862,-0.03546241,0.47433913
43351502,0.27938136,-0.037373785,0.4732138
43366920,0.28058627,-0.035465382,0.47210976
43382563,0.2792903,-0.035951287,0.47408327
43399308,0.2803782,-0.033923157,0.46998096
43413907,0.27411067,-0.036307175,0.47112238
43428947,0.27411067,-0.036307175,0.47112238
43444248,0.27818295,-0.035330717,0.47457522
43459497,0.27381334,-0.0369129,0.47210422
43476299,0.2755782,-0.03328596,0.47143474
43489576,0.2784182,-0.033484448,0.47536522
43507303,0.2773916,-0.03365497,0.47163036
43520748,0.27980682,-0.030360876,0.4727476
43536517,0.27769518,-0.031382564,0.4678189
43552158,0.2793799,-0.030259272,0.468536
43567636,0.2805428,-0.03629647,0.46821418
43582842,0.28049996,-0.03641715,0.47168708
43598802,0.27566192,-0.03217917,0.47008774
43614199,0.27566192,-0.03217917,0.47008774
43629316,0.27837518,-0.033953596,0.46942514
43645405,0.27357456,-0.034081314,0.46751153
43659419,0.27608487,-0.037617844,0.47093108
43674866,0.27772176,-0.033833224,0.46941227
43691306,0.27575284,-0.032377135,0.47478122
43706065,0.2779184,-0.035356853,0.46971384
43720491,0.2746573,-0.03362918,0.47193027
43735353,0.27533492,-0.031393543,0.47001842
43752307,0.27573344,-0.030968983,0.4708055
43767083,0.27448732,-0.0354557,0.4678802
43780956,0.28116786,-0.036026534,0.47509754
43795844,0.2755174,-0.033903588,0.4674792
43810801,0.27498573,-0.0345719,0.4751249
43827303,0.27567,-0.03508284,0.4685723
43841487,0.27335563,-0.035066113,0.47367033
43856344,0.2754388,-0.032985985,0.47132185
43871102,0.28059596,-0.030301215,0.47245288
43886911,0.27887475,-0.03393359,0.47336844
43902959,0.27410522,-0.032736573,0.4711013
43919308,0.2746012,-0.03508278,0.4716919
43934308,0.275845,-0.03545214,0.4699998
43949751,0.28119937,-0.033698305,0.46762487
43964280,0.28119937,-0.033698305,0.46762487
43980678,0.27737355,-0.032851838,0.4743814
43994333,0.2761348,-0.030190483,0.46809104
44010246,0.27984658,-0.03422551,0.46891546
44024992,0.27504525,-0.030423062,0.46801123
44040386,0.27627972,-0.030954137,0.47263366
44055715,0.28008437,-0.037575163,0.47049466
44071024,0.2795717,-0.036420207,0.47463286
44088175,0.28009713,-0.036629766,0.46835372
44104237,0.2772115,-0.033119414,0.47477674
44118328,0.2745982,-0.030444182,0.472074
44133329,0.27742583,-0.03218856,0.4732435
44149316,0.27806154,-0.03616604,0.46897537
44164302,0.27789098,-0.030561887,0.46921533
44179300,0.27965057,-0.036191348,0.46767792
44192458,0.27641946,-0.030620819,0.4692506
44208550,0.2771221,-0.034185685,0.47075316
44224386,0.27982056,-0.03267547,0.4723075
44238721,0.27959234,-0.03497226,0.4730261
44253086,0.2779012,-0.037726738,0.46767157
44270314,0.27739966,-0.03368827,0.46967223
44284344,0.27673176,-0.034382228,0.4703835
44299553,0.27673176,-0.034382228,0.4703835
44315186,0.27440298,-0.0349857,0.47296244
44332302,0.28050563,-0.037710316,0.47079316
44346315,0.2789591,-0.032603934,0.46751752
44361826,0.28100225,-0.035806496,0.47066286
44376922,0.2757475,-0.035608083,0.46807843
44392621,0.2732799,-0.037136834,0.4709536
44409081,0.27578574,-0.02997379,0.46953288
44423558,0.27975678,-0.034477998,0.4734298
44439581,0.27975678,-0.034477998,0.4734298
44454502,0.27379975,-0.031706218,0.47359768
44471308,0.2742683,-0.03430129,0.47337157
44485580,0.27594808,-0.0369523,0.4697333
44500728,0.27908084,-0.03208444,0.471858
44516491,0.2794718,-0.03600292,0.46916562
44531617,0.2755835,-0.031773306,0.4688061
44548403,0.27449238,-0.035551097,0.4720802
44562743,0.27679837,-0.032021407,0.47176418
44578351,0.27554747,-0.032968752,0.4705984
44592825,0.28037336,-0.0332983,0.46900254
44612925,0.2787776,-0.036230825,0.47349235
44623654,0.28033778,-0.031384815,0.4703393
44638612,0.28033778,-0.031384815,0.4703393
44654065,0.28081572,-0.037339803,0.47346824
44670221,0.27901983,-0.036244456,0.47470954
44684735,0.2733064,-0.035867717,0.4694064
44700807,0.27757046,-0.034556102,0.46910572
44714905,0.27562138,-0.032963496,0.47300607
44730734,0.27824384,-0.03303661,0.46986753
44747278,0.28003633,-0.033488657,0.47200698
44763449,0.2785022,-0.036532257,0.47002777
44776982,0.2741635,-0.036424823,0.47268116
44795302,0.27792862,-0.031559028,0.47251737
44807907,0.27338576,-0.032498576,0.47174594
44824310,0.2791929,-0.032055516,0.47350913
44838407,0.2758648,-0.037700646,0.46786037
44853760,0.27905175,-0.033277445,0.4684533
44870309,0.28118506,-0.033996053,0.4741394
44884728,0.28118536,-0.0339982,0.47413906
44900273,0.28085846,-0.03641957,0.47270045
44915671,0.27959093,-0.033830307,0.47320482
44931624,0.2732476,-0.0333851,0.47044232
44946553,0.27408338,-0.035210364,0.4725671
44960745,0.28100178,-0.03182842,0.4674944
44975895,0.27819467,-0.035589315,0.4701024
44993329,0.2789946,-0.03287294,0.46926448
45008333,0.27811217,-0.033795517,0.4710845
45021909,0.27831757,-0.033051714,0.46801573
45037587,0.27856615,-0.03308813,0.47530934
45052877,0.27457666,-0.032276742,0.47515044
45068158,0.2742708,-0.037696697,0.46790677
45082774,0.27507013,-0.035938352,0.47529593
45098446,0.2795813,-0.03873285,0.47505507
45116302,0.28068006,-0.03202597,0.47366172
45130289,0.2754302,-0.03730303,0.46816602
45146304,0.27653238,-0.038635768,0.4675715
45160611,0.27882546,-0.039673362,0.47215933
45177311,0.2772068,-0.034426134,0.4741931
45191919,0.2768069,-0.034847062,0.4683726
45207441,0.27810302,-0.03682568,0.47405434
45223329,0.2738847,-0.036272783,0.47504815
45239311,0.27868363,-0.034780044,0.47495654
45254313,0.27901065,-0.0333209,0.4716927
45270143,0.27537525,-0.03411879,0.47165707
45284005,0.27537525,-0.03411879,0.47165707
45300573,0.27603397,-0.037781443,0.46931374
45314775,0.2745922,-0.038445894,0.4752097
45330105,0.276337,-0.035858225,0.47131556
45344411,0.2795217,-0.038039364,0.4684147
45360169,0.27826667,-0.03374507,0.4689476
45377206,0.27826667,-0.03374507,0.4689476
45390595,0.27545726,-0.03967692,0.46796829
45407308,0.27475315,-0.04104751,0.47031027
45420789,0.27840614,-0.039231647,0.47526044
45438344,0.27577198,-0.04155837,0.4693281
45452579,0.27644104,-0.04165483,0.47155765
45469306,0.2718912,-0.03491645,0.47
45482434,0.27207997,-0.040897485,0.4701664
45499304,0.27285206,-0.035587624,0.46964857
45513964,0.27800265,-0.04228938,0.46983203
45527533,0.2776719,-0.037394468,0.4685084
45543908,0.27906576,-0.041462906,0.47113886
45559304,0.27344114,-0.039045546,0.47093448
45573590,0.27624288,-0.041492775,0.46855867
45589135,0.2759912,-0.037238114,0.4757854
45603580,0.2759912,-0.037238114,0.4757854
45619754,0.2781091,-0.04207841,0.4734981
45634768,0.27367517,-0.042070985,0.4731508
45651301,0.2765222,-0.03962239,0.473712
45664207,0.27736834,-0.03696455,0.4762524
45679689,0.27736834,-0.03696455,0.4762524
45694850,0.2776014,-0.037760988,0.47287744
45711342,0.2725822,-0.039678376,0.46985427
45724631,0.27462107,-0.037518788,0.4756299
45740250,0.27307057,-0.04077807,0.469874
45755773,0.27453616,-0.035417955,0.47685078
45772316,0.2753295,-0.035370607,0.47326085
45785638,0.27757823,-0.03734364,0.47515368
45800860,0.27437735,-0.040176455,0.4748278
45816566,0.27728602,-0.039314292,0.47408783
45831840,0.2761234,-0.04114043,0.46924147
45847523,0.2708962,-0.041455004,0.47400084
45862541,0.27777797,-0.040694293,0.47496
45877632,0.27378336,-0.038573235,0.47077316
45892930,0.27576062,-0.03440137,0.4726938
45908753,0.27817094,-0.040842466,0.47345924
45923572,0.27817094,-0.040842466,0.47345924
45940354,0.27787215,-0.033786107,0.47126964
45953686,0.27563322,-0.038853962,0.47267574
45969396,0.27322492,-0.033990458,0.47506213
45985197,0.27726248,-0.04036673,0.47160953
46000526,0.2758312,-0.037650287,0.47087047
46016025,0.27752507,-0.039553244,0.4689221
46033331,0.2710427,-0.034839027,0.47413132
46047245,0.27459875,-0.035673153,0.47248155
46062062,0.27887428,-0.039512612,0.47477204
46078342,0.27162546,-0.03418253,0.4749598
46093359,0.27929226,-0.032694537,0.46884763
46108251,0.27238852,-0.03983885,0.46876413
46123329,0.27297062,-0.036217432,0.46876675
46139302,0.2774922,-0.034787785,0.47085002
46153537,0.27227554,-0.033033073,0.47177202
46168701,0.27227554,-0.033033073,0.47177202
46183408,0.27318725,-0.036299843,0.46842998
46199003,0.27636415,-0.03780233,0.47235483
46215345,0.27364314,-0.03450435,0.47517455
46229596,0.27364314,-0.03450435,0.47517455
46247353,0.27462488,-0.032300595,0.4729738
46262363,0.27518138,-0.033664457,0.4753139
46276780,0.27403203,-0.0343561,0.47000858
46292358,0.2786155,-0.03448372,0.47036275
46307885,0.27631974,-0.037208546,0.47481495
46322515,0.27458745,-0.032238435,0.4723545
46338367,0.27277562,-0.036029305,0.47202486
46352596,0.27302003,-0.039786484,0.47021455
46367547,0.27989718,-0.03585475,0.46952054
46382806,0.27689067,-0.037009165,0.47129205
46397664,0.27312332,-0.0344561,0.47089812
46414346,0.27475607,-0.038718175,0.4751713
46429370,0.27765593,-0.033008587,0.4678848
46443058,0.2761121,-0.032547772,0.47025943
46458553,0.2754264,-0.036463205,0.47256947
46475309,0.2754264,-0.036463205,0.47256947
46489511,0.27396837,-0.03492737,0.4694542
46505313,0.275583,-0.037535958,0.4733269
46520657,0.27655923,-0.039457392,0.47207034
46537309,0.27533054,-0.034049265,0.47303227
46551448,0.27566946,-0.03663802,0.46899977
46566144,0.27651513,-0.03789724,0.4701132
46582638,0.27836668,-0.03410436,0.47269726
46597107,0.27517998,-0.035075944,0.47461537
46612386,0.2799349,-0.03895883,0.46724525
46627805,0.2762709,-0.036816504,0.46756196
46643128,0.27676877,-0.034261234,0.46901584
46658006,0.28086406,-0.036044575,0.4747869
46674302,0.2799435,-0.036299534,0.46975568
46687651,0.28136387,-0.036705874,0.47473568
46704345,0.27605912,-0.03416478,0.47299564
46718141,0.2818179,-0.03410215,0.47116643
46732964,0.28134906,-0.032928634,0.4695097
46749004,0.27646506,-0.035033394,0.46730414
46765060,0.27646506,-0.035033394,0.46730414
46778333,0.2756263,-0.037873577,0.47144803
46793804,0.28120923,-0.031450894,0.46965373
46809055,0.27755845,-0.0392886,0.4680908
46823808,0.27924925,-0.03556376,0.46836677
46838799,0.27535886,-0.03676215,0.47353563
46854406,0.28238174,-0.039192628,0.46918356
46869695,0.28121865,-0.031999424,0.47382998
46885316,0.27946475,-0.0373409,0.46753287
46901082,0.2778096,-0.03219124,0.47197494
46914803,0.27984095,-0.036893893,0.4671319
46931308,0.27713907,-0.03280481,0.46998852
46946342,0.27825633,-0.034641802,0.4722614
46961304,0.2819667,-0.032676395,0.47324783
46975061,0.28110623,-0.031604733,0.4705556
46989563,0.2783946,-0.031051181,0.46869138
47006396,0.27907524,-0.035403803,0.47408837
47019674,0.27938688,-0.033379514,0.46678233
47036310,0.28027952,-0.03267612,0.46913353
47050706,0.28274104,-0.032147698,0.47009903
47067101,0.27529982,-0.038513876,0.47344807
47082543,0.27702785,-0.037575368,0.4721315
47097660,0.27799475,-0.03341049,0.471331
47112821,0.2827215,-0.03186676,0.47209424
47128655,0.28240633,-0.032129314,0.47435814
47144822,0.27679482,-0.035917785,0.47000608
47158576,0.27574545,-0.032910835,0.46937144
47173576,0.27574545,-0.032910835,0.46937144
47188690,0.27917722,-0.038937893,0.46731648
47206306,0.27820712,-0.035331227,0.46780196
47219161,0.27659193,-0.03684746,0.47077715
47234152,0.2818807,-0.033147696,0.4713425
47251303,0.27724656,-0.036535982,0.46866658
47264353,0.28083217,-0.038845714,0.47357818
47281826,0.28008902,-0.03723141,0.4745086
47295163,0.2751435,-0.036375463,0.47305292
47311300,0.28080416,-0.0360202,0.46811968
47328342,0.27569315,-0.032615293,0.47319666
47343352,0.27719724,-0.038018376,0.4669929
47356831,0.27531004,-0.033852614,0.46749297
47373344,0.28216168,-0.03382209,0.46993646
47387649,0.27610907,-0.039044213,0.47385517
47403392,0.2750002,-0.039921973,0.47298643
47417652,0.27484778,-0.038868055,0.46741468
47434309,0.280028,-0.03232194,0.4715496
47448468,0.28228283,-0.03270414,0.47181657
47463615,0.27984992,-0.032923657,0.46689597
47479111,0.28164378,-0.035120055,0.47031417
47493838,0.28164378,-0.035120055,0.47031417
47511078,0.28109583,-0.04016044,0.46655494
47524588,0.27554935,-0.03900718,0.4716235
47539429,0.28251076,-0.03634207,0.47011432
47554429,0.2794019,-0.037387945,0.4690647
47569900,0.2779886,-0.034184232,0.47073305
47586309,0.27635735,-0.033326153,0.46670282
47601307,0.2783233,-0.035827205,0.47389057
47615385,0.274787,-0.035257325,0.47180045
47632346,0.27470064,-0.035456236,0.4708867
47646325,0.27502814,-0.03750077,0.4718571
47661153,0.27519706,-0.03824751,0.47448564
47678348,0.2817033,-0.034495905,0.47199833
47693334,0.2772061,-0.03791732,0.4722303
47708513,0.2787505,-0.03923357,0.4721116
47722642,0.27537897,-0.037097286,0.4724129
47737759,0.27592927,-0.033733953,0.47169337
47754313,0.27488506,-0.03598006,0.46911237
47767650,0.27625704,-0.037420485,0.46994832
47783625,0.28140524,-0.038901433,0.470341
47799410,0.27460903,-0.037783135,0.4680818
47815310,0.27460903,-0.037783135,0.4680818
47829393,0.27939242,-0.039940037,0.47303724
47846308,0.27898905,-0.035706684,0.4714185
47859669,0.27387032,-0.035700817,0.46855804
47874533,0.28020322,-0.038179684,0.47419816
47889570,0.27782053,-0.03585081,0.47474626
47904440,0.2735351,-0.036976364,0.46759596
47919998,0.2750592,-0.036801085,0.47323433
47934648,0.27432138,-0.034844365,0.46951646
47949548,0.2779518,-0.035943057,0.4703744
47966308,0.27898696,-0.033796564,0.46958947
47979838,0.2746862,-0.035061788,0.47509164
47994954,0.27707958,-0.035033103,0.46948108
48010423,0.28077462,-0.03973624,0.4688978
48025603,0.27632168,-0.039904498,0.47022802
48039560,0.28103963,-0.0360287,0.4713061
48056308,0.2794198,-0.037969638,0.4708677
48071344,0.27994782,-0.035233296,0.47151166
48084783,0.2768965,-0.03780719,0.4722754
48102313,0.2797294,-0.037195798,0.47198674
48116289,0.278661,-0.035603814,0.47271532
48133330,0.28001457,-0.04108676,0.4737723
48147442,0.28090057,-0.03530469,0.4683601
48161651,0.28096747,-0.03462471,0.47307044
48177248,0.2747942,-0.036421463,0.47072983
48192854,0.27950075,-0.04083909,0.46830288
48209310,0.27746817,-0.039732113,0.47214288
48225307,0.28062126,-0.0399708,0.4707137
48240343,0.27683622,-0.03589631,0.46928498
48254001,0.27683622,-0.03589631,0.46928498
48269587,0.27514338,-0.038105942,0.47345093
48285310,0.27975163,-0.040831987,0.4688892
48298586,0.2780797,-0.039835002,0.4713132
48313862,0.27402905,-0.034988645,0.46794415
48329753,0.27576604,-0.03944833,0.4735941
48347300,0.27377418,-0.03739338,0.47079134
48360579,0.27688646,-0.04048388,0.46856195
48378339,0.28040248,-0.034347136,0.46960455
48390545,0.279023,-0.040675495,0.474377
48410305,0.27998713,-0.041037366,0.47238895
48420718,0.27496216,-0.03419752,0.46926552
48435962,0.27661645,-0.034276202,0.47381565
48451342,0.27507657,-0.03997097,0.47479224
48467518,0.27567396,-0.033962384,0.4731573
48482884,0.27927503,-0.038437463,0.46895632
48497453,0.2764,-0.034291107,0.47473118
48514348,0.27733475,-0.03845546,0.4735537
48527801,0.27404508,-0.038787838,0.47099307
48543578,0.2779543,-0.03590145,0.4746731
48557967,0.27775106,-0.034040798,0.47579506
48573545,0.27608195,-0.033245485,0.46878663
48590306,0.27682912,-0.035171248,0.4735592
48603778,0.27862787,-0.03415028,0.4752681
48619010,0.27862787,-0.03415028,0.4752681
48634662,0.2790204,-0.040428452,0.474983
48650241,0.2775348,-0.03543589,0.47473982
48665676,0.27340248,-0.039955124,0.47052968
48680798,0.27807707,-0.038991567,0.47409308
48694793,0.27275708,-0.03485966,0.4709016
48709680,0.27266678,-0.036568742,0.4743595
48725583,0.27594316,-0.038654692,0.46893135
48740053,0.27496412,-0.038365964,0.4700476
48755031,0.27420485,-0.0387199,0.47264645
48772315,0.2774088,-0.036601167,0.4708828
48786170,0.27917856,-0.03522746,0.47026414
48803340,0.27728307,-0.035059948,0.4692772
48819315,0.27574217,-0.037834045,0.4755728
48832920,0.27879664,-0.038039498,0.4716892
48848402,0.2782634,-0.033638436,0.47282037
48863039,0.27451226,-0.03514282,0.47114685
48880307,0.27584282,-0.03691345,0.4741342
48893259,0.2730798,-0.0357367,0.4696286
48909209,0.27817175,-0.03760645,0.4709583
48924302,0.27587998,-0.03233701,0.47382256
48939343,0.27834788,-0.03810381,0.47451177
48953038,0.27345034,-0.035598043,0.4688673
48969129,0.27276528,-0.038131937,0.46920285
48983421,0.27930817,-0.03848048,0.47591397
48998103,0.27656442,-0.036785044,0.4698213
49014302,0.2741922,-0.038038947,0.4733722
49028414,0.27361926,-0.033228297,0.47150072
49044973,0.2760482,-0.038695652,0.47565857
49059329,0.273557,-0.035891533,0.47585875
49074796,0.27858725,-0.031612113,0.4746874
49092299,0.27650672,-0.038642474,0.47449803
49107813,0.27844414,-0.03373959,0.4687486
49120954,0.27515242,-0.033334006,0.46927613
49136492,0.27189538,-0.032133956,0.47320843
49153595,0.27641943,-0.036534023,0.47528765
49169302,0.27772218,-0.036656607,0.4705099
49183406,0.2774785,-0.03849868,0.47248793
49200100,0.27528584,-0.03164784,0.46852416
49214773,0.27528584,-0.03164784,0.46852416
49230104,0.27939495,-0.03326122,0.47214758
49246896,0.2737832,-0.03420095,0.47527903
49261054,0.27293444,-0.034576967,0.46927413
49277308,0.2732651,-0.032830123,0.47203428
49292216,0.27850547,-0.03658788,0.47209832
49307367,0.2796978,-0.03432728,0.4741313
49321571,0.2751926,-0.03190665,0.4741943
49335925,0.27767366,-0.03179329,0.47102273
49350755,0.27955773,-0.034836274,0.4722579
49367308,0.27690005,-0.03786802,0.47293562
49381117,0.2769671,-0.037954792,0.47053874
49397303,0.2732537,-0.032045137,0.4702804
49412312,0.27800882,-0.03857088,0.47033083
49425603,0.2742567,-0.037726905,0.46905708
49442044,0.2781441,-0.03401075,0.468936
49455903,0.2781441,-0.03401075,0.468936
49472307,0.27324715,-0.033287086,0.46956617
49488344,0.28024432,-0.03629777,0.4737718
49502607,0.27708125,-0.03368613,0.47436666
49517970,0.2745128,-0.03086876,0.47129995
49533346,0.27778614,-0.034362223,0.47144777
49549056,0.27759388,-0.036921743,0.47020152
49564144,0.2775943,-0.03691742,0.47020158
49579964,0.27491355,-0.037186768,0.47021684
49596308,0.27439013,-0.037263207,0.47217417
49609914,0.27357796,-0.034076765,0.47162938
49625508,0.2786405,-0.037960324,0.4750611
49641078,0.27536365,-0.030222397,0.472398
49657312,0.27922407,-0.031275284,0.46772677
49670848,0.27798373,-0.029988341,0.47097078
49685619,0.274579,-0.03187192,0.4699295
49703380,0.27527663,-0.0312444,0.47524732
49715912,0.2732453,-0.0366264,0.47420457
49732393,0.28009334,-0.033291336,0.4677548
49747343,0.27457288,-0.03555444,0.47402027
49763756,0.28077835,-0.037150346,0.4736674
49778142,0.28024167,-0.03605865,0.4705081
49792952,0.27465835,-0.03732439,0.47314873
49809065,0.28031316,-0.032546893,0.46876
49823167,0.2771302,-0.032503385,0.47073588
49838414,0.27327526,-0.034095433,0.47328037
49853992,0.27763385,-0.036188897,0.4737238
49868468,0.2742919,-0.033962615,0.4691963
49885318,0.27415422,-0.035066664,0.4696147
49898645,0.2770932,-0.03674946,0.47485375
49913927,0.27909636,-0.037194833,0.47399092
49928675,0.27431792,-0.034843385,0.47137153
49945306,0.27936816,-0.03737037,0.47356316
49959694,0.27482104,-0.033354633,0.4745002
49976310,0.27872843,-0.032118358,0.46948585
49990494,0.27405742,-0.034092963,0.47279888
50005981,0.27405742,-0.034092963,0.47279888
50020766,0.2737659,-0.035375103,0.4725985
50035698,0.27474388,-0.036469765,0.47013
50051430,0.2795529,-0.036179774,0.47136548
50066632,0.27402607,-0.032202788,0.4756738
50083354,0.27765605,-0.035159647,0.47197798
50098357,0.27815238,-0.031020662,0.47304696
50111640,0.28019056,-0.032155022,0.47153258
50129307,0.27276772,-0.033381406,0.46841022
50143477,0.27299562,-0.036490656,0.47554418
50158049,0.27796564,-0.036368236,0.47236785
50172910,0.2777719,-0.038511317,0.47276914
50187586,0.27677238,-0.03146272,0.47372246
50204032,0.2791039,-0.036267877,0.47369853
50218602,0.27383342,-0.032564823,0.47546747
50233860,0.27383342,-0.032564823,0.47546747
50249452,0.2734411,-0.031043988,0.4738069
50264052,0.27864033,-0.03434683,0.47446638
50281371,0.27864033,-0.03434683,0.47446638
50294781,0.2730837,-0.038208608,0.47309768
50312302,0.27874568,-0.03690392,0.47521475
50326173,0.27771363,-0.035838325,0.47406703
50340185,0.27280405,-0.03207882,0.47535622
50355003,0.27429914,-0.031109007,0.47591335
50372309,0.27676615,-0.03538102,0.4754405
50385546,0.2728917,-0.03108564,0.46980083
50401678,0.28060326,-0.037323967,0.4741625
50417004,0.27869874,-0.03765969,0.4678327
50432185,0.2768676,-0.037085216,0.46971387
50449308,0.27582398,-0.033327717,0.47564998
50464300,0.27489954,-0.03582192,0.4733237
50479301,0.27455726,-0.032724045,0.47294042
50493200,0.2792887,-0.037732452,0.4693547
50509300,0.27623677,-0.030569049,0.47090432
50524298,0.27518177,-0.03363774,0.4683388
50539337,0.277452,-0.03657033,0.47239277
50553415,0.278009,-0.034145743,0.475265
50569981,0.2795722,-0.03111991,0.47196937
50584534,0.2795722,-0.03111991,0.47196937
50599988,0.27666527,-0.03168626,0.47147283
50614668,0.2751181,-0.03053842,0.4751063
50629679,0.27995715,-0.03368565,0.47175738
50647302,0.2757575,-0.030660575,0.47541165
50661310,0.27493823,-0.034176946,0.4680591
50674605,0.27493104,-0.034178257,0.46806318
50689794,0.2749124,-0.031406324,0.46882826
50706211,0.27980962,-0.034288608,0.4704626
50719938,0.2770763,-0.03134524,0.46804518
50734993,0.27517948,-0.032938097,0.47097686
50750738,0.27934855,-0.031180829,0.4729169
50765798,0.27934855,-0.031180829,0.4729169
50780975,0.2786669,-0.030747317,0.4721579
50797307,0.2751768,-0.030689605,0.4712135
50810992,0.27612814,-0.036732472,0.47228727
50826436,0.27677664,-0.031463288,0.47441253
50843350,0.27813202,-0.03213068,0.47183073
50856304,0.2807127,-0.034578785,0.4738711
50871965,0.27923146,-0.036209095,0.46803316
50888934,0.2801346,-0.03766894,0.46803927
50903346,0.28068247,-0.036695685,0.47047636
50918617,0.27446216,-0.034297276,0.47244546
50935302,0.27503613,-0.035465777,0.4723249
50951309,0.27878672,-0.036266178,0.46817246
50966303,0.27878672,-0.036266178,0.46817246
50981106,0.27743444,-0.033750217,0.47195587
50997388,0.27419257,-0.03273045,0.46927917
51011236,0.2775144,-0.036912777,0.474588
51026337,0.27694058,-0.030086493,0.47290325
51043348,0.27854148,-0.03520996,0.47376615
51057571,0.27436206,-0.036535818,0.46848089
51073767,0.2789003,-0.032114927,0.47265044
51088454,0.27354455,-0.03307542,0.47562525
51104130,0.27354455,-0.03307542,0.47562525
51119149,0.28013584,-0.034475513,0.47003222
51134526,0.27602878,-0.0340613,0.47296575
51149883,0.27602878,-0.0340613,0.47296575
51166952,0.27276143,-0.033293717,0.4719763
51181307,0.27630925,-0.029356759,0.47329712
51195207,0.2766602,-0.029985782,0.4697205
51211314,0.28071395,-0.031001337,0.47541827
51225706,0.28030592,-0.033929914,0.4731024
51241011,0.27722263,-0.029459663,0.4706247
51255433,0.278194,-0.02938309,0.46842167
51270481,0.27443025,-0.035024203,0.46999738
51286403,0.27965397,-0.03498583,0.47299957
51301744,0.27449444,-0.032535993,0.4750163
51317239,0.27751318,-0.029825361,0.46992496
51332127,0.27371716,-0.0305066,0.4734687
51348082,0.27660435,-0.028658217,0.47097692
51363970,0.275603,-0.030912835,0.4706402
51378519,0.27733284,-0.02800791,0.4719774
51393788,0.27835885,-0.030532701,0.47516528
51410805,0.27835885,-0.030532701,0.47516528
51425509,0.28119615,-0.030448446,0.46939087
51442309,0.27463475,-0.03482177,0.4714291
51455405,0.28032625,-0.031634144,0.4700895
51472383,0.27897316,-0.031118093,0.47228435
51487813,0.27906492,-0.033398937,0.4701399
51501788,0.28151265,-0.030354733,0.4687725
51517338,0.27821624,-0.033836197,0.46870595
51532325,0.28144383,-0.033789095,0.47130617
51550302,0.28145948,-0.028820593,0.47109303
51564219,0.2797226,-0.035047896,0.47162074
51579416,0.2797226,-0.035047896,0.47162074
51594435,0.2773159,-0.033341188,0.4683104
51611311,0.27872828,-0.031797297,0.46849662
51624685,0.27533665,-0.029637622,0.4683685
51641049,0.27779981,-0.032723993,0.4719702
51654527,0.2756866,-0.0360334,0.4741798
51670408,0.27438703,-0.031041957,0.47484985
51685385,0.27434364,-0.033030167,0.4671387
51701302,0.27980876,-0.03373253,0.4675488
51716304,0.27511647,-0.03170056,0.46893013
51729550,0.28189105,-0.029492494,0.47115076
51745273,0.2744623,-0.029245552,0.46834192
51760861,0.27567327,-0.032523368,0.46756813
51777298,0.27632952,-0.03405311,0.47105238
51791638,0.2765033,-0.029503195,0.4745096
51807135,0.27494776,-0.030279659,0.46929902
51825386,0.2812272,-0.03736068,0.4742685
51838352,0.2765006,-0.033678368,0.4739655
51852509,0.28049928,-0.035376187,0.46861678
51869070,0.27988598,-0.036794767,0.46818432
51884067,0.27502382,-0.03479141,0.47270525
51900335,0.2763988,-0.029708762,0.4714596
51915975,0.28104118,-0.03623779,0.46878007
51931140,0.28062427,-0.031282246,0.47152433
51947203,0.28084335,-0.029668305,0.47300905
51961049,0.27800888,-0.037162114,0.47035572
51978329,0.28014597,-0.036293563,0.46828175
51991604,0.28055105,-0.033058062,0.4745283
52006993,0.2769141,-0.031096917,0.4741116
52022165,0.27750918,-0.033630904,0.4668584
52039300,0.2787423,-0.032516405,0.46878058
52052677,0.27939847,-0.035779536,0.47210315
52070461,0.28166795,-0.03126097,0.46804962
52085306,0.28166795,-0.03126097,0.46804962
52099598,0.2819845,-0.034264356,0.46697652
52114772,0.28022972,-0.032780018,0.4721615
52129726,0.27817982,-0.031875808,0.47184038
52145870,0.28036457,-0.036427777,0.47424287
52160616,0.27708903,-0.034759082,0.4734604
52178329,0.27652943,-0.03535118,0.4742665
52193328,0.2761558,-0.035210878,0.4746327
52208960,0.27415502,-0.031466372,0.47364816
52224313,0.28167105,-0.030954238,0.47074565
52237906,0.2802742,-0.035583016,0.46829236
52252993,0.2804819,-0.038253494,0.47005638
52270307,0.27912775,-0.035999484,0.47227657
52283555,0.27912775,-0.035999484,0.47227657
52298712,0.28003976,-0.032921225,0.4720917
52314093,0.2802208,-0.036116436,0.4675119
52329508,0.2761747,-0.03801082,0.4698253
52348329,0.2782861,-0.032343652,0.4716745
52361313,0.28146595,-0.032107573,0.4742542
52376300,0.27985242,-0.033573482,0.47407237
52390502,0.27779728,-0.033327915,0.47380587
52405387,0.27542388,-0.031668626,0.46816555
52420774,0.27608508,-0.032718796,0.47022676
52435606,0.27994215,-0.032292783,0.4694235
52450872,0.28032076,-0.03607194,0.46724397
52466496,0.2812404,-0.032973383,0.47069868
52481766,0.2764531,-0.035792552,0.4681699
52498328,0.28224054,-0.038650155,0.4681999
52513335,0.2787965,-0.03709786,0.46693513
52528428,0.27772975,-0.03874705,0.47085494
52543586,0.27557603,-0.038216125,0.47417477
52558795,0.2786096,-0.03599242,0.4669402
52573909,0.27661416,-0.033983875,0.46893957
52591300,0.27661416,-0.033983875,0.46893957
52606301,0.27953961,-0.032555107,0.46915948
52620738,0.277643,-0.03473301,0.47319943
52635867,0.28041136,-0.031957373,0.47099704
52650835,0.27963218,-0.038463302,0.46702176
52669303,0.27924225,-0.03340479,0.47178194
52681841,0.28198233,-0.039034408,0.46839052
52696169,0.28109014,-0.033002514,0.4687137
52712306,0.28061676,-0.03836781,0.46767372
52726178,0.28202617,-0.033096183,0.46897134
52741624,0.27559942,-0.039865237,0.47118664
52756218,0.27812535,-0.03553891,0.4673612
52773345,0.2780111,-0.033616472,0.46931624
52789308,0.2755001,-0.037385203,0.47039422
52804300,0.2796294,-0.039815553,0.46736014
52820386,0.27868515,-0.039422616,0.4701486
52833698,0.27526432,-0.036255177,0.46940878
52849639,0.27526432,-0.036255177,0.46940878
52866307,0.27523103,-0.03331215,0.4747877
52881302,0.27981693,-0.03698049,0.47482535
52894797,0.27596328,-0.039149493,0.47094887
52909785,0.28011727,-0.03619044,0.47068545
52925772,0.27465108,-0.034166332,0.46980798
52942307,0.2753618,-0.03793833,0.4737047
52956008,0.27405939,-0.038972065,0.46975935
52972302,0.27272263,-0.034214176,0.47252452
52986823,0.27721044,-0.033629443,0.4718554
53003440,0.27485707,-0.033787955,0.4701845
53017583,0.27287453,-0.035026934,0.46954292
53032493,0.27779263,-0.032858714,0.46881342
53049162,0.27779263,-0.032858714,0.46881342
53063351,0.27797514,-0.03276933,0.4719619
53079302,0.27276188,-0.038385794,0.47551468
53095386,0.2728096,-0.034447197,0.47081447
53108326,0.27713993,-0.031548247,0.47203076
53123196,0.27366492,-0.031511154,0.4689647
53139330,0.27523848,-0.03585529,0.47018397
53153585,0.27298707,-0.038427573,0.47518918
53168654,0.2750936,-0.032940507,0.47021922
53185620,0.2750936,-0.032940507,0.47021922
53200307,0.27409855,-0.03761005,0.4684866
53214687,0.27548513,-0.03625056,0.4715739
53230936,0.2786455,-0.03706422,0.47048125
53246304,0.27554855,-0.036272608,0.47504848
53261383,0.27628085,-0.031143742,0.4711565
53276119,0.27496728,-0.034552637,0.47520474
53289768,0.27310383,-0.03523316,0.4744948
53304715,0.27976376,-0.03500023,0.4684998
53319684,0.27381498,-0.0326229,0.47220677
53334935,0.27419195,-0.035746038,0.47541222
53350757,0.27707595,-0.034032375,0.46866888
53365896,0.27173555,-0.035915066,0.4687188
53380913,0.27662584,-0.03907779,0.4747193
53397300,0.27238858,-0.032182775,0.47211614
53412308,0.27365944,-0.035198838,0.47111097
53426086,0.27154043,-0.03536893,0.47630253
53443333,0.27299383,-0.032358833,0.4704697
53457503,0.27791965,-0.03361935,0.47570303
53472923,0.27742544,-0.031397503,0.4703784
53489570,0.27167672,-0.038798437,0.47315162
53503577,0.27656958,-0.038388226,0.47148067
53518778,0.27656958,-0.038388226,0.47148067
53535308,0.27849188,-0.035919037,0.4740066
53550068,0.27535513,-0.037632897,0.4701877
53568354,0.27374232,-0.03223455,0.46912012
53582302,0.27248484,-0.034303255,0.46852833
53595393,0.27946398,-0.030967876,0.4699774
53610233,0.27371693,-0.033100225,0.47182694
53625615,0.27814984,-0.031831786,0.47580445
53642308,0.27182508,-0.031224119,0.47249842
53657303,0.279326,-0.03204307,0.47619
53670600,0.2744164,-0.038086038,0.47121084
53686607,0.2771759,-0.033289075,0.4759459
53703650,0.276033,-0.030903064,0.47433826
53716785,0.2779634,-0.031068467,0.47250998
53733328,0.2742284,-0.03218236,0.47326452
53748261,0.27567816,-0.03535328,0.47274485
53761809,0.2735534,-0.033878792,0.46844563
53780309,0.27357462,-0.0350777,0.4755952
53793212,0.2724915,-0.03808127,0.4690725
53807990,0.27273536,-0.034628645,0.4731567
53823476,0.27332807,-0.036859296,0.47359467
53840411,0.27710062,-0.032768417,0.47124857
53854343,0.27710062,-0.032768417,0.47124857
53869675,0.2739067,-0.037943088,0.4719715
53886408,0.27548757,-0.03145846,0.47302595
53901711,0.27881846,-0.03589389,0.4693206
53916071,0.27287826,-0.031722914,0.47220606
53931865,0.27906603,-0.032598626,0.47330838
53946224,0.27729893,-0.032412257,0.47446483
53960987,0.27269307,-0.031127661,0.46942043
53978437,0.27444294,-0.03253504,0.47144753
53991557,0.27788103,-0.035440244,0.47444594
54009308,0.2735074,-0.034578007,0.4727236
54022884,0.2727064,-0.033990018,0.46886632
54039309,0.27963638,-0.032293744,0.4743328
54054300,0.27389747,-0.035699,0.46873426
54070307,0.2753108,-0.036703087,0.47308555
54082902,0.27951118,-0.037584737,0.470332
54098007,0.2760167,-0.035331037,0.46804813
54113566,0.27571505,-0.031976435,0.47076267
54128685,0.27298233,-0.034015726,0.47228637
54146308,0.27384716,-0.03196724,0.47354507
54159638,0.27384716,-0.03196724,0.47354507
54176386,0.27750203,-0.03467844,0.4697877
54191126,0.2756239,-0.03345618,0.47244525
54208350,0.27511367,-0.03264688,0.4746636
54220656,0.2765469,-0.030622805,0.46944696
54235923,0.27348277,-0.03402363,0.47418755
54251684,0.2785636,-0.031312052,0.47506565
54268245,0.2765916,-0.030370496,0.46916434
54282228,0.28009123,-0.03432515,0.47459704
54296770,0.27350432,-0.030945476,0.47067764
54312129,0.28021264,-0.036349695,0.47484377
54328227,0.27939314,-0.0345993,0.47453567
54342950,0.28020445,-0.03631852,0.47445726
54358962,0.27512434,-0.032297768,0.47295138
54374362,0.2795271,-0.03232765,0.47480625
54388421,0.2772389,-0.032715406,0.47488022
54405468,0.27326298,-0.036977082,0.4746112
54419613,0.27326298,-0.036977082,0.4746112
54436310,0.2731306,-0.034187797,0.4746119
54450991,0.27347025,-0.03533203,0.47556877
54465435,0.27636522,-0.038084265,0.47452918
54481674,0.27322155,-0.03325497,0.47475964
54495539,0.27290198,-0.033423614,0.46950096
54512308,0.27925295,-0.034683786,0.47311193
54526244,0.27497646,-0.031787995,0.47093317
54543332,0.27496353,-0.035012435,0.46930137
54557362,0.2727337,-0.03434017,0.47377092
54572608,0.27421618,-0.037085913,0.47443283
54589012,0.27313265,-0.038299832,0.4732641
54603473,0.2737664,-0.03955099,0.4701799
54619079,0.27826893,-0.032113735,0.46853557
54634935,0.277643,-0.03233336,0.4728521
54649924,0.277643,-0.03233336,0.4728521
54665523,0.27719262,-0.032838557,0.46822456
54682378,0.27829298,-0.040188555,0.4707833
54697503,0.27410242,-0.03770644,0.4739638
54712092,0.27970293,-0.038243122,0.4724942
54730302,0.27679357,-0.03583228,0.46861437
54743329,0.2800733,-0.0370145,0.46985275
54757719,0.27798608,-0.039900985,0.47029606
54773192,0.27717015,-0.034976732,0.47474965
54788830,0.27993992,-0.040002074,0.47026908
54804360,0.27993992,-0.040002074,0.47026908
54820026,0.27787846,-0.03822404,0.47308734
54835003,0.27783242,-0.037057515,0.47051686
54851314,0.2768701,-0.03669366,0.47522593
54867308,0.2760621,-0.03497702,0.46819347
54880812,0.27346757,-0.036166675,0.47506163
54897306,0.27664912,-0.036109854,0.47370446
54911090,0.27433345,-0.04055797,0.47548547
54928332,0.27281696,-0.03663241,0.4695305
54940809,0.27979785,-0.0335206,0.46836713
54958329,0.27609667,-0.03914002,0.472521
54971556,0.27746496,-0.03348468,0.46971175
54987238,0.27660322,-0.03888997,0.47118676
55003448,0.27654892,-0.03655803,0.47191808
55019305,0.2740387,-0.040966146,0.4683857
55034308,0.27731714,-0.03736665,0.46778062
55048635,0.27696535,-0.037033502,0.46935275
55062831,0.28052852,-0.034230098,0.46906146
55079306,0.27918333,-0.033917785,0.4709212
55093192,0.27697143,-0.039670017,0.4705477
55108941,0.27871522,-0.03335057,0.4710287
55124360,0.27871522,-0.03335057,0.4710287
55139519,0.27961752,-0.03900047,0.47161815
55154576,0.27629736,-0.036797516,0.4697845
55169415,0.2776036,-0.03738431,0.4742789
55187305,0.2776036,-0.03738431,0.4742789
55202674,0.27697086,-0.036283012,0.47262967
55215744,0.276138,-0.037100993,0.47213042
55231004,0.28090388,-0.037557736,0.47141868
55248114,0.27390915,-0.03959801,0.47098243
55263332,0.27842146,-0.03611906,0.46804318
55277285,0.27750388,-0.036460746,0.4690516
55292478,0.27873376,-0.04089094,0.4741385
55307669,0.27422202,-0.03422351,0.47168565
55322701,0.27956012,-0.037752777,0.46740088
55341304,0.27363354,-0.039149832,0.47374895
55353097,0.28015634,-0.041146506,0.47374123
55370386,0.27733293,-0.03771258,0.46998197
55384534,0.27646002,-0.041449558,0.46711525
55401310,0.2760431,-0.039980043,0.4729249
55415927,0.27581125,-0.037557054,0.47287077
55432022,0.2777843,-0.040473413,0.4690188
55447591,0.27590397,-0.036158945,0.46925476
55462302,0.28085968,-0.035519604,0.46718818
55478333,0.28203768,-0.034654547,0.4689099
55491988,0.27707416,-0.038828153,0.47209078
55509309,0.2797985,-0.040672895,0.4738649
55522421,0.28214768,-0.03411318,0.4728896
55536945,0.27655095,-0.041254357,0.4713505
55552261,0.2798469,-0.038953446,0.4710122
55567680,0.2760509,-0.034239218,0.4680011
55582368,0.27517456,-0.03758497,0.47093976
55598055,0.27535295,-0.0348963,0.47004783
55613390,0.276946,-0.038568772,0.47318274
55627924,0.28142413,-0.038513698,0.47246194
55643583,0.27474612,-0.034198936,0.4714018
55658661,0.27686995,-0.03678673,0.47064796
55673882,0.28176957,-0.037465356,0.46681213
55689856,0.28176957,-0.037465356,0.46681213
55706148,0.27624664,-0.03544036,0.4735911
55720289,0.27551404,-0.03517738,0.47211018
55735704,0.27829507,-0.039896056,0.4705324
55750515,0.27790704,-0.03941757,0.46863154
55767629,0.27843136,-0.040051594,0.46971318
55782334,0.2817551,-0.040244482,0.46735522
55798332,0.27786326,-0.034572642,0.47420722
55812187,0.2822765,-0.0349013,0.47321028
55828135,0.2776538,-0.033612568,0.4673642
55843748,0.2802826,-0.035664696,0.47147548
55858133,0.27653125,-0.0394045,0.46916047
55874302,0.27977678,-0.04098502,0.47074282
55888708,0.27678156,-0.04074244,0.47234118
55903919,0.27516595,-0.041117713,0.47090036
55920492,0.27516595,-0.041117713,0.47090036
55934822,0.27967766,-0.037247386,0.4724694
55950082,0.28047612,-0.037073556,0.47031868
55965710,0.27575228,-0.038101476,0.47111607
55982308,0.27925643,-0.035650138,0.4725423
55997302,0.2753523,-0.03384858,0.47325936
56011418,0.27489012,-0.03979846,0.47205108
56028355,0.2755895,-0.03851313,0.4698198
56041988,0.2800548,-0.0390318,0.4739636
56056547,0.28161904,-0.034183238,0.47011104
56071536,0.27794588,-0.038030893,0.4735815
56086300,0.28147903,-0.03790194,0.46882072
56101557,0.27756727,-0.033403784,0.47369653
56117342,0.28150028,-0.033911612,0.46704456
56134310,0.27777666,-0.03703068,0.47412166
56148138,0.27817816,-0.032841597,0.4735168
56163238,0.2751691,-0.035848707,0.4665015
56178148,0.27609277,-0.034635596,0.4717692
56194343,0.27937615,-0.036427844,0.46693555
56209520,0.28250393,-0.034823623,0.47032312
56225309,0.28194222,-0.036790807,0.46893683
56238792,0.27786508,-0.036098987,0.47003582
56253887,0.27786508,-0.036098987,0.47003582
56270024,0.27746296,-0.036330223,0.47152868
56284064,0.27710807,-0.0378499,0.46703318
56301337,0.2756554,-0.039200377,0.4711151
56315099,0.2767298,-0.032350544,0.46917674
56330834,0.2816289,-0.03417348,0.46775118
56346151,0.27440897,-0.036624197,0.4683466
56360467,0.2804936,-0.037713557,0.47016084
56377011,0.2793003,-0.037334643,0.46699187
56391307,0.27763456,-0.032281112,0.46992335
56408328,0.2800665,-0.033876,0.47457272
56422631,0.2755119,-0.03108107,0.4737699
56438336,0.27680397,-0.038410977,0.47229862
56454310,0.28068674,-0.03496241,0.47267568
56469136,0.27403843,-0.03643275,0.4676519
56483687,0.27708414,-0.035290055,0.46907297
56498397,0.2774964,-0.03663011,0.46850622
56517310,0.2753717,-0.033837013,0.46883032
56529592,0.2753717,-0.033837013,0.46883032
56545502,0.27543625,-0.038493082,0.4689702
56560042,0.27600345,-0.034813613,0.47430107
56577307,0.28054914,-0.035199095,0.47304323
56590914,0.27410862,-0.037472546,0.46818358
56607555,0.28128603,-0.03764113,0.4694165
56621168,0.2794803,-0.031361848,0.47284743
56638338,0.27948266,-0.036824938,0.47394508
56651831,0.27453828,-0.035239603,0.47314128
56667614,0.2794777,-0.037715647,0.47005162
56682087,0.27882844,-0.03573378,0.47420472
56698029,0.27834204,-0.03072478,0.47080594
56712777,0.2770983,-0.034491718,0.46880972
56726582,0.27780944,-0.03703672,0.46773595
56743335,0.27780944,-0.03703672,0.46773595
56758338,0.2774143,-0.03571347,0.46725607
56772509,0.27956128,-0.036119953,0.47070977
56787085,0.2747852,-0.033760533,0.47384825
56802069,0.27913627,-0.031858098,0.47245654
56817815,0.27940524,-0.037612896,0.47142473
56832955,0.2786636,-0.031420678,0.47509333
56848889,0.28020737,-0.038413145,0.47443122
56863160,0.27392262,-0.031684782,0.47154465
56878172,0.27919668,-0.031040749,0.4751935
56893190,0.2751163,-0.032615207,0.47363195
56908733,0.27879235,-0.03368632,0.46865246
56923000,0.2797861,-0.03539777,0.47237316
56937518,0.27591896,-0.03466472,0.467791
56952909,0.28060362,-0.030643433,0.4749176
56970315,0.27854973,-0.030874444,0.47460517
56984979,0.27400976,-0.03290742,0.46956968
57000297,0.27400976,-0.03290742,0.46956968
57015000,0.276903,-0.031811103,0.46790555
57030169,0.2790685,-0.033704795,0.4689184
57045645,0.2751395,-0.035941597,0.4716991
57060885,0.27651843,-0.0354234,0.46934426
57077317,0.273911,-0.035883117,0.46776778
57092071,0.27407622,-0.03794623,0.4702573
57107365,0.27574542,-0.03479377,0.47454023
57122592,0.27455413,-0.031152224,0.4725812
57139300,0.28098768,-0.038183805,0.4740882
57154310,0.27910423,-0.035967596,0.4704074
57169185,0.2780029,-0.031209853,0.47300282
57185310,0.27442595,-0.030938096,0.46996728
57198761,0.2770225,-0.03490907,0.47034052
57216310,0.2770225,-0.03490907,0.47034052
57229897,0.2747598,-0.03809575,0.4674463
57245420,0.27725652,-0.03355629,0.4680789
57260810,0.27331328,-0.03489492,0.47450662
57275455,0.2736281,-0.035177454,0.47327465
57290938,0.28003606,-0.035680298,0.46837917
57309308,0.27388728,-0.03578768,0.47524348
57321596,0.27877465,-0.03460283,0.47063535
57337246,0.2749872,-0.03464148,0.47043034
57351646,0.27619308,-0.038013726,0.47175896
57366967,0.27619308,-0.038013726,0.47175896
57382346,0.27843624,-0.03174696,0.47515926
57398085,0.27484244,-0.03809684,0.47393128
57415309,0.27497634,-0.03780452,0.4733029
57428547,0.27679574,-0.03275291,0.47269076
57443558,0.27321827,-0.03498877,0.4680682
57458475,0.27913025,-0.03469301,0.4743619
57475308,0.27683926,-0.03292126,0.47040856
57488919,0.27683926,-0.03292126,0.47040856
57505905,0.27755675,-0.03615487,0.47329667
57519900,0.27892,-0.0326079,0.4701532
57536343,0.27588868,-0.037922315,0.4692407
57550642,0.2783596,-0.034598693,0.46916038
57568334,0.27892634,-0.036927015,0.46874237
57581538,0.27343103,-0.03392125,0.4729307
57596196,0.27357936,-0.031836852,0.4748703
57613348,0.2723716,-0.030977836,0.4732882
57628345,0.2779121,-0.034117527,0.47010368
57643747,0.27164164,-0.036676235,0.47602186
57657881,0.27839726,-0.030968988,0.4733827
57673192,0.2743319,-0.03303011,0.47509873
57689025,0.27805063,-0.036174428,0.47055167
57704822,0.27805063,-0.036174428,0.47055167
57722302,0.27586353,-0.03718449,0.4736632
57735350,0.27509058,-0.037539613,0.47347403
57752313,0.27409458,-0.03725417,0.46904585
57765692,0.27758786,-0.034057755,0.47627187
57782304,0.27326182,-0.03411958,0.47147587
57796492,0.2781446,-0.037283625,0.46945477
57814302,0.2773564,-0.03510106,0.4732081
57828475,0.27209342,-0.036521718,0.47138524
57842293,0.27259454,-0.032874584,0.4711201
57857618,0.27482316,-0.037086703,0.47422284
57872527,0.27201715,-0.035641335,0.47297636
57888568,0.27389282,-0.034994286,0.47621918
57904300,0.27850032,-0.032525856,0.47220477
57920387,0.27388555,-0.03165672,0.47169992
57933115,0.2760958,-0.03437715,0.4709465
57950302,0.27760783,-0.03299964,0.4744743
57964394,0.27466607,-0.038203515,0.47092354
57979026,0.27466607,-0.038203515,0.47092354
57995305,0.278155,-0.03469282,0.46914598
58009777,0.278155,-0.03469282,0.46914598
58024764,0.27082223,-0.033953138,0.4765431
58042383,0.27472103,-0.038685188,0.46941373
58057320,0.27151817,-0.03381242,0.47108093
58070965,0.27371293,-0.032887716,0.4729978
58086344,0.2753898,-0.033307284,0.47565216
58103354,0.2705974,-0.03768551,0.47200555
58117033,0.27433217,-0.038361665,0.47662792
58133343,0.27821317,-0.03713412,0.4712276
58148103,0.2781859,-0.037662193,0.47330025
58163128,0.27678186,-0.031396374,0.47326475
58179463,0.27809766,-0.039031666,0.47272196
58193982,0.27412337,-0.031997412,0.47376755
58211308,0.27412337,-0.031997412,0.47376755
58227302,0.27273905,-0.032136567,0.47286353
58239969,0.27379978,-0.035439596,0.47055426
58256308,0.27745974,-0.03432686,0.4693223
58271302,0.27364653,-0.035395496,0.47414693
58285491,0.2712736,-0.03324725,0.4725816
58300641,0.2721965,-0.031962488,0.4762837
58315810,0.27176598,-0.03135729,0.47604877
58332302,0.27499413,-0.035813775,0.4690504
58347301,0.2708312,-0.035168488,0.47413418
58360939,0.27781776,-0.035344075,0.47063872
58377307,0.27712122,-0.038161166,0.47227022
58392303,0.27385208,-0.03807883,0.4759549
58406617,0.27633592,-0.03791768,0.4758147
58422303,0.27767017,-0.034759317,0.4727272
58436219,0.27119675,-0.03514454,0.47651726
58451494,0.27377927,-0.032875232,0.47479895
58469300,0.27749494,-0.033121627,0.47077
58482656,0.27412564,-0.036539357,0.47491115
58497244,0.27854753,-0.038320012,0.4754033
58513799,0.27388617,-0.0344597,0.47173265
58528866,0.2765342,-0.03290373,0.46917325
58543357,0.27164966,-0.035029348,0.47311985
58560308,0.2786079,-0.032525845,0.46846554
58575464,0.27318048,-0.03850712,0.4761291
58589720,0.27318048,-0.03850712,0.4761291
58606310,0.27536234,-0.038016256,0.47558966
58620900,0.27536643,-0.038011033,0.47558767
58635802,0.27481306,-0.035814665,0.4752326
58650425,0.2750005,-0.037627693,0.47159842
58666523,0.2718689,-0.031299513,0.47001028
58681469,0.27759582,-0.03482479,0.4697037
58697308,0.27881816,-0.033221584,0.46896142
58712304,0.27329817,-0.0324016,0.47583187
58728754,0.2732536,-0.03225814,0.47586587
58743378,0.2726957,-0.035965152,0.4693027
58757517,0.273104,-0.03472148,0.47045696
58773146,0.27931163,-0.03349227,0.46842015
58788821,0.2802607,-0.037427973,0.47040728
58804083,0.27820006,-0.03268761,0.46992847
58818886,0.2729473,-0.037635103,0.47061008
58834411,0.2729473,-0.037635103,0.47061008
58850225,0.2776676,-0.037863716,0.47372973
58865063,0.2771114,-0.036816604,0.47684816
58880249,0.26650095,-0.044186387,0.47274488
58894721,0.25999123,-0.046327908,0.48283198
58910057,0.25999123,-0.046327908,0.48283198
58925157,0.24642785,-0.061672606,0.48895597
58940592,0.23628885,-0.06912221,0.4924798
58956008,0.22071825,-0.07728656,0.49438703
58972386,0.21487603,-0.087911725,0.49794754
58986627,0.20129484,-0.0952002,0.4972623
59003337,0.19091837,-0.1030859,0.50682443
59016887,0.17565058,-0.11271262,0.50431424
59033355,0.16751237,-0.1196782,0.5114497
59049334,0.15980206,-0.1317024,0.50946295
59062244,0.14769013,-0.13739038,0.5076127
59078326,0.14383493,-0.15043147,0.5119207
59092935,0.13110866,-0.15767868,0.5038929
59108843,0.1302094,-0.17456092,0.50450724
59123388,0.12223604,-0.18289542,0.50372607
59139515,0.11446658,-0.1986,0.4962748
59153027,0.113126144,-0.2122343,0.49487096
59168076,0.10826553,-0.2241899,0.4834567
59183937,0.10842704,-0.24198188,0.47788543
59198554,0.1054345,-0.25188237,0.47318658
59214284,0.10107234,-0.27463803,0.4686085
59233080,0.1024159,-0.28557616,0.45384556
59244848,0.1024159,-0.28557616,0.45384556
59260025,0.0994115,-0.3016306,0.44863778
59275973,0.096957125,-0.338673,0.42343143
59290419,0.102656014,-0.34678513,0.41133976
59305251,0.102798976,-0.36641377,0.39908886
59321302,0.10326982,-0.38157368,0.38272902
59336308,0.09904426,-0.39024186,0.3688652
59349945,0.10158221,-0.4056728,0.34847936
59365572,0.10866741,-0.42294216,0.3325142
59382311,0.10670859,-0.434638,0.31939262
59397302,0.10992641,-0.44368237,0.29868695
59412300,0.11430407,-0.45265526,0.27968353
59426911,0.11781074,-0.4677287,0.2657442
59444309,0.12475248,-0.47161475,0.24837968
59457484,0.12530644,-0.48066038,0.22785011
59472720,0.1306988,-0.49087614,0.20770699
59487759,0.13235973,-0.49563974,0.1876587
59503466,0.13862984,-0.50051904,0.17536458
59518391,0.13638411,-0.505184,0.1525726
59534150,0.1410972,-0.5148098,0.13871013
59549992,0.1410972,-0.5148098,0.13871013
59568350,0.15193461,-0.5173783,0.097490534
59581550,0.15473539,-0.5198683,0.08600898
59598326,0.15931708,-0.5210474,0.0695005
59612273,0.16470324,-0.5221212,0.056795
59627921,0.17013158,-0.5200017,0.040425483
59644101,0.1784398,-0.52019614,0.028259479
59659573,0.17758192,-0.5155843,0.021400537
59675087,0.17758192,-0.5155843,0.021400537
59690160,0.1930766,-0.5121167,0.0050373883
59706329,0.19623551,-0.51149714,-0.008319016
59719959,0.19788493,-0.5108018,-0.008843941
59739308,0.20230123,-0.5052741,-0.010098988
59750011,0.20413795,-0.5097438,-0.011710395
59765616,0.21090777,-0.5029281,-0.016058933
59780289,0.21724701,-0.50026476,-0.016052868
59794786,0.22034419,-0.49911526,-0.0070724552
59811302,0.22681719,-0.5014454,0.0008115622
59825874,0.23105314,-0.5020644,0.0071510044
59841733,0.23168294,-0.4927416,0.016631104
59856396,0.2391347,-0.49109226,0.025293238
59873354,0.23985541,-0.48922366,0.045489877
59888612,0.24538484,-0.4867819,0.05716904
59902583,0.24868678,-0.48243344,0.07823719
59920302,0.25360712,-0.47552323,0.09775121
59933546,0.25762144,-0.47114035,0.12207148
59949454,0.26204947,-0.46255952,0.14308761
59966301,0.26204947,-0.46255952,0.14308761
59981717,0.26578423,-0.44806468,0.16761717
59996041,0.27401987,-0.42768377,0.20924968
60011505,0.28079465,-0.40937695,0.23366489
60028337,0.28285763,-0.39162916,0.25776258
60042396,0.28221846,-0.3782959,0.27304056
60056147,0.28605568,-0.36141592,0.2947961
60071093,0.2842361,-0.34722358,0.3127463
60086353,0.29109362,-0.32873118,0.33301988
60103328,0.28904125,-0.30272406,0.35043845
60116154,0.28681877,-0.281111,0.37075308
60132396,0.28847018,-0.25890014,0.37988913
60148332,0.28991982,-0.24326745,0.39926755
60162210,0.2847232,-0.21359625,0.4105684
60178355,0.28302684,-0.19263266,0.42143574
60194306,0.2809363,-0.16501199,0.43354374
60210308,0.2843237,-0.14469723,0.45024356
60223166,0.2818479,-0.11527043,0.4559684
60240306,0.27788642,-0.093972504,0.4651025
60254308,0.2730661,-0.07071471,0.46724546
60269036,0.26546198,-0.044043407,0.47519884
60282714,0.2650822,-0.023948161,0.48130533
60298954,0.25757682,-0.00493453,0.4825731
60313873,0.256341,0.010220535,0.48367637
60328801,0.256341,0.010220535,0.48367637
60346316,0.24483,0.046028577,0.49065349
60359919,0.24483,0.046028577,0.49065349
60375788,0.23640667,0.057185244,0.48934537
60390827,0.2282857,0.06839256,0.49496847
60407785,0.22108349,0.06973644,0.49865103
60421226,0.2177198,0.07795754,0.5007602
60436390,0.2103507,0.07603227,0.501622
60451543,0.20319809,0.08541173,0.50336814
60466459,0.19571617,0.08439914,0.5064708
60483356,0.19082327,0.08925436,0.5088212
60498354,0.18340376,0.084391855,0.51080453
60513504,0.18167351,0.08823449,0.50713456
60528079,0.17515804,0.08773434,0.50816613
60544039,0.17352076,0.091189794,0.5090571
60560308,0.16723374,0.09085012,0.5145408
60574857,0.16294593,0.093728825,0.51292694
60589939,0.16294593,0.093728825,0.51292694
60605464,0.16256684,0.094967574,0.51621026
60620091,0.16135663,0.09224714,0.51466745
60635310,0.15299842,0.09491959,0.51718235
60650836,0.15581249,0.09272176,0.52035636
60665574,0.15053283,0.09591812,0.5205602
60680502,0.15215807,0.0995544,0.5165385
60695134,0.15089847,0.09928944,0.51681465
60712308,0.14879276,0.102338955,0.518391
60725834,0.14378352,0.09782169,0.5150732
60741222,0.14714397,0.104469895,0.5153315
60756034,0.14130446,0.106962465,0.517588
60771504,0.14113493,0.106435515,0.51801425
60789302,0.14071377,0.11456058,0.5186263
60802329,0.13748655,0.11279563,0.51343375
60817774,0.13806932,0.11890743,0.51285976
60832990,0.14127217,0.12090404,0.51308227
60848888,0.13680196,0.12295707,0.5159907
60863609,0.14361794,0.12813386,0.51406217
60879226,0.14276926,0.13243298,0.51536274
60894219,0.14276926,0.13243298,0.51536274
60910138,0.1409496,0.14286543,0.51284295
60925141,0.1432031,0.14624782,0.5049869
60940182,0.14120913,0.1474738,0.5078999
60957302,0.14553584,0.15384522,0.5054022
60971392,0.14051838,0.15175052,0.5062811
60986153,0.14764233,0.15600683,0.50463426
61002305,0.14436463,0.15620457,0.5046551
61018364,0.14426787,0.16030967,0.50122845
61032394,0.14642382,0.16449033,0.5005287
61048167,0.14488982,0.16240159,0.50180084
61063037,0.1507264,0.16536115,0.4999173
61077372,0.15119436,0.16607185,0.49856278
61094304,0.15089716,0.16936734,0.4961737
61114307,0.14559868,0.16976395,0.49845666
61126459,0.15141568,0.17031038,0.49653134
61140320,0.15141568,0.17031038,0.49653134
61153260,0.1485405,0.17494562,0.49656448
61170308,0.14928183,0.17650469,0.49756178
61183745,0.1489079,0.18118566,0.4918939
61200079,0.15189342,0.18373875,0.49763444
61214820,0.15189342,0.18373875,0.49763444
61230144,0.15049501,0.17837295,0.4951597
61248010,0.1489486,0.18093798,0.49237025
61261718,0.15429766,0.1840977,0.4942199
61276324,0.15181409,0.18609548,0.49041095
61292581,0.15422004,0.18840212,0.4889036
61308353,0.15401492,0.19092056,0.49228895
61323354,0.15304941,0.19157758,0.48898622
61339300,0.15310027,0.1908571,0.4922135
61351696,0.15604195,0.19602482,0.49239773
61368336,0.15565243,0.18974492,0.48893264
61382030,0.1560317,0.19665042,0.48507494
61397459,0.15472183,0.19415559,0.4843798
61412796,0.15828139,0.19477507,0.48892385
61428342,0.15828139,0.19477507,0.48892385
61444385,0.15888548,0.20037141,0.48768142
61458093,0.15440162,0.19478653,0.49025476
61473883,0.15619943,0.19839868,0.487425
61489501,0.15619943,0.19839868,0.487425
61504097,0.15188223,0.19800322,0.48794425
61520167,0.15188223,0.19800322,0.48794425
61535336,0.15352489,0.20456745,0.48151138
61552308,0.1534427,0.2038055,0.4877972
61567307,0.15700965,0.20457844,0.48739243
61580923,0.16008054,0.2006765,0.48568287
61596341,0.15813169,0.204491,0.48619986
61611120,0.157555,0.20257425,0.48409322
61628376,0.16029169,0.20299634,0.486653
61642663,0.15799153,0.20887685,0.48496833
61657648,0.16084197,0.20890813,0.47937387
61674309,0.1556351,0.20483804,0.47922334
61690333,0.15346262,0.21030414,0.48061076
61703766,0.15823095,0.2079673,0.47816658
61719165,0.15861474,0.21204801,0.48490787
61734138,0.15861474,0.21204801,0.48490787
61752308,0.15602928,0.21107984,0.47853762
61767307,0.15393488,0.2082709,0.47838557
61781385,0.15724817,0.2110485,0.48265144
61795955,0.15604423,0.21010424,0.48004282
61811172,0.15841688,0.20952572,0.48391753
61827499,0.15612727,0.21245283,0.4775887
61842362,0.15496661,0.21441726,0.47914845
61858335,0.15491483,0.21048072,0.47693893
61872519,0.15394962,0.20941411,0.4791025
61888534,0.16131714,0.21307741,0.48277503
61904304,0.15883878,0.21234134,0.47990626
61918578,0.15556885,0.21688418,0.48034358
61934167,0.15610422,0.2129453,0.48295426
61949936,0.16018753,0.21451347,0.48085582
61964605,0.16018753,0.21451347,0.48085582
61981218,0.15537365,0.21029124,0.48036894
61995830,0.15457784,0.2122468,0.47899255
62010523,0.15486947,0.2170913,0.4758273
62025194,0.16056143,0.21201438,0.48035958
62041454,0.15994112,0.21427955,0.48050818
62054991,0.15868264,0.2163767,0.47572464
62072306,0.15744911,0.21708772,0.4756221
62087302,0.15446287,0.21366389,0.47998044
62102307,0.15888654,0.21533822,0.47947285
62115987,0.15843719,0.21553886,0.47436103
62133356,0.15976056,0.21404672,0.47750092
62148037,0.15770154,0.21698506,0.48026443
62161004,0.15822521,0.2126062,0.47683653
62179308,0.1549843,0.21812855,0.4760568
62192530,0.1582552,0.21414627,0.4761373
62210305,0.1583394,0.21857798,0.47961825
62223554,0.15659285,0.2139682,0.48006803
62239213,0.16197047,0.22065581,0.47670925
62318363,0.15857944,0.21799874,0.47732836
62331802,0.15982561,0.21685123,0.4733828
62347856,0.15858908,0.22096321,0.4730666
62990060,0.16154432,0.2195726,0.47532928
63004999,0.15986551,0.218398,0.47774687
63021310,0.15572597,0.21804392,0.47676432
63034557,0.15572597,0.21804392,0.47676432
63050124,0.16116862,0.22528717,0.47445467
63065929,0.15837634,0.21780775,0.47876874
63080843,0.15910463,0.22245227,0.47754508
63098329,0.1562216,0.22302718,0.47668305
63111779,0.15721104,0.22291256,0.47535822
63128354,0.16167882,0.22188951,0.4772462
63142457,0.15850209,0.22438444,0.47923714
63157945,0.15992744,0.22066157,0.47420266
63172658,0.15473168,0.225142,0.47314253
63187716,0.16150887,0.22214684,0.4767264
63205308,0.1579922,0.22350062,0.4747453
63219012,0.16180599,0.22479022,0.4769003
63234393,0.15850219,0.22032999,0.47821864
63249921,0.15850219,0.22032999,0.47821864
63266995,0.15638466,0.21944758,0.47858113
63281450,0.15517302,0.22492357,0.47766483
63295927,0.16116881,0.22181842,0.47676077
63310800,0.16024728,0.22545618,0.4729805
63326199,0.15548468,0.22564363,0.47755978
63341541,0.1605444,0.22101192,0.4720665
63358362,0.1556993,0.22588252,0.4777522
63373346,0.15538636,0.2209762,0.4724544
63389308,0.15545705,0.22227596,0.47765628
63403594,0.15394177,0.21971191,0.47629702
63417824,0.15478773,0.22416121,0.4793099
63433483,0.15652758,0.22092766,0.47726706
63449533,0.15505223,0.22282615,0.47377035
63464240,0.16099918,0.22430663,0.47512373
63480697,0.16099918,0.22430663,0.47512373
63495620,0.156185,0.22564048,0.47257635
63510641,0.15536764,0.21918766,0.4768627
63526173,0.15363683,0.21911407,0.47350165
63542697,0.15849902,0.22370802,0.47581846
63558351,0.15672137,0.22573332,0.47686514
63571073,0.1544632,0.22463542,0.47293618
63586784,0.15856318,0.21854657,0.4751188
63603328,0.16061355,0.21991226,0.47295955
63619387,0.16100907,0.21872696,0.4781684
63634308,0.15426096,0.22076397,0.47592545
63650063,0.15385482,0.21957397,0.4776587
63663459,0.15401568,0.226192,0.47571588
63678950,0.16088617,0.22165558,0.47376198
63695302,0.15416807,0.2219808,0.47679484
63710077,0.16090013,0.22582728,0.4720846
63727315,0.1581222,0.2210763,0.4759203
63740437,0.15470086,0.21980958,0.4766864
63755274,0.15666993,0.22134286,0.4791451
63771390,0.15732154,0.22196573,0.4765736
63784994,0.16005786,0.22470029,0.474043
63800168,0.15984666,0.2236269,0.478579
63817309,0.15424155,0.22372645,0.4766896
63831308,0.15362154,0.22635384,0.47713178
63846307,0.15616797,0.22015819,0.47479415
63860733,0.16072214,0.2206513,0.47913748
63876011,0.15378632,0.22059561,0.47247925
63891135,0.15841676,0.21885905,0.47239667
63908329,0.16025579,0.22244038,0.47510383
63922559,0.15847512,0.22597067,0.47233075
63938334,0.15336257,0.22134495,0.4720779
63953341,0.15860473,0.22210813,0.47147322
63968338,0.15579955,0.21950246,0.47303864
63982306,0.15648113,0.221069,0.47814724
63997858,0.15494113,0.22438166,0.4771122
64014008,0.15899608,0.22286518,0.47225964
64028472,0.15319623,0.22246286,0.47649822
64043538,0.15947779,0.22559634,0.47555256
64060308,0.15608633,0.22375478,0.47680604
64073599,0.15768743,0.22112195,0.47841772
64088795,0.15343057,0.2240741,0.47355413
64108332,0.1566433,0.22330204,0.47761938
64118775,0.15426844,0.22520009,0.47570014
64134932,0.15966752,0.22402371,0.4730602
64151573,0.15966752,0.22402371,0.4730602
64165330,0.15739778,0.22057113,0.47690076
64180341,0.15605047,0.223111,0.47560462
64195581,0.15606065,0.22396278,0.47549626
64212310,0.15799022,0.22356452,0.47176456
64226682,0.15799022,0.22356452,0.47176456
64241107,0.15549459,0.22611535,0.47696993
64258337,0.15677004,0.2249129,0.47174582
64273355,0.16032833,0.22230129,0.47363648
64286825,0.15761432,0.22049437,0.47367218
64303348,0.15374197,0.2201293,0.4725656
64316426,0.15718982,0.22654729,0.47801676
64330999,0.15869963,0.22519642,0.47839382
64346810,0.15651836,0.22709502,0.47829726
64362235,0.15717536,0.22417215,0.4724325
64378336,0.155686,0.22003014,0.4755435
64392450,0.15554388,0.22302136,0.47627044
64408208,0.1581096,0.22472146,0.47670928
64422787,0.16043735,0.22038181,0.47521213
64437972,0.15486543,0.21997447,0.47154132
64454309,0.15759173,0.2221862,0.47512433
64468393,0.15590091,0.22669369,0.472715
64484200,0.15920256,0.22144476,0.47684306
64498959,0.1573423,0.2204893,0.47483414
64516309,0.1593716,0.2213013,0.47620636
64529811,0.1593716,0.2213013,0.47620636
64545818,0.15514603,0.22447743,0.47614318
64559977,0.15911007,0.22148271,0.47512645
64575663,0.15864478,0.22577992,0.47285712
64591308,0.15492581,0.22423583,0.47840276
64605317,0.15492581,0.22423583,0.47840276
64620499,0.15952642,0.2256504,0.47273278
64636604,0.15704319,0.2213223,0.47408646
64651317,0.15704319,0.2213223,0.47408646
64666752,0.15927874,0.2253961,0.47491333
64682046,0.15476967,0.22264762,0.47529626
64696289,0.15284166,0.22758076,0.47326657
64711314,0.15644744,0.22565597,0.4714326
64726037,0.1559534,0.2220679,0.47641036
64742397,0.15719274,0.22093035,0.47667438
64756501,0.15994424,0.22493921,0.47833294
64774302,0.15546024,0.22026992,0.47588852
64787248,0.15491876,0.22662027,0.47508192
64804307,0.15259433,0.22747417,0.47416112
64817994,0.15306059,0.2275423,0.4767033
64832786,0.15925121,0.22664098,0.47202048
64848848,0.15247127,0.22689852,0.4758349
64862649,0.16023664,0.22529308,0.4752674
64877665,0.15781991,0.22468592,0.47767416
64893354,0.15780208,0.22502013,0.4755564
64910318,0.15780173,0.2217591,0.4783939
64924032,0.15943092,0.22122599,0.47398382
64938469,0.15233974,0.22534664,0.47492847
64953780,0.15517598,0.22115642,0.47480538
64971302,0.15840013,0.22066414,0.4757029
64984878,0.15840013,0.22066414,0.4757029
65000050,0.1588936,0.22079648,0.4746059
65017309,0.15535216,0.22614378,0.47827658
65030154,0.15535125,0.22614473,0.47827643
65046986,0.15786542,0.2205773,0.47865528
65060604,0.15503526,0.22774023,0.4721426
65077303,0.1581737,0.22027299,0.47259876
65090361,0.15513103,0.22034375,0.47509986
65106429,0.15271759,0.2218635,0.47562426
65121606,0.15582107,0.227811,0.47143498
65136423,0.15438978,0.22770178,0.47197598
65151999,0.1563098,0.22417255,0.47721955
65166909,0.15977727,0.22402269,0.47690123
65184291,0.15243278,0.22645867,0.47136226
65198422,0.15263301,0.22638434,0.4756893
65213329,0.15350942,0.22530098,0.47234082
65226890,0.15879542,0.2242962,0.4714764
65241950,0.15466769,0.22590172,0.4726778
65259302,0.15781078,0.22471645,0.47232917
65274304,0.1588536,0.22721069,0.47515544
65288518,0.15305474,0.22204627,0.47392493
65303337,0.15708372,0.22456637,0.47431335
65318707,0.15273407,0.22141989,0.47122166
65333402,0.15219568,0.22225684,0.47694412
65349501,0.15416156,0.22243403,0.47890052
65364077,0.15681322,0.22333291,0.47240636
65380624,0.15343453,0.22124399,0.47296506
65393789,0.15466836,0.22402486,0.47654426
65409136,0.15239437,0.22503805,0.47764438
65425492,0.15239437,0.22503805,0.47764438
65441301,0.15965264,0.22468841,0.4730232
65455758,0.15467262,0.22407942,0.47301272
65471611,0.15516937,0.22805351,0.47748327
65486415,0.15444341,0.22816798,0.47736865
65501225,0.15230243,0.22326002,0.47534537
65517272,0.15774614,0.22237472,0.47434327
65532353,0.15442769,0.22272897,0.47393134
65549246,0.15255982,0.22600512,0.47774056
65562249,0.15366058,0.22207102,0.47404835
65579385,0.15551353,0.22698294,0.47508743
65594305,0.15705289,0.22828898,0.47804856
65609302,0.15596572,0.22700799,0.4765652
65623093,0.15507239,0.22115506,0.47520596
65638358,0.15839116,0.22804916,0.4725008
65654413,0.15499663,0.22429001,0.4731902
65668863,0.15720671,0.22739351,0.472833
65684722,0.15176982,0.22816487,0.47708088
65701022,0.15540828,0.22564416,0.47265798
65715004,0.15540828,0.22564416,0.47265798
65730875,0.15593618,0.22238798,0.4744388
65747301,0.15616405,0.22542818,0.47833145
65761532,0.1524742,0.2239871,0.47301617
65777119,0.15440066,0.22296521,0.47620004
65794302,0.15754162,0.22249818,0.47407907
65809300,0.15341018,0.22255623,0.4748516
65822638,0.15721981,0.22809453,0.47585052
65838978,0.15327846,0.22724015,0.47216624
65853067,0.15294442,0.22139847,0.4773003
65868650,0.15155028,0.22158886,0.4710039
65884961,0.15910003,0.22571793,0.47490066
65900291,0.15355493,0.22494729,0.472095
65915084,0.15414838,0.22166388,0.47665852
65930157,0.15414838,0.22166388,0.47665852
65945151,0.1540584,0.22272514,0.47698772
65960243,0.15832503,0.2219507,0.4721701
65975636,0.15608983,0.22875936,0.47200865
65993079,0.15233415,0.22788164,0.4713352
66008329,0.15569903,0.22407171,0.47320744
66023424,0.15253271,0.22851753,0.4773163
66038330,0.15410206,0.22331104,0.4742023
66052224,0.15431653,0.22456874,0.47833017
66069309,0.15808816,0.2211124,0.47662592
66082531,0.15713234,0.22716321,0.47283596
66098199,0.15787886,0.22736102,0.4749692
66112980,0.15674908,0.22567564,0.4753609
66128423,0.15629545,0.22213498,0.4755729
66144657,0.15526511,0.22179584,0.47282884
66158337,0.15575868,0.22150631,0.4715919
66174431,0.15280509,0.22284023,0.47871405
66188489,0.15082128,0.22324622,0.47837928
66203402,0.15100531,0.22886716,0.4721224
66219304,0.15424524,0.22886148,0.47417122
66233497,0.15511613,0.22409935,0.47628796
66250307,0.1568831,0.22580558,0.47408375
66264195,0.15691197,0.22693443,0.47313476
66278427,0.1509933,0.22692403,0.47148764
66295311,0.15204981,0.22250508,0.47199607
66309562,0.15697153,0.22207819,0.4723019
66324407,0.15451503,0.22492816,0.47117677
66340311,0.15632999,0.226713,0.4713595
66355095,0.15632999,0.226713,0.4713595
66371307,0.15053752,0.22680022,0.47694096
66386239,0.15486483,0.22181903,0.47715998
66402662,0.15205379,0.22423747,0.47592065
66416241,0.15248993,0.22395018,0.47258288
66431221,0.15556377,0.22633041,0.47809595
66449358,0.1569914,0.22451831,0.4766585
66464312,0.15649572,0.22270125,0.47363776
66478333,0.15078811,0.22882545,0.4742184
66493125,0.15678768,0.22266774,0.4762194
66510102,0.15194511,0.22672035,0.47884804
66523924,0.15183303,0.22791117,0.47715062
66541311,0.15027222,0.22360078,0.47838816
66554948,0.15027222,0.22360078,0.47838816
66572309,0.1578687,0.22753535,0.47511852
66587302,0.15714525,0.22341333,0.4780835
66600988,0.15047991,0.2240975,0.47319588
66618357,0.15495856,0.22364795,0.4754224
66630962,0.15667118,0.22191636,0.47227782
66645992,0.15364335,0.22336869,0.4735165
66660704,0.150492,0.2236015,0.47510085
66677302,0.15641023,0.22891842,0.47636306
66693340,0.15434162,0.22407913,0.47760627
66708354,0.15590096,0.222519,0.4785191
66721642,0.15176064,0.22647025,0.476218
66737146,0.15749009,0.2221119,0.47291017
66752288,0.15322441,0.22950579,0.4764922
66768330,0.1507092,0.22297801,0.477346
66786315,0.15086503,0.22585791,0.47638908
66800533,0.15235095,0.22458117,0.4775172
66815310,0.15382347,0.22769028,0.475628
66829795,0.15295954,0.22286703,0.47570378
66844870,0.15152101,0.22349222,0.47560924
66859168,0.15151832,0.22349493,0.4756088
66874164,0.15500982,0.22785561,0.47245687
66889224,0.15069184,0.23002629,0.47083014
66905456,0.15070002,0.22359867,0.4778692
66919959,0.15070002,0.22359867,0.4778692
66935190,0.15643524,0.22798106,0.4779745
66951042,0.15601824,0.23003396,0.4741625
66969302,0.15095125,0.22480376,0.47678426
66982542,0.15095125,0.22480376,0.47678426
66996103,0.15107691,0.227623,0.4733784
67014287,0.1520964,0.2228677,0.47422957
67026101,0.15476547,0.22525167,0.4744451
67041295,0.15673564,0.23029289,0.47485906
67057121,0.15101504,0.22586043,0.47274533
67073340,0.15449189,0.22351538,0.47249815
67086675,0.15542689,0.22323646,0.47110483
67103330,0.1520509,0.22984864,0.47537667
67116597,0.15088476,0.22763857,0.47489125
67132795,0.14899795,0.22502838,0.4770086
67150313,0.15036955,0.22725148,0.47299993
67163399,0.15126768,0.22343116,0.47778562
67180307,0.14889951,0.22310892,0.47093683
67195300,0.15402563,0.22805932,0.47376886
67212302,0.15402563,0.22805932,0.47376886
67227308,0.15022682,0.22395249,0.47854212
67242306,0.15453435,0.2302544,0.4708315
67257300,0.14876857,0.22340669,0.47245535
67271578,0.14881687,0.22322968,0.4726462
67288329,0.1496997,0.23111947,0.47771558
67306301,0.15518154,0.22562839,0.47348633
67318345,0.14950415,0.22487108,0.47710633
67333354,0.15103872,0.22658448,0.4755125
67351300,0.15498899,0.22794798,0.47227946
67364307,0.1541661,0.22869402,0.47398987
67378101,0.15567318,0.23129275,0.47161302
67395315,0.15312298,0.22501664,0.4725357
67410301,0.1485982,0.22703029,0.4730844
67426307,0.1485982,0.22703029,0.4730844
67441300,0.15397172,0.22631949,0.4727873
67456383,0.15260766,0.22918022,0.47693962
67471300,0.15260766,0.22918022,0.47693962
67485754,0.15314028,0.22915179,0.47495183
67502157,0.15107596,0.23102547,0.47742626
67517303,0.15597044,0.23060586,0.47738862
67532301,0.14849727,0.22494592,0.47046712
67547300,0.15471408,0.23086038,0.47557142
67562300,0.15255491,0.23226626,0.472108
67577385,0.15476447,0.22726282,0.47294673
67592108,0.15004249,0.22541118,0.4706289
67610391,0.15104504,0.22674395,0.47264665
