timestamp,airspeed_timestamp_rel,distance_sensor_timestamp_rel,gps_timestamp_rel,optical_flow_timestamp_rel,vehicle_air_data_timestamp_rel,vehicle_magnetometer_timestamp_rel,visual_odometry_timestamp_rel
35281283,0,32767,32767,32767,-298,-298,32767
35300487,0,32767,32767,32767,-338,-338,32767
35313345,0,32767,32767,32767,-321,-321,32767
35328358,0,32767,32767,32767,-279,-279,32767
35342595,0,32767,-1,32767,-292,-292,32767
35358336,0,32767,32767,32767,-300,-300,32767
35371969,0,32767,32767,32767,-294,-294,32767
35388438,0,32767,32767,32767,-301,-301,32767
35403324,0,32767,32767,32767,-314,-314,32767
35418580,0,32767,32767,32767,-301,-301,32767
35433022,0,32767,32767,32767,-297,-297,32767
35449397,0,32767,-2,32767,-308,-308,32767
35465465,0,32767,32767,32767,-324,-324,32767
35479953,0,32767,32767,32767,-306,-306,32767
35502399,0,32767,32767,32767,-369,-369,32767
35511294,0,32767,32767,32767,-313,-313,32767
35526395,0,32767,32767,32767,-240,-240,32767
35541349,0,32767,32767,32767,-301,-301,32767
35556697,0,32767,-1,32767,-303,-303,32767
35572077,0,32767,32767,32767,-307,-307,32767
35589382,0,32767,32767,32767,-327,-327,32767
35603550,0,32767,32767,32767,-315,-315,32767
35617418,0,32767,32767,32767,-281,-281,32767
35632156,0,32767,32767,32767,-286,-286,32767
35651307,0,32767,32767,32767,-339,-339,32767
35663241,0,32767,-2,32767,-311,-311,32767
35678427,0,32767,32767,32767,-271,-271,32767
35693233,0,32767,32767,32767,-300,-300,32767
35709158,0,32767,32767,32767,-307,-307,32767
35724426,0,32767,32767,32767,-312,-312,32767
35739294,0,32767,32767,32767,-301,-301,32767
35756308,0,32767,32767,32767,-319,-319,32767
35769409,0,32767,-3,32767,-302,-302,32767
35785298,0,32767,32767,32767,-289,-289,32767
35799859,0,32767,32767,32767,-304,-304,32767
35813594,0,32767,32767,32767,-283,-283,32767
35829354,0,32767,32767,32767,-295,-295,32767
35844202,0,32767,32767,32767,-307,-307,32767
35859041,0,32767,32767,32767,-297,-297,32767
35874786,0,32767,-2,32767,-305,-305,32767
35891308,0,32767,32767,32767,-323,-323,32767
35903912,0,32767,32767,32767,-292,-292,32767
35920305,0,32767,32767,32767,-290,-290,32767
35935471,0,32767,32767,32767,-315,-315,32767
35949601,0,32767,32767,32767,-293,-293,32767
35964759,0,32767,32767,32767,-293,-293,32767
35980234,0,32767,-2,32767,-306,-306,32767
35996298,0,32767,32767,32767,-315,-315,32767
36010811,0,32767,32767,32767,-306,-306,32767
36027305,0,32767,32767,32767,-311,-311,32767
36040341,0,32767,32767,32767,-295,-295,32767
36055912,0,32767,32767,32767,-286,-286,32767
36071693,0,32767,32767,32767,-313,-313,32767
36087215,0,32767,-2,32767,-313,-313,32767
36101983,0,32767,32767,32767,-303,-303,32767
36116951,0,32767,32767,32767,-297,-297,32767
36133353,0,32767,32767,32767,-314,-314,32767
36149304,0,32767,32767,32767,-324,-324,32767
36162432,0,32767,32767,32767,-291,-291,32767
36179304,0,32767,32767,32767,-300,-300,32767
36192557,0,32767,-2,32767,-301,-301,32767
36208346,0,32767,32767,32767,-290,-290,32767
36222585,0,32767,32767,32767,-300,-300,32767
36238410,0,32767,32767,32767,-301,-301,32767
36253482,0,32767,32767,32767,-309,-309,32767
36268699,0,32767,32767,32767,-302,-302,32767
36282745,0,32767,32767,32767,-293,-293,32767
36298871,0,32767,-2,32767,-302,-302,32767
36314313,0,32767,32767,32767,-316,-316,32767
36331306,0,32767,32767,32767,-325,-325,32767
36345010,0,32767,32767,32767,-307,-307,32767
36359982,0,32767,32767,32767,-286,-286,32767
36374824,0,32767,32767,32767,-298,-298,32767
36390372,0,32767,32767,32767,-304,-304,32767
36405327,0,32767,-2,32767,-305,-305,32767
36421276,0,32767,32767,32767,-309,-309,32767
36436117,0,32767,32767,32767,-308,-308,32767
36451024,0,32767,32767,32767,-298,-298,32767
36466713,0,32767,32767,32767,-306,-306,32767
36481212,0,32767,32767,32767,-302,-302,32767
36497811,0,32767,32767,32767,-311,-311,32767
36512605,0,32767,-2,32767,-314,-314,32767
36529383,0,32767,32767,32767,-315,-315,32767
36542744,0,32767,32767,32767,-301,-301,32767
36558499,0,32767,32767,32767,-291,-291,32767
36574051,0,32767,32767,32767,-313,-313,32767
36587779,0,32767,32767,32767,-293,-293,32767
36603077,0,32767,32767,32767,-290,-290,32767
36618705,0,32767,-2,32767,-310,-310,32767
36633928,0,32767,32767,32767,-309,-309,32767
36648173,0,32767,32767,32767,-294,-294,32767
36663601,0,32767,32767,32767,-297,-297,32767
36679142,0,32767,32767,32767,-310,-310,32767
36694147,0,32767,32767,32767,-305,-305,32767
36708850,0,32767,32767,32767,-297,-297,32767
36724037,0,32767,-2,32767,-299,-299,32767
36739101,0,32767,32767,32767,-303,-303,32767
36754660,0,32767,32767,32767,-306,-306,32767
36772306,0,32767,32767,32767,-332,-332,32767
36784522,0,32767,32767,32767,-299,-299,32767
36801304,0,32767,32767,32767,-290,-290,32767
36814933,0,32767,32767,32767,-304,-304,32767
36830530,0,32767,-3,32767,-292,-292,32767
36845639,0,32767,32767,32767,-307,-307,32767
36861456,0,32767,32767,32767,-309,-309,32767
36876172,0,32767,32767,32767,-305,-305,32767
36892076,0,32767,32767,32767,-306,-306,32767
36907923,0,32767,32767,32767,-318,-318,32767
36925300,0,32767,32767,32767,-333,-333,32767
36937786,0,32767,-1,32767,-298,-298,32767
36954308,0,32767,32767,32767,-290,-290,32767
36969072,0,32767,32767,32767,-313,-313,32767
36983931,0,32767,32767,32767,-296,-296,32767
36999121,0,32767,32767,32767,-301,-301,32767
37015471,0,32767,32767,32767,-315,-315,32767
37029098,0,32767,32767,32767,-299,-299,32767
37045684,0,32767,-1,32767,-302,-302,32767
37060641,0,32767,32767,32767,-316,-316,32767
37076298,0,32767,32767,32767,-306,-306,32767
37092308,0,32767,32767,32767,-317,-317,32767
37107114,0,32767,32767,32767,-309,-309,32767
37121859,0,32767,32767,32767,-295,-295,32767
37136989,0,32767,32767,32767,-298,-298,32767
37151369,0,32767,-2,32767,-295,-295,32767
37167344,0,32767,32767,32767,-304,-304,32767
37181606,0,32767,32767,32767,-303,-303,32767
37197021,0,32767,32767,32767,-297,-297,32767
37211511,0,32767,32767,32767,-299,-299,32767
37227297,0,32767,32767,32767,-302,-302,32767
37242085,0,32767,32767,32767,-305,-305,32767
37257292,0,32767,-2,32767,-300,-300,32767
37274310,0,32767,32767,32767,-323,-323,32767
37289380,0,32767,32767,32767,-321,-321,32767
37304303,0,32767,32767,32767,-300,-300,32767
37318028,0,32767,32767,32767,-287,-287,32767
37333318,0,32767,32767,32767,-290,-290,32767
37348850,0,32767,32767,32767,-308,-308,32767
37363475,0,32767,-1,32767,-301,-301,32767
37379689,0,32767,32767,32767,-308,-308,32767
37394120,0,32767,32767,32767,-307,-307,32767
37410303,0,32767,32767,32767,-307,-307,32767
37424225,0,32767,32767,32767,-301,-301,32767
37439083,0,32767,32767,32767,-287,-287,32767
37453917,0,32767,32767,32767,-297,-297,32767
37469692,0,32767,-1,32767,-306,-306,32767
37486309,0,32767,32767,32767,-324,-324,32767
37499799,0,32767,32767,32767,-301,-301,32767
37515498,0,32767,32767,32767,-291,-291,32767
37532382,0,32767,32767,32767,-326,-326,32767
37547307,0,32767,32767,32767,-319,-319,32767
37561305,0,32767,32767,32767,-290,-290,32767
37575550,0,32767,-2,32767,-282,-282,32767
37591630,0,32767,32767,32767,-303,-303,32767
37607540,0,32767,32767,32767,-320,-320,32767
37623568,0,32767,32767,32767,-319,-319,32767
37639305,0,32767,32767,32767,-318,-318,32767
37653167,0,32767,32767,32767,-296,-296,32767
37668385,0,32767,32767,32767,-290,-290,32767
37685214,0,32767,-2,32767,-321,-321,32767
37699337,0,32767,32767,32767,-310,-310,32767
37714306,0,32767,32767,32767,-291,-291,32767
37730305,0,32767,32767,32767,-310,-310,32767
37744874,0,32767,32767,32767,-305,-305,32767
37760636,0,32767,32767,32767,-303,-303,32767
37774280,0,32767,32767,32767,-294,-294,32767
37789565,0,32767,-2,32767,-289,-289,32767
37808459,0,32767,32767,32767,-342,-342,32767
37822307,0,32767,32767,32767,-328,-328,32767
37836323,0,32767,32767,32767,-279,-279,32767
37850105,0,32767,32767,32767,-278,-278,32767
37865301,0,32767,32767,32767,-290,-290,32767
37880700,0,32767,32767,32767,-306,-306,32767
37895462,0,32767,-1,32767,-301,-301,32767
37910838,0,32767,32767,32767,-301,-301,32767
37926482,0,32767,32767,32767,-310,-310,32767
37943347,0,32767,32767,32767,-325,-325,32767
37956456,0,32767,32767,32767,-300,-300,32767
37974384,0,32767,32767,32767,-310,-310,32767
37987839,0,32767,32767,32767,-314,-314,32767
38003079,0,32767,-2,32767,-287,-287,32767
38020304,0,32767,32767,32767,-325,-325,32767
38033564,0,32767,32767,32767,-305,-305,32767
38049261,0,32767,32767,32767,-289,-289,32767
38063854,0,32767,32767,32767,-303,-303,32767
38079471,0,32767,32767,32767,-302,-302,32767
38094150,0,32767,32767,32767,-303,-303,32767
38109029,0,32767,-2,32767,-296,-296,32767
38126304,0,32767,32767,32767,-322,-322,32767
38141301,0,32767,32767,32767,-323,-323,32767
38155653,0,32767,32767,32767,-293,-293,32767
38171394,0,32767,32767,32767,-300,-300,32767
38187652,0,32767,32767,32767,-320,-320,32767
38201572,0,32767,32767,32767,-302,-302,32767
38216747,0,32767,-2,32767,-291,-291,32767
38231462,0,32767,32767,32767,-299,-299,32767
38247054,0,32767,32767,32767,-303,-303,32767
38261502,0,32767,32767,32767,-301,-301,32767
38278657,0,32767,32767,32767,-316,-316,32767
38292942,0,32767,32767,32767,-314,-314,32767
38309308,0,32767,32767,32767,-307,-307,32767
38323447,0,32767,-3,32767,-305,-305,32767
38337765,0,32767,32767,32767,-284,-284,32767
38353484,0,32767,32767,32767,-300,-300,32767
38370009,0,32767,32767,32767,-323,-323,32767
38384663,0,32767,32767,32767,-312,-312,32767
38400395,0,32767,32767,32767,-303,-303,32767
38414062,0,32767,32767,32767,-294,-294,32767
38429424,0,32767,-3,32767,-291,-291,32767
38446307,0,32767,32767,32767,-323,-323,32767
38459671,0,32767,32767,32767,-302,-302,32767
38476303,0,32767,32767,32767,-300,-300,32767
38491306,0,32767,32767,32767,-317,-317,32767
38507298,0,32767,32767,32767,-309,-309,32767
38520924,0,32767,32767,32767,-296,-296,32767
38535768,0,32767,-1,32767,-285,-285,32767
38550367,0,32767,32767,32767,-294,-294,32767
38567040,0,32767,32767,32767,-313,-313,32767
38583329,0,32767,32767,32767,-330,-330,32767
38597308,0,32767,32767,32767,-303,-303,32767
38612305,0,32767,32767,32767,-290,-290,32767
38625918,0,32767,32767,32767,-286,-286,32767
38641770,0,32767,-2,32767,-294,-294,32767
38655873,0,32767,32767,32767,-299,-299,32767
38671663,0,32767,32767,32767,-299,-299,32767
38687073,0,32767,32767,32767,-312,-312,32767
38703582,0,32767,32767,32767,-319,-319,32767
38719329,0,32767,32767,32767,-323,-323,32767
38732989,0,32767,32767,32767,-294,-294,32767
38749157,0,32767,-2,32767,-298,-298,32767
38764689,0,32767,32767,32767,-317,-317,32767
38780298,0,32767,32767,32767,-311,-311,32767
38795302,0,32767,32767,32767,-307,-307,32767
38809092,0,32767,32767,32767,-288,-288,32767
38827305,0,32767,32767,32767,-320,-320,32767
38841143,0,32767,32767,32767,-321,-321,32767
38855903,0,32767,-3,32767,-286,-286,32767
38870670,0,32767,32767,32767,-295,-295,32767
38887193,0,32767,32767,32767,-312,-312,32767
38902317,0,32767,32767,32767,-317,-317,32767
38917337,0,32767,32767,32767,-302,-302,32767
38932861,0,32767,32767,32767,-305,-305,32767
38948561,0,32767,32767,32767,-312,-312,32767
38962656,0,32767,-2,32767,-298,-298,32767
38978793,0,32767,32767,32767,-302,-302,32767
38993342,0,32767,32767,32767,-307,-307,32767
39007144,0,32767,32767,32767,-284,-284,32767
39024356,0,32767,32767,32767,-310,-310,32767
39042300,0,32767,32767,32767,-352,-352,32767
39055343,0,32767,32767,32767,-310,-310,32767
39069240,0,32767,-2,32767,-269,-269,32767
39086303,0,32767,32767,32767,-310,-310,32767
39101342,0,32767,32767,32767,-321,-321,32767
39116297,0,32767,32767,32767,-299,-299,32767
39130698,0,32767,32767,32767,-293,-293,32767
39146558,0,32767,32767,32767,-303,-303,32767
39162306,0,32767,32767,32767,-317,-317,32767
39175443,0,32767,-2,32767,-289,-289,32767
39190035,0,32767,32767,32767,-277,-277,32767
39205078,0,32767,32767,32767,-296,-296,32767
39220335,0,32767,32767,32767,-303,-303,32767
39235357,0,32767,32767,32767,-303,-303,32767
39250699,0,32767,32767,32767,-303,-303,32767
39267176,0,32767,32767,32767,-318,-318,32767
39281634,0,32767,-3,32767,-310,-310,32767
39298397,0,32767,32767,32767,-312,-312,32767
39312092,0,32767,32767,32767,-304,-304,32767
39329303,0,32767,32767,32767,-310,-310,32767
39343006,0,32767,32767,32767,-310,-310,32767
39358238,0,32767,32767,32767,-289,-289,32767
39373471,0,32767,32767,32767,-304,-304,32767
39388872,0,32767,-1,32767,-306,-306,32767
39406072,0,32767,32767,32767,-326,-326,32767
39420080,0,32767,32767,32767,-312,-312,32767
39434072,0,32767,32767,32767,-280,-280,32767
39449100,0,32767,32767,32767,-291,-291,32767
39464717,0,32767,32767,32767,-307,-307,32767
39480882,0,32767,32767,32767,-317,-317,32767
39495432,0,32767,-2,32767,-307,-307,32767
39510336,0,32767,32767,32767,-295,-295,32767
39525556,0,32767,32767,32767,-301,-301,32767
39541756,0,32767,32767,32767,-314,-314,32767
39555610,0,32767,32767,32767,-301,-301,32767
39573380,0,32767,32767,32767,-316,-316,32767
39587433,0,32767,32767,32767,-318,-318,32767
39602092,0,32767,-1,32767,-287,-287,32767
39618350,0,32767,32767,32767,-309,-309,32767
39632232,0,32767,32767,32767,-302,-302,32767
39647725,0,32767,32767,32767,-294,-294,32767
39662708,0,32767,32767,32767,-305,-305,32767
39679306,0,32767,32767,32767,-316,-316,32767
39694341,0,32767,32767,32767,-316,-316,32767
39708076,0,32767,-2,32767,-287,-287,32767
39723260,0,32767,32767,32767,-289,-289,32767
39739092,0,32767,32767,32767,-310,-310,32767
39754028,0,32767,32767,32767,-308,-308,32767
39769113,0,32767,32767,32767,-301,-301,32767
39787355,0,32767,32767,32767,-333,-333,32767
39799696,0,32767,32767,32767,-305,-305,32767
39815606,0,32767,-2,32767,-283,-283,32767
39832303,0,32767,32767,32767,-327,-327,32767
39846369,0,32767,32767,32767,-307,-307,32767
39863324,0,32767,32767,32767,-310,-310,32767
39877110,0,32767,32767,32767,-308,-308,32767
39894342,0,32767,32767,32767,-310,-310,32767
39908114,0,32767,32767,32767,-310,-310,32767
39922347,0,32767,-2,32767,-280,-280,32767
39938394,0,32767,32767,32767,-302,-302,32767
39953375,0,32767,32767,32767,-310,-310,32767
39968344,0,32767,32767,32767,-300,-300,32767
39983043,0,32767,32767,32767,-297,-297,32767
39998440,0,32767,32767,32767,-301,-301,32767
40013873,0,32767,32767,32767,-308,-308,32767
40027814,0,32767,-2,32767,-294,-294,32767
40044131,0,32767,32767,32767,-303,-303,32767
40059928,0,32767,32767,32767,-321,-321,32767
40074500,0,32767,32767,32767,-304,-304,32767
40091307,0,32767,32767,32767,-314,-314,32767
40106564,0,32767,32767,32767,-320,-320,32767
40120095,0,32767,32767,32767,-287,-287,32767
40135852,0,32767,-2,32767,-293,-293,32767
40150918,0,32767,32767,32767,-309,-309,32767
40167306,0,32767,32767,32767,-315,-315,32767
40180864,0,32767,32767,32767,-299,-299,32767
40196344,0,32767,32767,32767,-290,-290,32767
40211356,0,32767,32767,32767,-305,-305,32767
40228354,0,32767,32767,32767,-320,-320,32767
40240913,0,32767,-2,32767,-296,-296,32767
40255759,0,32767,32767,32767,-274,-274,32767
40272304,0,32767,32767,32767,-314,-314,32767
40287298,0,32767,32767,32767,-315,-315,32767
40302338,0,32767,32767,32767,-300,-300,32767
40318332,0,32767,32767,32767,-311,-311,32767
40333393,0,32767,32767,32767,-310,-310,32767
40348145,0,32767,-2,32767,-298,-298,32767
40361733,0,32767,32767,32767,-284,-284,32767
40377297,0,32767,32767,32767,-291,-291,32767
40392108,0,32767,32767,32767,-304,-304,32767
40407363,0,32767,32767,32767,-301,-301,32767
40424329,0,32767,32767,32767,-322,-322,32767
40437650,0,32767,32767,32767,-303,-303,32767
40452983,0,32767,-1,32767,-286,-286,32767
40470303,0,32767,32767,32767,-327,-327,32767
40483205,0,32767,32767,32767,-303,-303,32767
40499302,0,32767,32767,32767,-290,-290,32767
40513866,0,32767,32767,32767,-306,-306,32767
40528873,0,32767,32767,32767,-295,-295,32767
40543895,0,32767,32767,32767,-300,-300,32767
40559477,0,32767,-2,32767,-306,-306,32767
40576317,0,32767,32767,32767,-325,-325,32767
40590318,0,32767,32767,32767,-309,-309,32767
40606938,0,32767,32767,32767,-306,-306,32767
40621449,0,32767,32767,32767,-311,-311,32767
40635502,0,32767,32767,32767,-286,-286,32767
40652299,0,32767,32767,32767,-308,-308,32767
40666839,0,32767,-2,32767,-313,-313,32767
40681907,0,32767,32767,32767,-297,-297,32767
40698323,0,32767,32767,32767,-315,-315,32767
40712604,0,32767,32767,32767,-307,-307,32767
40727359,0,32767,32767,32767,-290,-290,32767
40743381,0,32767,32767,32767,-307,-307,32767
40756861,0,32767,32767,32767,-295,-295,32767
40771880,0,32767,-2,32767,-285,-285,32767
40787743,0,32767,32767,32767,-309,-309,32767
40801812,0,32767,32767,32767,-300,-300,32767
40817653,0,32767,32767,32767,-299,-299,32767
40832383,0,32767,32767,32767,-305,-305,32767
40848004,0,32767,32767,32767,-304,-304,32767
40863540,0,32767,32767,32767,-312,-312,32767
40879745,0,32767,-2,32767,-317,-317,32767
40896303,0,32767,32767,32767,-328,-328,32767
40911297,0,32767,32767,32767,-315,-315,32767
40926297,0,32767,32767,32767,-299,-299,32767
40941342,0,32767,32767,32767,-301,-301,32767
40957297,0,32767,32767,32767,-310,-310,32767
40972297,0,32767,32767,32767,-309,-309,32767
40987472,0,32767,-2,32767,-302,-302,32767
41003324,0,32767,32767,32767,-311,-311,32767
41017220,0,32767,32767,32767,-298,-298,32767
41034303,0,32767,32767,32767,-310,-310,32767
41049345,0,32767,32767,32767,-321,-321,32767
41065300,0,32767,32767,32767,-310,-310,32767
41079260,0,32767,32767,32767,-299,-299,32767
41094702,0,32767,-2,32767,-294,-294,32767
41111298,0,32767,32767,32767,-320,-320,32767
41125639,0,32767,32767,32767,-309,-309,32767
41141606,0,32767,32767,32767,-304,-304,32767
41155142,0,32767,32767,32767,-295,-295,32767
41170516,0,32767,32767,32767,-289,-289,32767
41186339,0,32767,32767,32767,-312,-312,32767
41202403,0,32767,-2,32767,-319,-319,32767
41217025,0,32767,32767,32767,-307,-307,32767
41233014,0,32767,32767,32767,-306,-306,32767
41248413,0,32767,32767,32767,-314,-314,32767
41264308,0,32767,32767,32767,-313,-313,32767
41280674,0,32767,32767,32767,-322,-322,32767
41296297,0,32767,32767,32767,-319,-319,32767
41310312,0,32767,-3,32767,-297,-297,32767
41326777,0,32767,32767,32767,-305,-305,32767
41340619,0,32767,32767,32767,-303,-303,32767
41357303,0,32767,32767,32767,-306,-306,32767
41371658,0,32767,32767,32767,-310,-310,32767
41387412,0,32767,32767,32767,-301,-301,32767
41403077,0,32767,32767,32767,-314,-314,32767
41417752,0,32767,-2,32767,-303,-303,32767
41432366,0,32767,32767,32767,-293,-293,32767
41448623,0,32767,32767,32767,-309,-309,32767
41464198,0,32767,32767,32767,-318,-318,32767
41480833,0,32767,32767,32767,-322,-322,32767
41496305,0,32767,32767,32767,-322,-322,32767
41510656,0,32767,32767,32767,-298,-298,32767
41525541,0,32767,-3,32767,-292,-292,32767
41540771,0,32767,32767,32767,-301,-301,32767
41555758,0,32767,32767,32767,-302,-302,32767
41571766,0,32767,32767,32767,-310,-310,32767
41586482,0,32767,32767,32767,-307,-307,32767
41602866,0,32767,32767,32767,-311,-311,32767
41618330,0,32767,32767,32767,-319,-319,32767
41632642,0,32767,-2,32767,-298,-298,32767
41647813,0,32767,32767,32767,-295,-295,32767
41664298,0,32767,32767,32767,-316,-316,32767
41680297,0,32767,32767,32767,-324,-324,32767
41694630,0,32767,32767,32767,-304,-304,32767
41711304,0,32767,32767,32767,-311,-311,32767
41726307,0,32767,32767,32767,-317,-317,32767
41740386,0,32767,-3,32767,-290,-290,32767
41756340,0,32767,32767,32767,-300,-300,32767
41770188,0,32767,32767,32767,-298,-298,32767
41786170,0,32767,32767,32767,-298,-298,32767
41802341,0,32767,32767,32767,-322,-322,32767
41816432,0,32767,32767,32767,-303,-303,32767
41831293,0,32767,32767,32767,-289,-289,32767
41846634,0,32767,-2,32767,-302,-302,32767
41861543,0,32767,32767,32767,-303,-303,32767
41877233,0,32767,32767,32767,-306,-306,32767
41892475,0,32767,32767,32767,-309,-309,32767
41908494,0,32767,32767,32767,-312,-312,32767
41924303,0,32767,32767,32767,-319,-319,32767
41939298,0,32767,32767,32767,-308,-308,32767
41952748,0,32767,-2,32767,-284,-284,32767
41967928,0,32767,32767,32767,-287,-287,32767
41983523,0,32767,32767,32767,-308,-308,32767
41999393,0,32767,32767,32767,-314,-314,32767
42012361,0,32767,32767,32767,-288,-288,32767
42028469,0,32767,32767,32767,-291,-291,32767
42044341,0,32767,32767,32767,-320,-320,32767
42058657,0,32767,-2,32767,-302,-302,32767
42075306,0,32767,32767,32767,-310,-310,32767
42089209,0,32767,32767,32767,-306,-306,32767
42105316,0,32767,32767,32767,-300,-300,32767
42120685,0,32767,32767,32767,-314,-314,32767
42135011,0,32767,32767,32767,-297,-297,32767
42149544,0,32767,32767,32767,-289,-289,32767
42166127,0,32767,-2,32767,-311,-311,32767
42180341,0,32767,32767,32767,-308,-308,32767
42196297,0,32767,32767,32767,-301,-301,32767
42210493,0,32767,32767,32767,-301,-301,32767
42227303,0,32767,32767,32767,-311,-311,32767
42242341,0,32767,32767,32767,-319,-319,32767
42257306,0,32767,32767,32767,-300,-300,32767
42270757,0,32767,-2,32767,-284,-284,32767
42287298,0,32767,32767,32767,-299,-299,32767
42301270,0,32767,32767,32767,-305,-305,32767
42316401,0,32767,32767,32767,-292,-292,32767
42333333,0,32767,32767,32767,-321,-321,32767
42347082,0,32767,32767,32767,-306,-306,32767
42363376,0,32767,32767,32767,-300,-300,32767
42376455,0,32767,-2,32767,-294,-294,32767
42391586,0,32767,32767,32767,-282,-282,32767
42408637,0,32767,32767,32767,-322,-322,32767
42422653,0,32767,32767,32767,-311,-311,32767
42439343,0,32767,32767,32767,-307,-307,32767
42452339,0,32767,32767,32767,-297,-297,32767
42467824,0,32767,32767,32767,-285,-285,32767
42483137,0,32767,-2,32767,-308,-308,32767
42498014,0,32767,32767,32767,-302,-302,32767
42514135,0,32767,32767,32767,-310,-310,32767
42528380,0,32767,32767,32767,-303,-303,32767
42545682,0,32767,32767,32767,-315,-315,32767
42558486,0,32767,32767,32767,-301,-301,32767
42575304,0,32767,32767,32767,-297,-297,32767
42589406,0,32767,-2,32767,-310,-310,32767
42605008,0,32767,32767,32767,-297,-297,32767
42619377,0,32767,32767,32767,-299,-299,32767
42635970,0,32767,32767,32767,-309,-309,32767
42650514,0,32767,32767,32767,-312,-312,32767
42665486,0,32767,32767,32767,-295,-295,32767
42682010,0,32767,32767,32767,-315,-315,32767
42694836,0,32767,-2,32767,-294,-294,32767
42709958,0,32767,32767,32767,-279,-279,32767
42726300,0,32767,32767,32767,-315,-315,32767
42740389,0,32767,32767,32767,-304,-304,32767
42755812,0,32767,32767,32767,-295,-295,32767
42771471,0,32767,32767,32767,-311,-311,32767
42788325,0,32767,32767,32767,-325,-325,32767
42801610,0,32767,-2,32767,-302,-302,32767
42817304,0,32767,32767,32767,-290,-290,32767
42832389,0,32767,32767,32767,-307,-307,32767
42848003,0,32767,32767,32767,-307,-307,32767
42864309,0,32767,32767,32767,-320,-320,32767
42879297,0,32767,32767,32767,-312,-312,32767
42893739,0,32767,32767,32767,-294,-294,32767
42909332,0,32767,-3,32767,-301,-301,32767
42928444,0,32767,32767,32767,-347,-347,32767
42939443,0,32767,32767,32767,-301,-301,32767
42956302,0,32767,32767,32767,-279,-279,32767
42970189,0,32767,32767,32767,-307,-307,32767
42987303,0,32767,32767,32767,-310,-310,32767
43001514,0,32767,32767,32767,-314,-314,32767
43017034,0,32767,-2,32767,-297,-297,32767
43032454,0,32767,32767,32767,-309,-309,32767
43048198,0,32767,32767,32767,-311,-311,32767
43064304,0,32767,32767,32767,-319,-319,32767
43079302,0,32767,32767,32767,-312,-312,32767
43092521,0,32767,32767,32767,-282,-282,32767
43108552,0,32767,32767,32767,-292,-292,32767
43123609,0,32767,-2,32767,-311,-311,32767
43140388,0,32767,32767,32767,-318,-318,32767
43153584,0,32767,32767,32767,-299,-299,32767
43169842,0,32767,32767,32767,-295,-295,32767
43184348,0,32767,32767,32767,-308,-308,32767
43201150,0,32767,32767,32767,-313,-313,32767
43216305,0,32767,32767,32767,-320,-320,32767
43229720,0,32767,-2,32767,-286,-286,32767
43245817,0,32767,32767,32767,-295,-295,32767
43260341,0,32767,32767,32767,-306,-306,32767
43275338,0,32767,32767,32767,-295,-295,32767
43291242,0,32767,32767,32767,-309,-309,32767
43306380,0,32767,32767,32767,-310,-310,32767
43320629,0,32767,32767,32767,-294,-294,32767
43336081,0,32767,-2,32767,-297,-297,32767
43351502,0,32767,32767,32767,-309,-309,32767
43366920,0,32767,32767,32767,-309,-309,32767
43382563,0,32767,32767,32767,-310,-310,32767
43399308,0,32767,32767,32767,-324,-324,32767
43413907,0,32767,32767,32767,-314,-314,32767
43428947,0,32767,32767,32767,-296,-296,32767
43444248,0,32767,-2,32767,-303,-303,32767
43459497,0,32767,32767,32767,-305,-305,32767
43476299,0,32767,32767,32767,-320,-320,32767
43489576,0,32767,32767,32767,-301,-301,32767
43507303,0,32767,32767,32767,-311,-311,32767
43520748,0,32767,32767,32767,-312,-312,32767
43536517,0,32767,32767,32767,-292,-292,32767
43552158,0,32767,-2,32767,-314,-314,32767
43567636,0,32767,32767,32767,-311,-311,32767
43582842,0,32767,32767,32767,-307,-307,32767
43598802,0,32767,32767,32767,-312,-312,32767
43614199,0,32767,32767,32767,-313,-313,32767
43629316,0,32767,32767,32767,-305,-305,32767
43645405,0,32767,32767,32767,-313,-313,32767
43659419,0,32767,-2,32767,-301,-301,32767
43674866,0,32767,32767,32767,-294,-294,32767
43691306,0,32767,32767,32767,-319,-319,32767
43706065,0,32767,32767,32767,-312,-312,32767
43720491,0,32767,32767,32767,-291,-291,32767
43735353,0,32767,32767,32767,-293,-293,32767
43752307,0,32767,32767,32767,-319,-319,32767
43767083,0,32767,-2,32767,-317,-317,32767
43780956,0,32767,32767,32767,-286,-286,32767
43795844,0,32767,32767,32767,-288,-288,32767
43810801,0,32767,32767,32767,-299,-299,32767
43827303,0,32767,32767,32767,-315,-315,32767
43841487,0,32767,32767,32767,-306,-306,32767
43856344,0,32767,32767,32767,-290,-290,32767
43871102,0,32767,-3,32767,-297,-297,32767
43886911,0,32767,32767,32767,-306,-306,32767
43902959,0,32767,32767,32767,-318,-318,32767
43919308,0,32767,32767,32767,-324,-324,32767
43934308,0,32767,32767,32767,-314,-314,32767
43949751,0,32767,32767,32767,-304,-304,32767
43964280,0,32767,32767,32767,-299,-299,32767
43980678,0,32767,-1,32767,-309,-309,32767
43994333,0,32767,32767,32767,-301,-301,32767
44010246,0,32767,32767,32767,-296,-296,32767
44024992,0,32767,32767,32767,-306,-306,32767
44040386,0,32767,32767,32767,-301,-301,32767
44055715,0,32767,32767,32767,-308,-308,32767
44071024,0,32767,32767,32767,-307,-307,32767
44088175,0,32767,-1,32767,-324,-324,32767
44104237,0,32767,32767,32767,-332,-332,32767
44118328,0,32767,32767,32767,-302,-302,32767
44133329,0,32767,32767,32767,-291,-291,32767
44149316,0,32767,32767,32767,-310,-310,32767
44164302,0,32767,32767,32767,-310,-310,32767
44179300,0,32767,32767,32767,-300,-300,32767
44192458,0,32767,-2,32767,-281,-281,32767
44208550,0,32767,32767,32767,-292,-292,32767
44224386,0,32767,32767,32767,-319,-319,32767
44238721,0,32767,32767,32767,-302,-302,32767
44253086,0,32767,32767,32767,-287,-287,32767
44270314,0,32767,32767,32767,-316,-316,32767
44284344,0,32767,32767,32767,-313,-313,32767
44299553,0,32767,-2,32767,-292,-292,32767
44315186,0,32767,32767,32767,-308,-308,32767
44332302,0,32767,32767,32767,-328,-328,32767
44346315,0,32767,32767,32767,-312,-312,32767
44361826,0,32767,32767,32767,-295,-295,32767
44376922,0,32767,32767,32767,-306,-306,32767
44392621,0,32767,32767,32767,-308,-308,32767
44409081,0,32767,-2,32767,-321,-321,32767
44423558,0,32767,32767,32767,-309,-309,32767
44439581,0,32767,32767,32767,-305,-305,32767
44454502,0,32767,32767,32767,-310,-310,32767
44471308,0,32767,32767,32767,-318,-318,32767
44485580,0,32767,32767,32767,-310,-310,32767
44500728,0,32767,32767,32767,-294,-294,32767
44516491,0,32767,-2,32767,-309,-309,32767
44531617,0,32767,32767,32767,-309,-309,32767
44548403,0,32767,32767,32767,-320,-320,32767
44562743,0,32767,32767,32767,-311,-311,32767
44578351,0,32767,32767,32767,-299,-299,32767
44592825,0,32767,32767,32767,-301,-301,32767
44612925,0,32767,32767,32767,-346,-346,32767
44623654,0,32767,-2,32767,-308,-308,32767
44638612,0,32767,32767,32767,-257,-257,32767
44654065,0,32767,32767,32767,-304,-304,32767
44670221,0,32767,32767,32767,-316,-316,32767
44684735,0,32767,32767,32767,-307,-307,32767
44700807,0,32767,32767,32767,-306,-306,32767
44714905,0,32767,32767,32767,-302,-302,32767
44730734,0,32767,-2,32767,-299,-299,32767
44747278,0,32767,32767,32767,-323,-323,32767
44763449,0,32767,32767,32767,-327,-327,32767
44776982,0,32767,32767,32767,-297,-297,32767
44795302,0,32767,32767,32767,-319,-319,32767
44807907,0,32767,32767,32767,-310,-310,32767
44824310,0,32767,32767,32767,-290,-290,32767
44838407,0,32767,-3,32767,-305,-305,32767
44853760,0,32767,32767,32767,-294,-294,32767
44870309,0,32767,32767,32767,-319,-319,32767
44884728,0,32767,32767,32767,-310,-310,32767
44900273,0,32767,32767,32767,-299,-299,32767
44915671,0,32767,32767,32767,-309,-309,32767
44931624,0,32767,32767,32767,-314,-314,32767
44946553,0,32767,-2,32767,-309,-309,32767
44960745,0,32767,32767,32767,-291,-291,32767
44975895,0,32767,32767,32767,-293,-293,32767
44993329,0,32767,32767,32767,-326,-326,32767
45008333,0,32767,32767,32767,-325,-325,32767
45021909,0,32767,32767,32767,-286,-286,32767
45037587,0,32767,32767,32767,-292,-292,32767
45052877,0,32767,-2,32767,-309,-309,32767
45068158,0,32767,32767,32767,-306,-306,32767
45082774,0,32767,32767,32767,-299,-299,32767
45098446,0,32767,32767,32767,-303,-303,32767
45116302,0,32767,32767,32767,-336,-336,32767
45130289,0,32767,32767,32767,-318,-318,32767
45146304,0,32767,32767,32767,-300,-300,32767
45160611,0,32767,-2,32767,-304,-304,32767
45177311,0,32767,32767,32767,-310,-310,32767
45191919,0,32767,32767,32767,-313,-313,32767
45207441,0,32767,32767,32767,-301,-301,32767
45223329,0,32767,32767,32767,-314,-314,32767
45239311,0,32767,32767,32767,-319,-319,32767
45254313,0,32767,32767,32767,-310,-310,32767
45270143,0,32767,-2,32767,-308,-308,32767
45284005,0,32767,32767,32767,-297,-297,32767
45300573,0,32767,32767,32767,-304,-304,32767
45314775,0,32767,32767,32767,-307,-307,32767
45330105,0,32767,32767,32767,-296,-296,32767
45344411,0,32767,32767,32767,-297,-297,32767
45360169,0,32767,32767,32767,-300,-300,32767
45377206,0,32767,-3,32767,-328,-328,32767
45390595,0,32767,32767,32767,-304,-304,32767
45407308,0,32767,32767,32767,-301,-301,32767
45420789,0,32767,32767,32767,-302,-302,32767
45438344,0,32767,32767,32767,-310,-310,32767
45452579,0,32767,32767,32767,-318,-318,32767
45469306,0,32767,32767,32767,-310,-310,32767
45482434,0,32767,-2,32767,-299,-299,32767
45499304,0,32767,32767,32767,-300,-300,32767
45513964,0,32767,32767,32767,-315,-315,32767
45527533,0,32767,32767,32767,-282,-282,32767
45543908,0,32767,32767,32767,-300,-300,32767
45559304,0,32767,32767,32767,-318,-318,32767
45573590,0,32767,32767,32767,-296,-296,32767
45589135,0,32767,-2,32767,-298,-298,32767
45603580,0,32767,32767,32767,-300,-300,32767
45619754,0,32767,32767,32767,-306,-306,32767
45634768,0,32767,32767,32767,-312,-312,32767
45651301,0,32767,32767,32767,-316,-316,32767
45664207,0,32767,32767,32767,-295,-295,32767
45679689,0,32767,32767,32767,-283,-283,32767
45694850,0,32767,-2,32767,-306,-306,32767
45711342,0,32767,32767,32767,-317,-317,32767
45724631,0,32767,32767,32767,-298,-298,32767
45740250,0,32767,32767,32767,-289,-289,32767
45755773,0,32767,32767,32767,-311,-311,32767
45772316,0,32767,32767,32767,-321,-321,32767
45785638,0,32767,32767,32767,-299,-299,32767
45800860,0,32767,-2,32767,-285,-285,32767
45816566,0,32767,32767,32767,-309,-309,32767
45831840,0,32767,32767,32767,-310,-310,32767
45847523,0,32767,32767,32767,-310,-310,32767
45862541,0,32767,32767,32767,-307,-307,32767
45877632,0,32767,32767,32767,-301,-301,32767
45892930,0,32767,32767,32767,-304,-304,32767
45908753,0,32767,-3,32767,-311,-311,32767
45923572,0,32767,32767,32767,-306,-306,32767
45940354,0,32767,32767,32767,-316,-316,32767
45953686,0,32767,32767,32767,-301,-301,32767
45969396,0,32767,32767,32767,-290,-290,32767
45985197,0,32767,32767,32767,-315,-315,32767
46000526,0,32767,32767,32767,-312,-312,32767
46016025,0,32767,-2,32767,-309,-309,32767
46033331,0,32767,32767,32767,-328,-328,32767
46047245,0,32767,32767,32767,-312,-312,32767
46062062,0,32767,32767,32767,-287,-287,32767
46078342,0,32767,32767,32767,-311,-311,32767
46093359,0,32767,32767,32767,-313,-313,32767
46108251,0,32767,32767,32767,-299,-299,32767
46123329,0,32767,-4,32767,-300,-300,32767
46139302,0,32767,32767,32767,-311,-311,32767
46153537,0,32767,32767,32767,-302,-302,32767
46168701,0,32767,32767,32767,-294,-294,32767
46183408,0,32767,32767,32767,-299,-299,32767
46199003,0,32767,32767,32767,-303,-303,32767
46215345,0,32767,32767,32767,-319,-319,32767
46229596,0,32767,-1,32767,-305,-305,32767
46247353,0,32767,32767,32767,-320,-320,32767
46262363,0,32767,32767,32767,-328,-328,32767
46276780,0,32767,32767,32767,-294,-294,32767
46292358,0,32767,32767,32767,-300,-300,32767
46307885,0,32767,32767,32767,-311,-311,32767
46322515,0,32767,32767,32767,-302,-302,32767
46338367,0,32767,-2,32767,-305,-305,32767
46352596,0,32767,32767,32767,-300,-300,32767
46367547,0,32767,32767,32767,-292,-292,32767
46382806,0,32767,32767,32767,-303,-303,32767
46397664,0,32767,32767,32767,-301,-301,32767
46414346,0,32767,32767,32767,-315,-315,32767
46429370,0,32767,32767,32767,-317,-317,32767
46443058,0,32767,-2,32767,-287,-287,32767
46458553,0,32767,32767,32767,-292,-292,32767
46475309,0,32767,32767,32767,-323,-323,32767
46489511,0,32767,32767,32767,-310,-310,32767
46505313,0,32767,32767,32767,-300,-300,32767
46520657,0,32767,32767,32767,-311,-311,32767
46537309,0,32767,32767,32767,-320,-320,32767
46551448,0,32767,-2,32767,-308,-308,32767
46566144,0,32767,32767,32767,-288,-288,32767
46582638,0,32767,32767,32767,-312,-312,32767
46597107,0,32767,32767,32767,-310,-310,32767
46612386,0,32767,32767,32767,-297,-297,32767
46627805,0,32767,32767,32767,-307,-307,32767
46643128,0,32767,32767,32767,-308,-308,32767
46658006,0,32767,-2,32767,-302,-302,32767
46674302,0,32767,32767,32767,-312,-312,32767
46687651,0,32767,32767,32767,-296,-296,32767
46704345,0,32767,32767,32767,-300,-300,32767
46718141,0,32767,32767,32767,-305,-305,32767
46732964,0,32767,32767,32767,-286,-286,32767
46749004,0,32767,32767,32767,-309,-309,32767
46765060,0,32767,-2,32767,-321,-321,32767
46778333,0,32767,32767,32767,-293,-293,32767
46793804,0,32767,32767,32767,-288,-288,32767
46809055,0,32767,32767,32767,-307,-307,32767
46823808,0,32767,32767,32767,-300,-300,32767
46838799,0,32767,32767,32767,-297,-297,32767
46854406,0,32767,32767,32767,-306,-306,32767
46869695,0,32767,-1,32767,-309,-309,32767
46885316,0,32767,32767,32767,-309,-309,32767
46901082,0,32767,32767,32767,-314,-314,32767
46914803,0,32767,32767,32767,-295,-295,32767
46931308,0,32767,32767,32767,-303,-303,32767
46946342,0,32767,32767,32767,-315,-315,32767
46961304,0,32767,32767,32767,-300,-300,32767
46975061,0,32767,-2,32767,-287,-287,32767
46989563,0,32767,32767,32767,-282,-282,32767
47006396,0,32767,32767,32767,-313,-313,32767
47019674,0,32767,32767,32767,-301,-301,32767
47036310,0,32767,32767,32767,-300,-300,32767
47050706,0,32767,32767,32767,-311,-311,32767
47067101,0,32767,32767,32767,-308,-308,32767
47082543,0,32767,-2,32767,-318,-318,32767
47097660,0,32767,32767,32767,-305,-305,32767
47112821,0,32767,32767,32767,-303,-303,32767
47128655,0,32767,32767,32767,-310,-310,32767
47144822,0,32767,32767,32767,-320,-320,32767
47158576,0,32767,32767,32767,-299,-299,32767
47173576,0,32767,32767,32767,-287,-287,32767
47188690,0,32767,-1,32767,-301,-301,32767
47206306,0,32767,32767,32767,-328,-328,32767
47219161,0,32767,32767,32767,-305,-305,32767
47234152,0,32767,32767,32767,-278,-278,32767
47251303,0,32767,32767,32767,-322,-322,32767
47264353,0,32767,32767,32767,-302,-302,32767
47281826,0,32767,32767,32767,-305,-305,32767
47295163,0,32767,-2,32767,-308,-308,32767
47311300,0,32767,32767,32767,-295,-295,32767
47328342,0,32767,32767,32767,-332,-332,32767
47343352,0,32767,32767,32767,-320,-320,32767
47356831,0,32767,32767,32767,-285,-285,32767
47373344,0,32767,32767,32767,-300,-300,32767
47387649,0,32767,32767,32767,-308,-308,32767
47403392,0,32767,-2,32767,-300,-300,32767
47417652,0,32767,32767,32767,-300,-300,32767
47434309,0,32767,32767,32767,-310,-310,32767
47448468,0,32767,32767,32767,-308,-308,32767
47463615,0,32767,32767,32767,-293,-293,32767
47479111,0,32767,32767,32767,-307,-307,32767
47493838,0,32767,32767,32767,-302,-302,32767
47511078,0,32767,-2,32767,-319,-319,32767
47524588,0,32767,32767,32767,-307,-307,32767
47539429,0,32767,32767,32767,-284,-284,32767
47554429,0,32767,32767,32767,-299,-299,32767
47569900,0,32767,32767,32767,-305,-305,32767
47586309,0,32767,32767,32767,-319,-319,32767
47601307,0,32767,32767,32767,-314,-314,32767
47615385,0,32767,-2,32767,-290,-290,32767
47632346,0,32767,32767,32767,-310,-310,32767
47646325,0,32767,32767,32767,-310,-310,32767
47661153,0,32767,32767,32767,-288,-288,32767
47678348,0,32767,32767,32767,-320,-320,32767
47693334,0,32767,32767,32767,-322,-322,32767
47708513,0,32767,32767,32767,-302,-302,32767
47722642,0,32767,-2,32767,-293,-293,32767
47737759,0,32767,32767,32767,-292,-292,32767
47754313,0,32767,32767,32767,-317,-317,32767
47767650,0,32767,32767,32767,-299,-299,32767
47783625,0,32767,32767,32767,-293,-293,32767
47799410,0,32767,32767,32767,-318,-318,32767
47815310,0,32767,32767,32767,-317,-317,32767
47829393,0,32767,-2,32767,-299,-299,32767
47846308,0,32767,32767,32767,-310,-310,32767
47859669,0,32767,32767,32767,-303,-303,32767
47874533,0,32767,32767,32767,-282,-282,32767
47889570,0,32767,32767,32767,-299,-299,32767
47904440,0,32767,32767,32767,-299,-299,32767
47919998,0,32767,32767,32767,-304,-304,32767
47934648,0,32767,-2,32767,-302,-302,32767
47949548,0,32767,32767,32767,-296,-296,32767
47966308,0,32767,32767,32767,-317,-317,32767
47979838,0,32767,32767,32767,-303,-303,32767
47994954,0,32767,32767,32767,-286,-286,32767
48010423,0,32767,32767,32767,-306,-306,32767
48025603,0,32767,32767,32767,-307,-307,32767
48039560,0,32767,-2,32767,-291,-291,32767
48056308,0,32767,32767,32767,-307,-307,32767
48071344,0,32767,32767,32767,-318,-318,32767
48084783,0,32767,32767,32767,-284,-284,32767
48102313,0,32767,32767,32767,-310,-310,32767
48116289,0,32767,32767,32767,-315,-315,32767
48133330,0,32767,32767,32767,-310,-310,32767
48147442,0,32767,-2,32767,-312,-312,32767
48161651,0,32767,32767,32767,-283,-283,32767
48177248,0,32767,32767,32767,-298,-298,32767
48192854,0,32767,32767,32767,-312,-312,32767
48209310,0,32767,32767,32767,-321,-321,32767
48225307,0,32767,32767,32767,-325,-325,32767
48240343,0,32767,32767,32767,-310,-310,32767
48254001,0,32767,-2,32767,-287,-287,32767
48269587,0,32767,32767,32767,-292,-292,32767
48285310,0,32767,32767,32767,-313,-313,32767
48298586,0,32767,32767,32767,-290,-290,32767
48313862,0,32767,32767,32767,-285,-285,32767
48329753,0,32767,32767,32767,-312,-312,32767
48347300,0,32767,32767,32767,-335,-335,32767
48360579,0,32767,-2,32767,-308,-308,32767
48378339,0,32767,32767,32767,-310,-310,32767
48390545,0,32767,32767,32767,-300,-300,32767
48410305,0,32767,32767,32767,-320,-320,32767
48420718,0,32767,32767,32767,-302,-302,32767
48435962,0,32767,32767,32767,-256,-256,32767
48451342,0,32767,32767,32767,-306,-306,32767
48467518,0,32767,-2,32767,-316,-316,32767
48482884,0,32767,32767,32767,-315,-315,32767
48497453,0,32767,32767,32767,-299,-299,32767
48514348,0,32767,32767,32767,-315,-315,32767
48527801,0,32767,32767,32767,-304,-304,32767
48543578,0,32767,32767,32767,-292,-292,32767
48557967,0,32767,32767,32767,-301,-301,32767
48573545,0,32767,-2,32767,-300,-300,32767
48590306,0,32767,32767,32767,-324,-324,32767
48603778,0,32767,32767,32767,-302,-302,32767
48619010,0,32767,32767,32767,-287,-287,32767
48634662,0,32767,32767,32767,-309,-309,32767
48650241,0,32767,32767,32767,-312,-312,32767
48665676,0,32767,32767,32767,-310,-310,32767
48680798,0,32767,-3,32767,-305,-305,32767
48694793,0,32767,32767,32767,-291,-291,32767
48709680,0,32767,32767,32767,-289,-289,32767
48725583,0,32767,32767,32767,-308,-308,32767
48740053,0,32767,32767,32767,-304,-304,32767
48755031,0,32767,32767,32767,-295,-295,32767
48772315,0,32767,32767,32767,-323,-323,32767
48786170,0,32767,-2,32767,-311,-311,32767
48803340,0,32767,32767,32767,-310,-310,32767
48819315,0,32767,32767,32767,-332,-332,32767
48832920,0,32767,32767,32767,-296,-296,32767
48848402,0,32767,32767,32767,-291,-291,32767
48863039,0,32767,32767,32767,-301,-301,32767
48880307,0,32767,32767,32767,-319,-319,32767
48893259,0,32767,-2,32767,-302,-302,32767
48909209,0,32767,32767,32767,-289,-289,32767
48924302,0,32767,32767,32767,-311,-311,32767
48939343,0,32767,32767,32767,-301,-301,32767
48953038,0,32767,32767,32767,-287,-287,32767
48969129,0,32767,32767,32767,-298,-298,32767
48983421,0,32767,32767,32767,-304,-304,32767
48998103,0,32767,-2,32767,-290,-290,32767
49014302,0,32767,32767,32767,-309,-309,32767
49028414,0,32767,32767,32767,-303,-303,32767
49044973,0,32767,32767,32767,-306,-306,32767
49059329,0,32767,32767,32767,-309,-309,32767
49074796,0,32767,32767,32767,-298,-298,32767
49092299,0,32767,32767,32767,-329,-329,32767
49107813,0,32767,-3,32767,-331,-331,32767
49120954,0,32767,32767,32767,-287,-287,32767
49136492,0,32767,32767,32767,-286,-286,32767
49153595,0,32767,32767,32767,-326,-326,32767
49169302,0,32767,32767,32767,-329,-329,32767
49183406,0,32767,32767,32767,-299,-299,32767
49200100,0,32767,32767,32767,-308,-308,32767
49214773,0,32767,-2,32767,-313,-313,32767
49230104,0,32767,32767,32767,-300,-300,32767
49246896,0,32767,32767,32767,-321,-321,32767
49261054,0,32767,32767,32767,-309,-309,32767
49277308,0,32767,32767,32767,-305,-305,32767
49292216,0,32767,32767,32767,-312,-312,32767
49307367,0,32767,32767,32767,-300,-300,32767
49321571,0,32767,-2,32767,-293,-293,32767
49335925,0,32767,32767,32767,-286,-286,32767
49350755,0,32767,32767,32767,-292,-292,32767
49367308,0,32767,32767,32767,-314,-314,32767
49381117,0,32767,32767,32767,-304,-304,32767
49397303,0,32767,32767,32767,-300,-300,32767
49412312,0,32767,32767,32767,-312,-312,32767
49425603,0,32767,-2,32767,-283,-283,32767
49442044,0,32767,32767,32767,-297,-297,32767
49455903,0,32767,32767,32767,-303,-303,32767
49472307,0,32767,32767,32767,-303,-303,32767
49488344,0,32767,32767,32767,-324,-324,32767
49502607,0,32767,32767,32767,-303,-303,32767
49517970,0,32767,32767,32767,-296,-296,32767
49533346,0,32767,-2,32767,-307,-307,32767
49549056,0,32767,32767,32767,-311,-311,32767
49564144,0,32767,32767,32767,-308,-308,32767
49579964,0,32767,32767,32767,-309,-309,32767
49596308,0,32767,32767,32767,-322,-322,32767
49609914,0,32767,32767,32767,-300,-300,32767
49625508,0,32767,32767,32767,-292,-292,32767
49641078,0,32767,-2,32767,-311,-311,32767
49657312,0,32767,32767,32767,-318,-318,32767
49670848,0,32767,32767,32767,-298,-298,32767
49685619,0,32767,32767,32767,-283,-283,32767
49703380,0,32767,32767,32767,-325,-325,32767
49715912,0,32767,32767,32767,-303,-303,32767
49732393,0,32767,32767,32767,-290,-290,32767
49747343,0,32767,-2,32767,-314,-314,32767
49763756,0,32767,32767,32767,-314,-314,32767
49778142,0,32767,32767,32767,-308,-308,32767
49792952,0,32767,32767,32767,-292,-292,32767
49809065,0,32767,32767,32767,-309,-309,32767
49823167,0,32767,32767,32767,-302,-302,32767
49838414,0,32767,32767,32767,-294,-294,32767
49853992,0,32767,-2,32767,-308,-308,32767
49868468,0,32767,32767,32767,-300,-300,32767
49885318,0,32767,32767,32767,-314,-314,32767
49898645,0,32767,32767,32767,-302,-302,32767
49913927,0,32767,32767,32767,-286,-286,32767
49928675,0,32767,32767,32767,-300,-300,32767
49945306,0,32767,32767,32767,-314,-314,32767
49959694,0,32767,-1,32767,-310,-310,32767
49976310,0,32767,32767,32767,-310,-310,32767
49990494,0,32767,32767,32767,-308,-308,32767
50005981,0,32767,32767,32767,-296,-296,32767
50020766,0,32767,32767,32767,-303,-303,32767
50035698,0,32767,32767,32767,-297,-297,32767
50051430,0,32767,32767,32767,-307,-307,32767
50066632,0,32767,-2,32767,-310,-310,32767
50083354,0,32767,32767,32767,-319,-319,32767
50098357,0,32767,32767,32767,-317,-317,32767
50111640,0,32767,32767,32767,-283,-283,32767
50129307,0,32767,32767,32767,-310,-310,32767
50143477,0,32767,32767,32767,-318,-318,32767
50158049,0,32767,32767,32767,-287,-287,32767
50172910,0,32767,-2,32767,-295,-295,32767
50187586,0,32767,32767,32767,-295,-295,32767
50204032,0,32767,32767,32767,-311,-311,32767
50218602,0,32767,32767,32767,-311,-311,32767
50233860,0,32767,32767,32767,-298,-298,32767
50249452,0,32767,32767,32767,-308,-308,32767
50264052,0,32767,32767,32767,-302,-302,32767
50281371,0,32767,-2,32767,-319,-319,32767
50294781,0,32767,32767,32767,-307,-307,32767
50312302,0,32767,32767,32767,-310,-310,32767
50326173,0,32767,32767,32767,-314,-314,32767
50340185,0,32767,32767,32767,-278,-278,32767
50355003,0,32767,32767,32767,-289,-289,32767
50372309,0,32767,32767,32767,-322,-322,32767
50385546,0,32767,-2,32767,-305,-305,32767
50401678,0,32767,32767,32767,-293,-293,32767
50417004,0,32767,32767,32767,-315,-315,32767
50432185,0,32767,32767,32767,-305,-305,32767
50449308,0,32767,32767,32767,-323,-323,32767
50464300,0,32767,32767,32767,-322,-322,32767
50479301,0,32767,32767,32767,-300,-300,32767
50493200,0,32767,-2,32767,-289,-289,32767
50509300,0,32767,32767,32767,-300,-300,32767
50524298,0,32767,32767,32767,-310,-310,32767
50539337,0,32767,32767,32767,-300,-300,32767
50553415,0,32767,32767,32767,-292,-292,32767
50569981,0,32767,32767,32767,-306,-306,32767
50584534,0,32767,32767,32767,-311,-311,32767
50599988,0,32767,-2,32767,-300,-300,32767
50614668,0,32767,32767,32767,-301,-301,32767
50629679,0,32767,32767,32767,-297,-297,32767
50647302,0,32767,32767,32767,-327,-327,32767
50661310,0,32767,32767,32767,-317,-317,32767
50674605,0,32767,32767,32767,-273,-273,32767
50689794,0,32767,32767,32767,-284,-284,32767
50706211,0,32767,-2,32767,-316,-316,32767
50719938,0,32767,32767,32767,-302,-302,32767
50734993,0,32767,32767,32767,-287,-287,32767
50750738,0,32767,32767,32767,-308,-308,32767
50765798,0,32767,32767,32767,-308,-308,32767
50780975,0,32767,32767,32767,-302,-302,32767
50797307,0,32767,32767,32767,-316,-316,32767
50810992,0,32767,-2,32767,-300,-300,32767
50826436,0,32767,32767,32767,-291,-291,32767
50843350,0,32767,32767,32767,-324,-324,32767
50856304,0,32767,32767,32767,-299,-299,32767
50871965,0,32767,32767,32767,-286,-286,32767
50888934,0,32767,32767,32767,-326,-326,32767
50903346,0,32767,32767,32767,-314,-314,32767
50918617,0,32767,-2,32767,-297,-297,32767
50935302,0,32767,32767,32767,-320,-320,32767
50951309,0,32767,32767,32767,-327,-327,32767
50966303,0,32767,32767,32767,-310,-310,32767
50981106,0,32767,32767,32767,-298,-298,32767
50997388,0,32767,32767,32767,-310,-310,32767
51011236,0,32767,32767,32767,-301,-301,32767
51026337,0,32767,-2,32767,-290,-290,32767
51043348,0,32767,32767,32767,-321,-321,32767
51057571,0,32767,32767,32767,-312,-312,32767
51073767,0,32767,32767,32767,-304,-304,32767
51088454,0,32767,32767,32767,-309,-309,32767
51104130,0,32767,32767,32767,-304,-304,32767
51119149,0,32767,32767,32767,-307,-307,32767
51134526,0,32767,-2,32767,-304,-304,32767
51149883,0,32767,32767,32767,-307,-307,32767
51166952,0,32767,32767,32767,-324,-324,32767
51181307,0,32767,32767,32767,-315,-315,32767
51195207,0,32767,32767,32767,-283,-283,32767
51211314,0,32767,32767,32767,-300,-300,32767
51225706,0,32767,32767,32767,-305,-305,32767
51241011,0,32767,-2,32767,-297,-297,32767
51255433,0,32767,32767,32767,-297,-297,32767
51270481,0,32767,32767,32767,-294,-294,32767
51286403,0,32767,32767,32767,-310,-310,32767
51301744,0,32767,32767,32767,-313,-313,32767
51317239,0,32767,32767,32767,-308,-308,32767
51332127,0,32767,32767,32767,-304,-304,32767
51348082,0,32767,-2,32767,-308,-308,32767
51363970,0,32767,32767,32767,-318,-318,32767
51378519,0,32767,32767,32767,-305,-305,32767
51393788,0,32767,32767,32767,-298,-298,32767
51410805,0,32767,32767,32767,-323,-323,32767
51425509,0,32767,32767,32767,-318,-318,32767
51442309,0,32767,32767,32767,-315,-315,32767
51455405,0,32767,-2,32767,-299,-299,32767
51472383,0,32767,32767,32767,-300,-300,32767
51487813,0,32767,32767,32767,-324,-324,32767
51501788,0,32767,32767,32767,-294,-294,32767
51517338,0,32767,32767,32767,-295,-295,32767
51532325,0,32767,32767,32767,-306,-306,32767
51550302,0,32767,32767,32767,-330,-330,32767
51564219,0,32767,-2,32767,-319,-319,32767
51579416,0,32767,32767,32767,-291,-291,32767
51594435,0,32767,32767,32767,-302,-302,32767
51611311,0,32767,32767,32767,-319,-319,32767
51624685,0,32767,32767,32767,-302,-302,32767
51641049,0,32767,32767,32767,-297,-297,32767
51654527,0,32767,32767,32767,-299,-299,32767
51670408,0,32767,-2,32767,-294,-294,32767
51685385,0,32767,32767,32767,-308,-308,32767
51701302,0,32767,32767,32767,-309,-309,32767
51716304,0,32767,32767,32767,-310,-310,32767
51729550,0,32767,32767,32767,-282,-282,32767
51745273,0,32767,32767,32767,-289,-289,32767
51760861,0,32767,32767,32767,-313,-313,32767
51777298,0,32767,-2,32767,-320,-320,32767
51791638,0,32767,32767,32767,-308,-308,32767
51807135,0,32767,32767,32767,-299,-299,32767
51825386,0,32767,32767,32767,-337,-337,32767
51838352,0,32767,32767,32767,-312,-312,32767
51852509,0,32767,32767,32767,-272,-272,32767
51869070,0,32767,32767,32767,-307,-307,32767
51884067,0,32767,-2,32767,-315,-315,32767
51900335,0,32767,32767,32767,-313,-313,32767
51915975,0,32767,32767,32767,-319,-319,32767
51931140,0,32767,32767,32767,-308,-308,32767
51947203,0,32767,32767,32767,-313,-313,32767
51961049,0,32767,32767,32767,-299,-299,32767
51978329,0,32767,32767,32767,-311,-311,32767
51991604,0,32767,-2,32767,-306,-306,32767
52006993,0,32767,32767,32767,-286,-286,32767
52022165,0,32767,32767,32767,-305,-305,32767
52039300,0,32767,32767,32767,-324,-324,32767
52052677,0,32767,32767,32767,-305,-305,32767
52070461,0,32767,32767,32767,-311,-311,32767
52085306,0,32767,32767,32767,-327,-327,32767
52099598,0,32767,-1,32767,-291,-291,32767
52114772,0,32767,32767,32767,-294,-294,32767
52129726,0,32767,32767,32767,-302,-302,32767
52145870,0,32767,32767,32767,-311,-311,32767
52160616,0,32767,32767,32767,-309,-309,32767
52178329,0,32767,32767,32767,-325,-325,32767
52193328,0,32767,32767,32767,-327,-327,32767
52208960,0,32767,-1,32767,-306,-306,32767
52224313,0,32767,32767,32767,-310,-310,32767
52237906,0,32767,32767,32767,-290,-290,32767
52252993,0,32767,32767,32767,-286,-286,32767
52270307,0,32767,32767,32767,-324,-324,32767
52283555,0,32767,32767,32767,-306,-306,32767
52298712,0,32767,32767,32767,-284,-284,32767
52314093,0,32767,-2,32767,-305,-305,32767
52329508,0,32767,32767,32767,-308,-308,32767
52348329,0,32767,32767,32767,-343,-343,32767
52361313,0,32767,32767,32767,-318,-318,32767
52376300,0,32767,32767,32767,-280,-280,32767
52390502,0,32767,32767,32767,-292,-292,32767
52405387,0,32767,32767,32767,-290,-290,32767
52420774,0,32767,-2,32767,-302,-302,32767
52435606,0,32767,32767,32767,-303,-303,32767
52450872,0,32767,32767,32767,-301,-301,32767
52466496,0,32767,32767,32767,-308,-308,32767
52481766,0,32767,32767,32767,-309,-309,32767
52498328,0,32767,32767,32767,-319,-319,32767
52513335,0,32767,32767,32767,-316,-316,32767
52528428,0,32767,-3,32767,-301,-301,32767
52543586,0,32767,32767,32767,-302,-302,32767
52558795,0,32767,32767,32767,-303,-303,32767
52573909,0,32767,32767,32767,-304,-304,32767
52591300,0,32767,32767,32767,-326,-326,32767
52606301,0,32767,32767,32767,-324,-324,32767
52620738,0,32767,32767,32767,-294,-294,32767
52635867,0,32767,-3,32767,-295,-295,32767
52650835,0,32767,32767,32767,-301,-301,32767
52669303,0,32767,32767,32767,-335,-335,32767
52681841,0,32767,32767,32767,-310,-310,32767
52696169,0,32767,32767,32767,-268,-268,32767
52712306,0,32767,32767,32767,-305,-305,32767
52726178,0,32767,32767,32767,-300,-300,32767
52741624,0,32767,-2,32767,-293,-293,32767
52756218,0,32767,32767,32767,-301,-301,32767
52773345,0,32767,32767,32767,-317,-317,32767
52789308,0,32767,32767,32767,-331,-331,32767
52804300,0,32767,32767,32767,-310,-310,32767
52820386,0,32767,32767,32767,-310,-310,32767
52833698,0,32767,32767,32767,-293,-293,32767
52849639,0,32767,-2,32767,-293,-293,32767
52866307,0,32767,32767,32767,-327,-327,32767
52881302,0,32767,32767,32767,-317,-317,32767
52894797,0,32767,32767,32767,-284,-284,32767
52909785,0,32767,32767,32767,-284,-284,32767
52925772,0,32767,32767,32767,-310,-310,32767
52942307,0,32767,32767,32767,-326,-326,32767
52956008,0,32767,-2,32767,-303,-303,32767
52972302,0,32767,32767,32767,-300,-300,32767
52986823,0,32767,32767,32767,-308,-308,32767
53003440,0,32767,32767,32767,-311,-311,32767
53017583,0,32767,32767,32767,-307,-307,32767
53032493,0,32767,32767,32767,-290,-290,32767
53049162,0,32767,32767,32767,-316,-316,32767
53063351,0,32767,-3,32767,-309,-309,32767
53079302,0,32767,32767,32767,-302,-302,32767
53095386,0,32767,32767,32767,-320,-320,32767
53108326,0,32767,32767,32767,-290,-290,32767
53123196,0,32767,32767,32767,-278,-278,32767
53139330,0,32767,32767,32767,-310,-310,32767
53153585,0,32767,32767,32767,-304,-304,32767
53168654,0,32767,-2,32767,-293,-293,32767
53185620,0,32767,32767,32767,-321,-321,32767
53200307,0,32767,32767,32767,-317,-317,32767
53214687,0,32767,32767,32767,-290,-290,32767
53230936,0,32767,32767,32767,-306,-306,32767
53246304,0,32767,32767,32767,-317,-317,32767
53261383,0,32767,32767,32767,-304,-304,32767
53276119,0,32767,-3,32767,-298,-298,32767
53289768,0,32767,32767,32767,-284,-284,32767
53304715,0,32767,32767,32767,-286,-286,32767
53319684,0,32767,32767,32767,-299,-299,32767
53334935,0,32767,32767,32767,-302,-302,32767
53350757,0,32767,32767,32767,-311,-311,32767
53365896,0,32767,32767,32767,-309,-309,32767
53380913,0,32767,-2,32767,-302,-302,32767
53397300,0,32767,32767,32767,-315,-315,32767
53412308,0,32767,32767,32767,-314,-314,32767
53426086,0,32767,32767,32767,-287,-287,32767
53443333,0,32767,32767,32767,-310,-310,32767
53457503,0,32767,32767,32767,-315,-315,32767
53472923,0,32767,32767,32767,-296,-296,32767
53489570,0,32767,-1,32767,-320,-320,32767
53503577,0,32767,32767,32767,-306,-306,32767
53518778,0,32767,32767,32767,-292,-292,32767
53535308,0,32767,32767,32767,-318,-318,32767
53550068,0,32767,32767,32767,-313,-313,32767
53568354,0,32767,32767,32767,-330,-330,32767
53582302,0,32767,32767,32767,-323,-323,32767
53595393,0,32767,-2,32767,-270,-270,32767
53610233,0,32767,32767,32767,-279,-279,32767
53625615,0,32767,32767,32767,-303,-303,32767
53642308,0,32767,32767,32767,-321,-321,32767
53657303,0,32767,32767,32767,-317,-317,32767
53670600,0,32767,32767,32767,-283,-283,32767
53686607,0,32767,32767,32767,-293,-293,32767
53703650,0,32767,-2,32767,-330,-330,32767
53716785,0,32767,32767,32767,-301,-301,32767
53733328,0,32767,32767,32767,-297,-297,32767
53748261,0,32767,32767,32767,-315,-315,32767
53761809,0,32767,32767,32767,-285,-285,32767
53780309,0,32767,32767,32767,-321,-321,32767
53793212,0,32767,32767,32767,-314,-314,32767
53807990,0,32767,-1,32767,-276,-276,32767
53823476,0,32767,32767,32767,-302,-302,32767
53840411,0,32767,32767,32767,-325,-325,32767
53854343,0,32767,32767,32767,-309,-309,32767
53869675,0,32767,32767,32767,-292,-292,32767
53886408,0,32767,32767,32767,-321,-321,32767
53901711,0,32767,32767,32767,-321,-321,32767
53916071,0,32767,-2,32767,-296,-296,32767
53931865,0,32767,32767,32767,-301,-301,32767
53946224,0,32767,32767,32767,-302,-302,32767
53960987,0,32767,32767,32767,-291,-291,32767
53978437,0,32767,32767,32767,-322,-322,32767
53991557,0,32767,32767,32767,-306,-306,32767
54009308,0,32767,32767,32767,-309,-309,32767
54022884,0,32767,-2,32767,-313,-313,32767
54039309,0,32767,32767,32767,-300,-300,32767
54054300,0,32767,32767,32767,-315,-315,32767
54070307,0,32767,32767,32767,-310,-310,32767
54082902,0,32767,32767,32767,-286,-286,32767
54098007,0,32767,32767,32767,-277,-277,32767
54113566,0,32767,32767,32767,-306,-306,32767
54128685,0,32767,-1,32767,-306,-306,32767
54146308,0,32767,32767,32767,-328,-328,32767
54159638,0,32767,32767,32767,-310,-310,32767
54176386,0,32767,32767,32767,-300,-300,32767
54191126,0,32767,32767,32767,-315,-315,32767
54208350,0,32767,32767,32767,-320,-320,32767
54220656,0,32767,32767,32767,-295,-295,32767
54235923,0,32767,-2,32767,-276,-276,32767
54251684,0,32767,32767,32767,-310,-310,32767
54268245,0,32767,32767,32767,-323,-323,32767
54282228,0,32767,32767,32767,-306,-306,32767
54296770,0,32767,32767,32767,-285,-285,32767
54312129,0,32767,32767,32767,-299,-299,32767
54328227,0,32767,32767,32767,-315,-315,32767
54342950,0,32767,-2,32767,-308,-308,32767
54358962,0,32767,32767,32767,-307,-307,32767
54374362,0,32767,32767,32767,-314,-314,32767
54388421,0,32767,32767,32767,-295,-295,32767
54405468,0,32767,32767,32767,-311,-311,32767
54419613,0,32767,32767,32767,-312,-312,32767
54436310,0,32767,32767,32767,-309,-309,32767
54450991,0,32767,-1,32767,-313,-313,32767
54465435,0,32767,32767,32767,-291,-291,32767
54481674,0,32767,32767,32767,-307,-307,32767
54495539,0,32767,32767,32767,-301,-301,32767
54512308,0,32767,32767,32767,-307,-307,32767
54526244,0,32767,32767,32767,-307,-307,32767
54543332,0,32767,32767,32767,-310,-310,32767
54557362,0,32767,-3,32767,-311,-311,32767
54572608,0,32767,32767,32767,-293,-293,32767
54589012,0,32767,32767,32767,-317,-317,32767
54603473,0,32767,32767,32767,-308,-308,32767
54619079,0,32767,32767,32767,-300,-300,32767
54634935,0,32767,32767,32767,-315,-315,32767
54649924,0,32767,32767,32767,-309,-309,32767
54665523,0,32767,-2,32767,-306,-306,32767
54682378,0,32767,32767,32767,-324,-324,32767
54697503,0,32767,32767,32767,-320,-320,32767
54712092,0,32767,32767,32767,-297,-297,32767
54730302,0,32767,32767,32767,-328,-328,32767
54743329,0,32767,32767,32767,-313,-313,32767
54757719,0,32767,32767,32767,-274,-274,32767
54773192,0,32767,-1,32767,-298,-298,32767
54788830,0,32767,32767,32767,-311,-311,32767
54804360,0,32767,32767,32767,-312,-312,32767
54820026,0,32767,32767,32767,-312,-312,32767
54835003,0,32767,32767,32767,-307,-307,32767
54851314,0,32767,32767,32767,-313,-313,32767
54867308,0,32767,32767,32767,-323,-323,32767
54880812,0,32767,-2,32767,-295,-295,32767
54897306,0,32767,32767,32767,-300,-300,32767
54911090,0,32767,32767,32767,-302,-302,32767
54928332,0,32767,32767,32767,-310,-310,32767
54940809,0,32767,32767,32767,-298,-298,32767
54958329,0,32767,32767,32767,-300,-300,32767
54971556,0,32767,32767,32767,-307,-307,32767
54987238,0,32767,-2,32767,-289,-289,32767
55003448,0,32767,32767,32767,-319,-319,32767
55019305,0,32767,32767,32767,-321,-321,32767
55034308,0,32767,32767,32767,-309,-309,32767
55048635,0,32767,32767,32767,-293,-293,32767
55062831,0,32767,32767,32767,-285,-285,32767
55079306,0,32767,32767,32767,-307,-307,32767
55093192,0,32767,-2,32767,-303,-303,32767
55108941,0,32767,32767,32767,-296,-296,32767
55124360,0,32767,32767,32767,-312,-312,32767
55139519,0,32767,32767,32767,-306,-306,32767
55154576,0,32767,32767,32767,-302,-302,32767
55169415,0,32767,32767,32767,-299,-299,32767
55187305,0,32767,32767,32767,-328,-328,32767
55202674,0,32767,-1,32767,-332,-332,32767
55215744,0,32767,32767,32767,-284,-284,32767
55231004,0,32767,32767,32767,-284,-284,32767
55248114,0,32767,32767,32767,-324,-324,32767
55263332,0,32767,32767,32767,-323,-323,32767
55277285,0,32767,32767,32767,-291,-291,32767
55292478,0,32767,32767,32767,-291,-291,32767
55307669,0,32767,-2,32767,-304,-304,32767
55322701,0,32767,32767,32767,-303,-303,32767
55341304,0,32767,32767,32767,-337,-337,32767
55353097,0,32767,32767,32767,-303,-303,32767
55370386,0,32767,32767,32767,-290,-290,32767
55384534,0,32767,32767,32767,-315,-315,32767
55401310,0,32767,32767,32767,-310,-310,32767
55415927,0,32767,-2,32767,-314,-314,32767
55432022,0,32767,32767,32767,-307,-307,32767
55447591,0,32767,32767,32767,-316,-316,32767
55462302,0,32767,32767,32767,-303,-303,32767
55478333,0,32767,32767,32767,-308,-308,32767
55491988,0,32767,32767,32767,-296,-296,32767
55509309,0,32767,32767,32767,-310,-310,32767
55522421,0,32767,-2,32767,-305,-305,32767
55536945,0,32767,32767,32767,-276,-276,32767
55552261,0,32767,32767,32767,-298,-298,32767
55567680,0,32767,32767,32767,-307,-307,32767
55582368,0,32767,32767,32767,-301,-301,32767
55598055,0,32767,32767,32767,-304,-304,32767
55613390,0,32767,32767,32767,-310,-310,32767
55627924,0,32767,-2,32767,-299,-299,32767
55643583,0,32767,32767,32767,-302,-302,32767
55658661,0,32767,32767,32767,-307,-307,32767
55673882,0,32767,32767,32767,-303,-303,32767
55689856,0,32767,32767,32767,-312,-312,32767
55706148,0,32767,32767,32767,-323,-323,32767
55720289,0,32767,32767,32767,-304,-304,32767
55735704,0,32767,-2,32767,-296,-296,32767
55750515,0,32767,32767,32767,-303,-303,32767
55767629,0,32767,32767,32767,-319,-319,32767
55782334,0,32767,32767,32767,-318,-318,32767
55798332,0,32767,32767,32767,-307,-307,32767
55812187,0,32767,32767,32767,-298,-298,32767
55828135,0,32767,32767,32767,-298,-298,32767
55843748,0,32767,-2,32767,-316,-316,32767
55858133,0,32767,32767,32767,-300,-300,32767
55874302,0,32767,32767,32767,-306,-306,32767
55888708,0,32767,32767,32767,-306,-306,32767
55903919,0,32767,32767,32767,-296,-296,32767
55920492,0,32767,32767,32767,-317,-317,32767
55934822,0,32767,32767,32767,-309,-309,32767
55950082,0,32767,-2,32767,-296,-296,32767
55965710,0,32767,32767,32767,-309,-309,32767
55982308,0,32767,32767,32767,-323,-323,32767
55997302,0,32767,32767,32767,-316,-316,32767
56011418,0,32767,32767,32767,-291,-291,32767
56028355,0,32767,32767,32767,-310,-310,32767
56041988,0,32767,32767,32767,-305,-305,32767
56056547,0,32767,-2,32767,-282,-282,32767
56071536,0,32767,32767,32767,-296,-296,32767
56086300,0,32767,32767,32767,-298,-298,32767
56101557,0,32767,32767,32767,-300,-300,32767
56117342,0,32767,32767,32767,-310,-310,32767
56134310,0,32767,32767,32767,-328,-328,32767
56148138,0,32767,32767,32767,-308,-308,32767
56163238,0,32767,-2,32767,-289,-289,32767
56178148,0,32767,32767,32767,-300,-300,32767
56194343,0,32767,32767,32767,-311,-311,32767
56209520,0,32767,32767,32767,-314,-314,32767
56225309,0,32767,32767,32767,-310,-310,32767
56238792,0,32767,32767,32767,-292,-292,32767
56253887,0,32767,32767,32767,-285,-285,32767
56270024,0,32767,-2,32767,-313,-313,32767
56284064,0,32767,32767,32767,-302,-302,32767
56301337,0,32767,32767,32767,-313,-313,32767
56315099,0,32767,32767,32767,-310,-310,32767
56330834,0,32767,32767,32767,-295,-295,32767
56346151,0,32767,32767,32767,-311,-311,32767
56360467,0,32767,32767,32767,-296,-296,32767
56377011,0,32767,-2,32767,-309,-309,32767
56391307,0,32767,32767,32767,-309,-309,32767
56408328,0,32767,32767,32767,-313,-313,32767
56422631,0,32767,32767,32767,-313,-313,32767
56438336,0,32767,32767,32767,-300,-300,32767
56454310,0,32767,32767,32767,-317,-317,32767
56469136,0,32767,32767,32767,-308,-308,32767
56483687,0,32767,-2,32767,-293,-293,32767
56498397,0,32767,32767,32767,-292,-292,32767
56517310,0,32767,32767,32767,-337,-337,32767
56529592,0,32767,32767,32767,-312,-312,32767
56545502,0,32767,32767,32767,-282,-282,32767
56560042,0,32767,32767,32767,-305,-305,32767
56577307,0,32767,32767,32767,-318,-318,32767
56590914,0,32767,-3,32767,-309,-309,32767
56607555,0,32767,32767,32767,-302,-302,32767
56621168,0,32767,32767,32767,-302,-302,32767
56638338,0,32767,32767,32767,-308,-308,32767
56651831,0,32767,32767,32767,-307,-307,32767
56667614,0,32767,32767,32767,-293,-293,32767
56682087,0,32767,32767,32767,-302,-302,32767
56698029,0,32767,-2,32767,-304,-304,32767
56712777,0,32767,32767,32767,-307,-307,32767
56726582,0,32767,32767,32767,-285,-285,32767
56743335,0,32767,32767,32767,-306,-306,32767
56758338,0,32767,32767,32767,-318,-318,32767
56772509,0,32767,32767,32767,-292,-292,32767
56787085,0,32767,32767,32767,-287,-287,32767
56802069,0,32767,-2,32767,-295,-295,32767
56817815,0,32767,32767,32767,-308,-308,32767
56832955,0,32767,32767,32767,-309,-309,32767
56848889,0,32767,32767,32767,-310,-310,32767
56863160,0,32767,32767,32767,-302,-302,32767
56878172,0,32767,32767,32767,-293,-293,32767
56893190,0,32767,32767,32767,-300,-300,32767
56908733,0,32767,-2,32767,-306,-306,32767
56923000,0,32767,32767,32767,-299,-299,32767
56937518,0,32767,32767,32767,-288,-288,32767
56952909,0,32767,32767,32767,-299,-299,32767
56970315,0,32767,32767,32767,-328,-328,32767
56984979,0,32767,32767,32767,-320,-320,32767
57000297,0,32767,32767,32767,-299,-299,32767
57015000,0,32767,-2,32767,-301,-301,32767
57030169,0,32767,32767,32767,-299,-299,32767
57045645,0,32767,32767,32767,-306,-306,32767
57060885,0,32767,32767,32767,-307,-307,32767
57077317,0,32767,32767,32767,-317,-317,32767
57092071,0,32767,32767,32767,-312,-312,32767
57107365,0,32767,32767,32767,-300,-300,32767
57122592,0,32767,-1,32767,-305,-305,32767
57139300,0,32767,32767,32767,-320,-320,32767
57154310,0,32767,32767,32767,-318,-318,32767
57169185,0,32767,32767,32767,-298,-298,32767
57185310,0,32767,32767,32767,-310,-310,32767
57198761,0,32767,32767,32767,-296,-296,32767
57216310,0,32767,32767,32767,-310,-310,32767
57229897,0,32767,-1,32767,-311,-311,32767
57245420,0,32767,32767,32767,-291,-291,32767
57260810,0,32767,32767,32767,-310,-310,32767
57275455,0,32767,32767,32767,-300,-300,32767
57290938,0,32767,32767,32767,-301,-301,32767
57309308,0,32767,32767,32767,-339,-339,32767
57321596,0,32767,32767,32767,-306,-306,32767
57337246,0,32767,-2,32767,-279,-279,32767
57351646,0,32767,32767,32767,-301,-301,32767
57366967,0,32767,32767,32767,-297,-297,32767
57382346,0,32767,32767,32767,-307,-307,32767
57398085,0,32767,32767,32767,-311,-311,32767
57415309,0,32767,32767,32767,-330,-330,32767
57428547,0,32767,32767,32767,-305,-305,32767
57443558,0,32767,-2,32767,-282,-282,32767
57458475,0,32767,32767,32767,-299,-299,32767
57475308,0,32767,32767,32767,-318,-318,32767
57488919,0,32767,32767,32767,-305,-305,32767
57505905,0,32767,32767,32767,-306,-306,32767
57519900,0,32767,32767,32767,-310,-310,32767
57536343,0,32767,32767,32767,-304,-304,32767
57550642,0,32767,-2,32767,-307,-307,32767
57568334,0,32767,32767,32767,-320,-320,32767
57581538,0,32767,32767,32767,-309,-309,32767
57596196,0,32767,32767,32767,-278,-278,32767
57613348,0,32767,32767,32767,-318,-318,32767
57628345,0,32767,32767,32767,-322,-322,32767
57643747,0,32767,32767,32767,-304,-304,32767
57657881,0,32767,-2,32767,-295,-295,32767
57673192,0,32767,32767,32767,-294,-294,32767
57689025,0,32767,32767,32767,-312,-312,32767
57704822,0,32767,32767,32767,-317,-317,32767
57722302,0,32767,32767,32767,-333,-333,32767
57735350,0,32767,32767,32767,-305,-305,32767
57752313,0,32767,32767,32767,-300,-300,32767
57765692,0,32767,-1,32767,-303,-303,32767
57782304,0,32767,32767,32767,-300,-300,32767
57796492,0,32767,32767,32767,-308,-308,32767
57814302,0,32767,32767,32767,-320,-320,32767
57828475,0,32767,32767,32767,-320,-320,32767
57842293,0,32767,32767,32767,-279,-279,32767
57857618,0,32767,32767,32767,-292,-292,32767
57872527,0,32767,-2,32767,-303,-303,32767
57888568,0,32767,32767,32767,-309,-309,32767
57904300,0,32767,32767,32767,-318,-318,32767
57920387,0,32767,32767,32767,-318,-318,32767
57933115,0,32767,32767,32767,-288,-288,32767
57950302,0,32767,32767,32767,-300,-300,32767
57964394,0,32767,32767,32767,-312,-312,32767
57979026,0,32767,-2,32767,-287,-287,32767
57995305,0,32767,32767,32767,-310,-310,32767
58009777,0,32767,32767,32767,-307,-307,32767
58024764,0,32767,32767,32767,-294,-294,32767
58042383,0,32767,32767,32767,-326,-326,32767
58057320,0,32767,32767,32767,-326,-326,32767
58070965,0,32767,32767,32767,-286,-286,32767
58086344,0,32767,-2,32767,-290,-290,32767
58103354,0,32767,32767,32767,-324,-324,32767
58117033,0,32767,32767,32767,-307,-307,32767
58133343,0,32767,32767,32767,-300,-300,32767
58148103,0,32767,32767,32767,-311,-311,32767
58163128,0,32767,32767,32767,-298,-298,32767
58179463,0,32767,32767,32767,-313,-313,32767
58193982,0,32767,-2,32767,-308,-308,32767
58211308,0,32767,32767,32767,-319,-319,32767
58227302,0,32767,32767,32767,-334,-334,32767
58239969,0,32767,32767,32767,-286,-286,32767
58256308,0,32767,32767,32767,-290,-290,32767
58271302,0,32767,32767,32767,-314,-314,32767
58285491,0,32767,32767,32767,-291,-291,32767
58300641,0,32767,-2,32767,-293,-293,32767
58315810,0,32767,32767,32767,-304,-304,32767
58332302,0,32767,32767,32767,-317,-317,32767
58347301,0,32767,32767,32767,-315,-315,32767
58360939,0,32767,32767,32767,-286,-286,32767
58377307,0,32767,32767,32767,-300,-300,32767
58392303,0,32767,32767,32767,-314,-314,32767
58406617,0,32767,-2,32767,-293,-293,32767
58422303,0,32767,32767,32767,-300,-300,32767
58436219,0,32767,32767,32767,-296,-296,32767
58451494,0,32767,32767,32767,-291,-291,32767
58469300,0,32767,32767,32767,-331,-331,32767
58482656,0,32767,32767,32767,-312,-312,32767
58497244,0,32767,32767,32767,-279,-279,32767
58513799,0,32767,-1,32767,-311,-311,32767
58528866,0,32767,32767,32767,-316,-316,32767
58543357,0,32767,32767,32767,-296,-296,32767
58560308,0,32767,32767,32767,-315,-315,32767
58575464,0,32767,32767,32767,-321,-321,32767
58589720,0,32767,32767,32767,-294,-294,32767
58606310,0,32767,32767,32767,-309,-309,32767
58620900,0,32767,-3,32767,-312,-312,32767
58635802,0,32767,32767,32767,-295,-295,32767
58650425,0,32767,32767,32767,-295,-295,32767
58666523,0,32767,32767,32767,-307,-307,32767
58681469,0,32767,32767,32767,-310,-310,32767
58697308,0,32767,32767,32767,-308,-308,32767
58712304,0,32767,32767,32767,-309,-309,32767
58728754,0,32767,-2,32767,-314,-314,32767
58743378,0,32767,32767,32767,-310,-310,32767
58757517,0,32767,32767,32767,-288,-288,32767
58773146,0,32767,32767,32767,-298,-298,32767
58788821,0,32767,32767,32767,-313,-313,32767
58804083,0,32767,32767,32767,-309,-309,32767
58818886,0,32767,32767,32767,-300,-300,32767
58834411,0,32767,-4,32767,-304,-304,32767
58850225,0,32767,32767,32767,-314,-314,32767
58865063,0,32767,32767,32767,-306,-306,32767
58880249,0,32767,32767,32767,-300,-300,32767
58894721,0,32767,32767,32767,-297,-297,32767
58910057,0,32767,32767,32767,-298,-298,32767
58925157,0,32767,32767,32767,-304,-304,32767
58940592,0,32767,-1,32767,-305,-305,32767
58956008,0,32767,32767,32767,-309,-309,32767
58972386,0,32767,32767,32767,-318,-318,32767
58986627,0,32767,32767,32767,-306,-306,32767
59003337,0,32767,32767,32767,-310,-310,32767
59016887,0,32767,32767,32767,-302,-302,32767
59033355,0,32767,32767,32767,-300,-300,32767
59049334,0,32767,-2,32767,-325,-325,32767
59062244,0,32767,32767,32767,-289,-289,32767
59078326,0,32767,32767,32767,-290,-290,32767
59092935,0,32767,32767,32767,-307,-307,32767
59108843,0,32767,32767,32767,-305,-305,32767
59123388,0,32767,32767,32767,-304,-304,32767
59139515,0,32767,32767,32767,-307,-307,32767
59153027,0,32767,-2,32767,-297,-297,32767
59168076,0,32767,32767,32767,-285,-285,32767
59183937,0,32767,32767,32767,-309,-309,32767
59198554,0,32767,32767,32767,-305,-305,32767
59214284,0,32767,32767,32767,-303,-303,32767
59233080,0,32767,32767,32767,-345,-345,32767
59244848,0,32767,32767,32767,-306,-306,32767
59260025,0,32767,-2,32767,-270,-270,32767
59275973,0,32767,32767,32767,-311,-311,32767
59290419,0,32767,32767,32767,-304,-304,32767
59305251,0,32767,32767,32767,-293,-293,32767
59321302,0,32767,32767,32767,-309,-309,32767
59336308,0,32767,32767,32767,-311,-311,32767
59349945,0,32767,32767,32767,-286,-286,32767
59365572,0,32767,-2,32767,-292,-292,32767
59382311,0,32767,32767,32767,-324,-324,32767
59397302,0,32767,32767,32767,-318,-318,32767
59412300,0,32767,32767,32767,-300,-300,32767
59426911,0,32767,32767,32767,-296,-296,32767
59444309,0,32767,32767,32767,-320,-320,32767
59457484,0,32767,32767,32767,-305,-305,32767
59472720,0,32767,-2,32767,-284,-284,32767
59487759,0,32767,32767,32767,-303,-303,32767
59503466,0,32767,32767,32767,-307,-307,32767
59518391,0,32767,32767,32767,-306,-306,32767
59534150,0,32767,32767,32767,-307,-307,32767
59549992,0,32767,32767,32767,-316,-316,32767
59568350,0,32767,32767,32767,-342,-342,32767
59581550,0,32767,-2,32767,-316,-316,32767
59598326,0,32767,32767,32767,-300,-300,32767
59612273,0,32767,32767,32767,-307,-307,32767
59627921,0,32767,32767,32767,-296,-296,32767
59644101,0,32767,32767,32767,-319,-319,32767
59659573,0,32767,32767,32767,-316,-316,32767
59675087,0,32767,32767,32767,-309,-309,32767
59690160,0,32767,-2,32767,-306,-306,32767
59706329,0,32767,32767,32767,-313,-313,32767
59719959,0,32767,32767,32767,-298,-298,32767
59739308,0,32767,32767,32767,-330,-330,32767
59750011,0,32767,32767,32767,-301,-301,32767
59765616,0,32767,32767,32767,-263,-263,32767
59780289,0,32767,32767,32767,-302,-302,32767
59794786,0,32767,-1,32767,-291,-291,32767
59811302,0,32767,32767,32767,-311,-311,32767
59825874,0,32767,32767,32767,-311,-311,32767
59841733,0,32767,32767,32767,-304,-304,32767
59856396,0,32767,32767,32767,-305,-305,32767
59873354,0,32767,32767,32767,-316,-316,32767
59888612,0,32767,32767,32767,-323,-323,32767
59902583,0,32767,-2,32767,-292,-292,32767
59920302,0,32767,32767,32767,-317,-317,32767
59933546,0,32767,32767,32767,-310,-310,32767
59949454,0,32767,32767,32767,-291,-291,32767
59966301,0,32767,32767,32767,-328,-328,32767
59981717,0,32767,32767,32767,-323,-323,32767
59996041,0,32767,32767,32767,-297,-297,32767
60011505,0,32767,-3,32767,-298,-298,32767
60028337,0,32767,32767,32767,-323,-323,32767
60042396,0,32767,32767,32767,-308,-308,32767
60056147,0,32767,32767,32767,-278,-278,32767
60071093,0,32767,32767,32767,-287,-287,32767
60086353,0,32767,32767,32767,-302,-302,32767
60103328,0,32767,32767,32767,-323,-323,32767
60116154,0,32767,-2,32767,-298,-298,32767
60132396,0,32767,32767,32767,-290,-290,32767
60148332,0,32767,32767,32767,-322,-322,32767
60162210,0,32767,32767,32767,-299,-299,32767
60178355,0,32767,32767,32767,-300,-300,32767
60194306,0,32767,32767,32767,-321,-321,32767
60210308,0,32767,32767,32767,-320,-320,32767
60223166,0,32767,-2,32767,-288,-288,32767
60240306,0,32767,32767,32767,-300,-300,32767
60254308,0,32767,32767,32767,-312,-312,32767
60269036,0,32767,32767,32767,-287,-287,32767
60282714,0,32767,32767,32767,-284,-284,32767
60298954,0,32767,32767,32767,-299,-299,32767
60313873,0,32767,32767,32767,-311,-311,32767
60328801,0,32767,-3,32767,-299,-299,32767
60346316,0,32767,32767,32767,-325,-325,32767
60359919,0,32767,32767,32767,-311,-311,32767
60375788,0,32767,32767,32767,-294,-294,32767
60390827,0,32767,32767,32767,-309,-309,32767
60407785,0,32767,32767,32767,-320,-320,32767
60421226,0,32767,32767,32767,-304,-304,32767
60436390,0,32767,-1,32767,-286,-286,32767
60451543,0,32767,32767,32767,-303,-303,32767
60466459,0,32767,32767,32767,-301,-301,32767
60483356,0,32767,32767,32767,-318,-318,32767
60498354,0,32767,32767,32767,-319,-319,32767
60513504,0,32767,32767,32767,-302,-302,32767
60528079,0,32767,32767,32767,-297,-297,32767
60544039,0,32767,-2,32767,-305,-305,32767
60560308,0,32767,32767,32767,-323,-323,32767
60574857,0,32767,32767,32767,-308,-308,32767
60589939,0,32767,32767,32767,-296,-296,32767
60605464,0,32767,32767,32767,-306,-306,32767
60620091,0,32767,32767,32767,-301,-301,32767
60635310,0,32767,32767,32767,-299,-299,32767
60650836,0,32767,-3,32767,-308,-308,32767
60665574,0,32767,32767,32767,-302,-302,32767
60680502,0,32767,32767,32767,-297,-297,32767
60695134,0,32767,32767,32767,-296,-296,32767
60712308,0,32767,32767,32767,-318,-318,32767
60725834,0,32767,32767,32767,-307,-307,32767
60741222,0,32767,32767,32767,-289,-289,32767
60756034,0,32767,-2,32767,-302,-302,32767
60771504,0,32767,32767,32767,-303,-303,32767
60789302,0,32767,32767,32767,-333,-333,32767
60802329,0,32767,32767,32767,-308,-308,32767
60817774,0,32767,32767,32767,-284,-284,32767
60832990,0,32767,32767,32767,-306,-306,32767
60848888,0,32767,32767,32767,-311,-311,32767
60863609,0,32767,-2,32767,-307,-307,32767
60879226,0,32767,32767,32767,-304,-304,32767
60894219,0,32767,32767,32767,-306,-306,32767
60910138,0,32767,32767,32767,-309,-309,32767
60925141,0,32767,32767,32767,-309,-309,32767
60940182,0,32767,32767,32767,-300,-300,32767
60957302,0,32767,32767,32767,-322,-322,32767
60971392,0,32767,-2,32767,-312,-312,32767
60986153,0,32767,32767,32767,-288,-288,32767
61002305,0,32767,32767,32767,-310,-310,32767
61018364,0,32767,32767,32767,-322,-322,32767
61032394,0,32767,32767,32767,-300,-300,32767
61048167,0,32767,32767,32767,-298,-298,32767
61063037,0,32767,32767,32767,-307,-307,32767
61077372,0,32767,-2,32767,-292,-292,32767
61094304,0,32767,32767,32767,-313,-313,32767
61114307,0,32767,32767,32767,-370,-370,32767
61126459,0,32767,32767,32767,-321,-321,32767
61140320,0,32767,32767,32767,-260,-260,32767
61153260,0,32767,32767,32767,-268,-268,32767
61170308,0,32767,32767,32767,-300,-300,32767
61183745,0,32767,-2,32767,-305,-305,32767
61200079,0,32767,32767,32767,-297,-297,32767
61214820,0,32767,32767,32767,-311,-311,32767
61230144,0,32767,32767,32767,-301,-301,32767
61248010,0,32767,32767,32767,-332,-332,32767
61261718,0,32767,32767,32767,-316,-316,32767
61276324,0,32767,32767,32767,-283,-283,32767
61292581,0,32767,-2,32767,-308,-308,32767
61308353,0,32767,32767,32767,-320,-320,32767
61323354,0,32767,32767,32767,-308,-308,32767
61339300,0,32767,32767,32767,-310,-310,32767
61351696,0,32767,32767,32767,-283,-283,32767
61368336,0,32767,32767,32767,-290,-290,32767
61382030,0,32767,32767,32767,-304,-304,32767
61397459,0,32767,-1,32767,-291,-291,32767
61412796,0,32767,32767,32767,-307,-307,32767
61428342,0,32767,32767,32767,-309,-309,32767
61444385,0,32767,32767,32767,-316,-316,32767
61458093,0,32767,32767,32767,-297,-297,32767
61473883,0,32767,32767,32767,-295,-295,32767
61489501,0,32767,32767,32767,-315,-315,32767
61504097,0,32767,-2,32767,-302,-302,32767
61520167,0,32767,32767,32767,-306,-306,32767
61535336,0,32767,32767,32767,-313,-313,32767
61552308,0,32767,32767,32767,-322,-322,32767
61567307,0,32767,32767,32767,-320,-320,32767
61580923,0,32767,32767,32767,-286,-286,32767
61596341,0,32767,32767,32767,-290,-290,32767
61611120,0,32767,-2,32767,-302,-302,32767
61628376,0,32767,32767,32767,-320,-320,32767
61642663,0,32767,32767,32767,-315,-315,32767
61657648,0,32767,32767,32767,-293,-293,32767
61674309,0,32767,32767,32767,-317,-317,32767
61690333,0,32767,32767,32767,-327,-327,32767
61703766,0,32767,32767,32767,-294,-294,32767
61719165,0,32767,-2,32767,-288,-288,32767
61734138,0,32767,32767,32767,-304,-304,32767
61752308,0,32767,32767,32767,-332,-332,32767
61767307,0,32767,32767,32767,-332,-332,32767
61781385,0,32767,32767,32767,-290,-290,32767
61795955,0,32767,32767,32767,-286,-286,32767
61811172,0,32767,32767,32767,-298,-298,32767
61827499,0,32767,-1,32767,-315,-315,32767
61842362,0,32767,32767,32767,-312,-312,32767
61858335,0,32767,32767,32767,-309,-309,32767
61872519,0,32767,32767,32767,-302,-302,32767
61888534,0,32767,32767,32767,-302,-302,32767
61904304,0,32767,32767,32767,-318,-318,32767
61918578,0,32767,32767,32767,-300,-300,32767
61934167,0,32767,-2,32767,-298,-298,32767
61949936,0,32767,32767,32767,-314,-314,32767
61964605,0,32767,32767,32767,-305,-305,32767
61981218,0,32767,32767,32767,-313,-313,32767
61995830,0,32767,32767,32767,-312,-312,32767
62010523,0,32767,32767,32767,-293,-293,32767
62025194,0,32767,32767,32767,-293,-293,32767
62041454,0,32767,-2,32767,-309,-309,32767
62054991,0,32767,32767,32767,-298,-298,32767
62072306,0,32767,32767,32767,-309,-309,32767
62087302,0,32767,32767,32767,-324,-324,32767
62102307,0,32767,32767,32767,-300,-300,32767
62115987,0,32767,32767,32767,-286,-286,32767
62133356,0,32767,32767,32767,-310,-310,32767
62148037,0,32767,-2,32767,-321,-321,32767
62161004,0,32767,32767,32767,-277,-277,32767
62179308,0,32767,32767,32767,-313,-313,32767
62192530,0,32767,32767,32767,-315,-315,32767
62210305,0,32767,32767,32767,-310,-310,32767
62223554,0,32767,32767,32767,-310,-310,32767
62239213,0,32767,32767,32767,-289,-289,32767
62255305,0,32767,-2,32767,-318,-318,32767
62331802,0,32767,32767,32767,-308,-308,32767
62347856,0,32767,32767,32767,-295,-295,32767
62362570,0,32767,-2,32767,-307,-307,32767
63004999,0,32767,-1,32767,-286,-286,32767
63021310,0,32767,32767,32767,-313,-313,32767
63034557,0,32767,32767,32767,-296,-296,32767
63050124,0,32767,32767,32767,-288,-288,32767
63065929,0,32767,32767,32767,-314,-314,32767
63080843,0,32767,32767,32767,-307,-307,32767
63098329,0,32767,32767,32767,-324,-324,32767
63111779,0,32767,-2,32767,-309,-309,32767
63128354,0,32767,32767,32767,-300,-300,32767
63142457,0,32767,32767,32767,-307,-307,32767
63157945,0,32767,32767,32767,-296,-296,32767
63172658,0,32767,32767,32767,-302,-302,32767
63187716,0,32767,32767,32767,-298,-298,32767
63205308,0,32767,32767,32767,-327,-327,32767
63219012,0,32767,-2,32767,-313,-313,32767
63234393,0,32767,32767,32767,-290,-290,32767
63249921,0,32767,32767,32767,-309,-309,32767
63266995,0,32767,32767,32767,-326,-326,32767
63281450,0,32767,32767,32767,-315,-315,32767
63295927,0,32767,32767,32767,-290,-290,32767
63310800,0,32767,32767,32767,-294,-294,32767
63326199,0,32767,-1,32767,-302,-302,32767
63341541,0,32767,32767,32767,-307,-307,32767
63358362,0,32767,32767,32767,-322,-322,32767
63373346,0,32767,32767,32767,-318,-318,32767
63389308,0,32767,32767,32767,-310,-310,32767
63403594,0,32767,32767,32767,-302,-302,32767
63417824,0,32767,32767,32767,-285,-285,32767
63433483,0,32767,-1,32767,-299,-299,32767
63449533,0,32767,32767,32767,-317,-317,32767
63464240,0,32767,32767,32767,-308,-308,32767
63480697,0,32767,32767,32767,-311,-311,32767
63495620,0,32767,32767,32767,-314,-314,32767
63510641,0,32767,32767,32767,-300,-300,32767
63526173,0,32767,32767,32767,-305,-305,32767
63542697,0,32767,-1,32767,-320,-320,32767
63558351,0,32767,32767,32767,-322,-322,32767
63571073,0,32767,32767,32767,-284,-284,32767
63586784,0,32767,32767,32767,-284,-284,32767
63603328,0,32767,32767,32767,-323,-323,32767
63619387,0,32767,32767,32767,-326,-326,32767
63634308,0,32767,32767,32767,-310,-310,32767
63650063,0,32767,-2,32767,-307,-307,32767
63663459,0,32767,32767,32767,-291,-291,32767
63678950,0,32767,32767,32767,-289,-289,32767
63695302,0,32767,32767,32767,-319,-319,32767
63710077,0,32767,32767,32767,-311,-311,32767
63727315,0,32767,32767,32767,-320,-320,32767
63740437,0,32767,32767,32767,-304,-304,32767
63755274,0,32767,-3,32767,-279,-279,32767
63771390,0,32767,32767,32767,-309,-309,32767
63784994,0,32767,32767,32767,-297,-297,32767
63800168,0,32767,32767,32767,-288,-288,32767
63817309,0,32767,32767,32767,-324,-324,32767
63831308,0,32767,32767,32767,-312,-312,32767
63846307,0,32767,32767,32767,-290,-290,32767
63860733,0,32767,-2,32767,-294,-294,32767
63876011,0,32767,32767,32767,-297,-297,32767
63891135,0,32767,32767,32767,-304,-304,32767
63908329,0,32767,32767,32767,-323,-323,32767
63922559,0,32767,32767,32767,-314,-314,32767
63938334,0,32767,32767,32767,-300,-300,32767
63953341,0,32767,32767,32767,-308,-308,32767
63968338,0,32767,-3,32767,-300,-300,32767
63982306,0,32767,32767,32767,-290,-290,32767
63997858,0,32767,32767,32767,-295,-295,32767
64014008,0,32767,32767,32767,-317,-317,32767
64028472,0,32767,32767,32767,-306,-306,32767
64043538,0,32767,32767,32767,-295,-295,32767
64060308,0,32767,32767,32767,-319,-319,32767
64073599,0,32767,-1,32767,-300,-300,32767
64088795,0,32767,32767,32767,-284,-284,32767
64108332,0,32767,32767,32767,-348,-348,32767
64118775,0,32767,32767,32767,-300,-300,32767
64134932,0,32767,32767,32767,-266,-266,32767
64151573,0,32767,32767,32767,-328,-328,32767
64165330,0,32767,32767,32767,-304,-304,32767
64180341,0,32767,-2,32767,-288,-288,32767
64195581,0,32767,32767,32767,-302,-302,32767
64212310,0,32767,32767,32767,-320,-320,32767
64226682,0,32767,32767,32767,-311,-311,32767
64241107,0,32767,32767,32767,-288,-288,32767
64258337,0,32767,32767,32767,-317,-317,32767
64273355,0,32767,32767,32767,-322,-322,32767
64286825,0,32767,-2,32767,-285,-285,32767
64303348,0,32767,32767,32767,-300,-300,32767
64316426,0,32767,32767,32767,-296,-296,32767
64330999,0,32767,32767,32767,-276,-276,32767
64346810,0,32767,32767,32767,-304,-304,32767
64362235,0,32767,32767,32767,-313,-313,32767
64378336,0,32767,32767,32767,-315,-315,32767
64392450,0,32767,-2,32767,-302,-302,32767
64408208,0,32767,32767,32767,-299,-299,32767
64422787,0,32767,32767,32767,-303,-303,32767
64437972,0,32767,32767,32767,-297,-297,32767
64454309,0,32767,32767,32767,-316,-316,32767
64468393,0,32767,32767,32767,-304,-304,32767
64484200,0,32767,32767,32767,-299,-299,32767
64498959,0,32767,-1,32767,-306,-306,32767
64516309,0,32767,32767,32767,-321,-321,32767
64529811,0,32767,32767,32767,-309,-309,32767
64545818,0,32767,32767,32767,-295,-295,32767
64559977,0,32767,32767,32767,-301,-301,32767
64575663,0,32767,32767,32767,-298,-298,32767
64591308,0,32767,32767,32767,-314,-314,32767
64605317,0,32767,-2,32767,-297,-297,32767
64620499,0,32767,32767,32767,-291,-291,32767
64636604,0,32767,32767,32767,-313,-313,32767
64651317,0,32767,32767,32767,-309,-309,32767
64666752,0,32767,32767,32767,-301,-301,32767
64682046,0,32767,32767,32767,-307,-307,32767
64696289,0,32767,32767,32767,-295,-295,32767
64711314,0,32767,-2,32767,-293,-293,32767
64726037,0,32767,32767,32767,-298,-298,32767
64742397,0,32767,32767,32767,-310,-310,32767
64756501,0,32767,32767,32767,-305,-305,32767
64774302,0,32767,32767,32767,-320,-320,32767
64787248,0,32767,32767,32767,-307,-307,32767
64804307,0,32767,32767,32767,-300,-300,32767
64817994,0,32767,-1,32767,-307,-307,32767
64832786,0,32767,32767,32767,-284,-284,32767
64848848,0,32767,32767,32767,-309,-309,32767
64862649,0,32767,32767,32767,-299,-299,32767
64877665,0,32767,32767,32767,-288,-288,32767
64893354,0,32767,32767,32767,-307,-307,32767
64910318,0,32767,32767,32767,-327,-327,32767
64924032,0,32767,-2,32767,-307,-307,32767
64938469,0,32767,32767,32767,-281,-281,32767
64953780,0,32767,32767,32767,-297,-297,32767
64971302,0,32767,32767,32767,-329,-329,32767
64984878,0,32767,32767,32767,-311,-311,32767
65000050,0,32767,32767,32767,-287,-287,32767
65017309,0,32767,32767,32767,-325,-325,32767
65030154,0,32767,-2,32767,-301,-301,32767
65046986,0,32767,32767,32767,-296,-296,32767
65060604,0,32767,32767,32767,-305,-305,32767
65077303,0,32767,32767,32767,-304,-304,32767
65090361,0,32767,32767,32767,-297,-297,32767
65106429,0,32767,32767,32767,-291,-291,32767
65121606,0,32767,32767,32767,-313,-313,32767
65136423,0,32767,-2,32767,-300,-300,32767
65151999,0,32767,32767,32767,-303,-303,32767
65166909,0,32767,32767,32767,-305,-305,32767
65184291,0,32767,32767,32767,-323,-323,32767
65198422,0,32767,32767,32767,-315,-315,32767
65213329,0,32767,32767,32767,-291,-291,32767
65226890,0,32767,32767,32767,-284,-284,32767
65241950,0,32767,-2,32767,-286,-286,32767
65259302,0,32767,32767,32767,-325,-325,32767
65274304,0,32767,32767,32767,-324,-324,32767
65288518,0,32767,32767,32767,-292,-292,32767
65303337,0,32767,32767,32767,-290,-290,32767
65318707,0,32767,32767,32767,-302,-302,32767
65333402,0,32767,32767,32767,-301,-301,32767
65349501,0,32767,-2,32767,-308,-308,32767
65364077,0,32767,32767,32767,-306,-306,32767
65380624,0,32767,32767,32767,-311,-311,32767
65393789,0,32767,32767,32767,-297,-297,32767
65409136,0,32767,32767,32767,-285,-285,32767
65425492,0,32767,32767,32767,-317,-317,32767
65441301,0,32767,32767,32767,-322,-322,32767
65455758,0,32767,-2,32767,-303,-303,32767
65471611,0,32767,32767,32767,-303,-303,32767
65486415,0,32767,32767,32767,-307,-307,32767
65501225,0,32767,32767,32767,-296,-296,32767
65517272,0,32767,32767,32767,-308,-308,32767
65532353,0,32767,32767,32767,-311,-311,32767
65549246,0,32767,32767,32767,-320,-320,32767
65562249,0,32767,-2,32767,-299,-299,32767
65579385,0,32767,32767,32767,-301,-301,32767
65594305,0,32767,32767,32767,-321,-321,32767
65609302,0,32767,32767,32767,-300,-300,32767
65623093,0,32767,32767,32767,-287,-287,32767
65638358,0,32767,32767,32767,-290,-290,32767
65654413,0,32767,32767,32767,-314,-314,32767
65668863,0,32767,-2,32767,-305,-305,32767
65684722,0,32767,32767,32767,-303,-303,32767
65701022,0,32767,32767,32767,-322,-322,32767
65715004,0,32767,32767,32767,-303,-303,32767
65730875,0,32767,32767,32767,-298,-298,32767
65747301,0,32767,32767,32767,-323,-323,32767
65761532,0,32767,32767,32767,-307,-307,32767
65777119,0,32767,-2,32767,-298,-298,32767
65794302,0,32767,32767,32767,-328,-328,32767
65809300,0,32767,32767,32767,-322,-322,32767
65822638,0,32767,32767,32767,-283,-283,32767
65838978,0,32767,32767,32767,-296,-296,32767
65853067,0,32767,32767,32767,-304,-304,32767
65868650,0,32767,32767,32767,-297,-297,32767
65884961,0,32767,-2,32767,-319,-319,32767
65900291,0,32767,32767,32767,-316,-316,32767
65915084,0,32767,32767,32767,-301,-301,32767
65930157,0,32767,32767,32767,-299,-299,32767
65945151,0,32767,32767,32767,-301,-301,32767
65960243,0,32767,32767,32767,-301,-301,32767
65975636,0,32767,32767,32767,-305,-305,32767
65993079,0,32767,-1,32767,-328,-328,32767
66008329,0,32767,32767,32767,-327,-327,32767
66023424,0,32767,32767,32767,-304,-304,32767
66038330,0,32767,32767,32767,-300,-300,32767
66052224,0,32767,32767,32767,-288,-288,32767
66069309,0,32767,32767,32767,-310,-310,32767
66082531,0,32767,32767,32767,-303,-303,32767
66098199,0,32767,-1,32767,-288,-288,32767
66112980,0,32767,32767,32767,-304,-304,32767
66128423,0,32767,32767,32767,-303,-303,32767
66144657,0,32767,32767,32767,-317,-317,32767
66158337,0,32767,32767,32767,-299,-299,32767
66174431,0,32767,32767,32767,-298,-298,32767
66188489,0,32767,32767,32767,-301,-301,32767
66203402,0,32767,-3,32767,-290,-290,32767
66219304,0,32767,32767,32767,-309,-309,32767
66233497,0,32767,32767,32767,-300,-300,32767
66250307,0,32767,32767,32767,-310,-310,32767
66264195,0,32767,32767,32767,-307,-307,32767
66278427,0,32767,32767,32767,-281,-281,32767
66295311,0,32767,32767,32767,-312,-312,32767
66309562,0,32767,-2,32767,-311,-311,32767
66324407,0,32767,32767,32767,-291,-291,32767
66340311,0,32767,32767,32767,-308,-308,32767
66355095,0,32767,32767,32767,-306,-306,32767
66371307,0,32767,32767,32767,-310,-310,32767
66386239,0,32767,32767,32767,-312,-312,32767
66402662,0,32767,32767,32767,-313,-313,32767
66416241,0,32767,-2,32767,-300,-300,32767
66431221,0,32767,32767,32767,-286,-286,32767
66449358,0,32767,32767,32767,-331,-331,32767
66464312,0,32767,32767,32767,-331,-331,32767
66478333,0,32767,32767,32767,-290,-290,32767
66493125,0,32767,32767,32767,-288,-288,32767
66510102,0,32767,32767,32767,-318,-318,32767
66523924,0,32767,-4,32767,-308,-308,32767
66541311,0,32767,32767,32767,-312,-312,32767
66554948,0,32767,32767,32767,-310,-310,32767
66572309,0,32767,32767,32767,-310,-310,32767
66587302,0,32767,32767,32767,-324,-324,32767
66600988,0,32767,32767,32767,-286,-286,32767
66618357,0,32767,32767,32767,-310,-310,32767
66630962,0,32767,-2,32767,-300,-300,32767
66645992,0,32767,32767,32767,-276,-276,32767
66660704,0,32767,32767,32767,-298,-298,32767
66677302,0,32767,32767,32767,-314,-314,32767
66693340,0,32767,32767,32767,-326,-326,32767
66708354,0,32767,32767,32767,-310,-310,32767
66721642,0,32767,32767,32767,-283,-283,32767
66737146,0,32767,-2,32767,-288,-288,32767
66752288,0,32767,32767,32767,-306,-306,32767
66768330,0,32767,32767,32767,-312,-312,32767
66786315,0,32767,32767,32767,-341,-341,32767
66800533,0,32767,32767,32767,-322,-322,32767
66815310,0,32767,32767,32767,-290,-290,32767
66829795,0,32767,32767,32767,-292,-292,32767
66844870,0,32767,-1,32767,-295,-295,32767
66859168,0,32767,32767,32767,-294,-294,32767
66874164,0,32767,32767,32767,-293,-293,32767
66889224,0,32767,32767,32767,-301,-301,32767
66905456,0,32767,32767,32767,-313,-313,32767
66919959,0,32767,32767,32767,-307,-307,32767
66935190,0,32767,32767,32767,-297,-297,32767
66951042,0,32767,-2,32767,-311,-311,32767
66969302,0,32767,32767,32767,-342,-342,32767
66982542,0,32767,32767,32767,-315,-315,32767
66996103,0,32767,32767,32767,-268,-268,32767
67014287,0,32767,32767,32767,-317,-317,32767
67026101,0,32767,32767,32767,-300,-300,32767
67041295,0,32767,32767,32767,-270,-270,32767
67057121,0,32767,-2,32767,-310,-310,32767
67073340,0,32767,32767,32767,-321,-321,32767
67086675,0,32767,32767,32767,-295,-295,32767
67103330,0,32767,32767,32767,-300,-300,32767
67116597,0,32767,32767,32767,-299,-299,32767
67132795,0,32767,32767,32767,-294,-294,32767
67150313,0,32767,32767,32767,-338,-338,32767
67163399,0,32767,-2,32767,-306,-306,32767
67180307,0,32767,32767,32767,-300,-300,32767
67195300,0,32767,32767,32767,-320,-320,32767
67212302,0,32767,32767,32767,-320,-320,32767
67227308,0,32767,32767,32767,-320,-320,32767
67242306,0,32767,32767,32767,-300,-300,32767
67257300,0,32767,32767,32767,-300,-300,32767
67271578,0,32767,-2,32767,-292,-292,32767
67288329,0,32767,32767,32767,-310,-310,32767
67306301,0,32767,32767,32767,-348,-348,32767
67318345,0,32767,32767,32767,-300,-300,32767
67333354,0,32767,32767,32767,-270,-270,32767
67351300,0,32767,32767,32767,-330,-330,32767
67364307,0,32767,32767,32767,-310,-310,32767
67378101,0,32767,-2,32767,-268,-268,32767
67395315,0,32767,32767,32767,-310,-310,32767
67410301,0,32767,32767,32767,-322,-322,32767
67426307,0,32767,32767,32767,-310,-310,32767
67441300,0,32767,32767,32767,-310,-310,32767
67456383,0,32767,32767,32767,-300,-300,32767
67471300,0,32767,32767,32767,-300,-300,32767
67485754,0,32767,-2,32767,-294,-294,32767
67502157,0,32767,32767,32767,-308,-308,32767
67517303,0,32767,32767,32767,-316,-316,32767
67532301,0,32767,32767,32767,-302,-302,32767
67547300,0,32767,32767,32767,-300,-300,32767
67562300,0,32767,32767,32767,-300,-300,32767
67577385,0,32767,32767,32767,-300,-300,32767
67592108,0,32767,-2,32767,-298,-298,32767
67610391,0,32767,32767,32767,-330,-330,32767
67624309,0,32767,32767,32767,-322,-322,32767
