timestamp,timestamp_sample,control[0],control[1],control[2],control[3],control[4],control[5],control[6],control[7]
31704358,31704304,0.014323474,-0.0031461397,0.0017709079,-0.0,0.0,0.0,0.0,-1.0
31824368,31824315,0.0042247144,-0.008555746,0.0017119444,-0.0,0.0,0.0,0.0,-1.0
31924758,31924705,0.007995654,0.005803957,-0.0006590311,0.0,0.0,0.0,0.0,-1.0
32026438,32026374,0.0006732964,0.0032192993,-0.0010606247,0.0,0.0,0.0,0.0,-1.0
32130367,32130296,0.006175264,0.003342894,-5.197386e-05,0.0,0.0,0.0,0.0,-1.0
32231376,32231322,0.015240706,-0.0038973202,0.0014004612,0.0,0.0,0.0,0.0,-1.0
32332348,32332296,0.011046759,0.0033761957,-0.0017439801,0.0,0.0,0.0,0.0,-1.0
32434368,32434309,0.0026062664,0.003302849,-0.0016884061,0.0,0.0,0.0,0.0,-1.0
32536012,32535959,0.002283677,0.0040921764,0.00092792435,0.0,0.0,0.0,0.0,-1.0
32636401,32636347,-0.014690518,0.004719198,0.00010374714,0.0,0.0,0.0,0.0,-1.0
32737399,32737324,0.0009241522,-0.005544057,0.0018140398,0.0,0.0,0.0,0.0,-1.0
32839435,32839383,0.014632724,-0.004434715,-0.00080799515,0.0,0.0,0.0,0.0,-1.0
32939367,32939304,0.0075455615,0.0050320798,0.001848113,0.0,0.0,0.0,0.0,-1.0
33043354,33043302,0.009116612,0.010231769,0.0003167096,0.0,0.0,0.0,0.0,-1.0
33145622,33145546,0.0006135558,-0.006609556,-0.00030854376,0.0,0.0,0.0,0.0,-1.0
33243350,33243296,0.019436603,-0.004268916,0.0018256333,0.0,0.0,0.0,0.0,-1.0
33346473,33346420,-0.0019887376,-0.00621377,0.00046421555,0.0,0.0,0.0,0.0,-1.0
33450367,33450303,-0.00074807554,-0.001023402,-0.001525362,0.0,0.0,0.0,0.0,-1.0
33551389,33551335,0.016934723,0.007675989,-0.0014453892,0.0,0.0,0.0,0.0,-1.0
33650355,33650303,-0.003951502,-0.0041496446,0.0010153188,0.0,0.0,0.0,0.0,-1.0
33750183,33750120,0.016873658,-0.008835281,-0.0008640038,0.0,0.0,0.0,0.0,-1.0
33854348,33854296,0.007114024,-0.00045902925,0.0013715964,0.0,0.0,0.0,0.0,-1.0
33948367,33948311,0.017614665,0.007505504,-0.0011478593,0.0,0.0,0.0,0.0,-1.0
34056528,34056461,0.0035827735,-0.0002696155,0.0010480768,0.0,0.0,0.0,0.0,-1.0
34147221,34147167,0.0038972516,-0.0007688553,0.0014403606,0.0,0.0,0.0,0.0,-1.0
34254356,34254302,0.005145977,-0.0012850906,-0.0009376826,0.0,0.0,0.0,0.0,-1.0
34358064,34357984,0.008257456,0.0024221963,0.0017344455,0.0,0.0,0.0,0.0,-1.0
34463416,34463296,0.003928369,-0.0015882029,0.0019715088,0.0,0.0,0.0,0.0,-1.0
34556168,34556114,0.009438083,0.0010798479,0.0018996884,0.0,0.0,0.0,0.0,-1.0
34663269,34663202,0.005407151,-0.0005590896,0.002116775,0.0,0.0,0.0,0.0,-1.0
34757332,34757278,0.0016707275,0.001992937,-0.0007972843,0.0,0.0,0.0,0.0,-1.0
34864469,34864305,0.0066155493,-0.00043817586,-0.0006986268,0.0,0.0,0.0,0.0,-1.0
34972361,34972303,0.007860018,-0.0025145551,0.0003587075,0.0,0.0,0.0,0.0,-1.0
35061129,35061075,0.009606484,-0.0028806054,0.0012774547,0.0,0.0,0.0,0.0,-1.0
35169269,35169206,0.0071495017,-0.002246758,-0.0017644837,0.0,0.0,0.0,0.0,-1.0
35277007,35276953,0.0061794296,0.0015801385,-0.00092976197,0.0,0.0,0.0,0.0,-1.0
35367789,35367732,0.0016129189,-0.000700366,0.0017165845,0.0,0.0,0.0,0.0,-1.0
35475359,35475305,0.0041108043,-0.0016333796,0.00085825316,0.0,0.0,0.0,0.0,-1.0
35580357,35580303,0.0039632423,-0.0017487522,0.0006230988,0.0,0.0,0.0,0.0,-1.0
35670686,35670632,0.002668718,-0.0012399333,-0.0006806534,0.0,0.0,0.0,0.0,-1.0
35779356,35779302,0.0050227265,-0.0004174998,0.0011848083,0.0,0.0,0.0,0.0,-1.0
35884434,35884381,0.009486672,-0.0033184667,0.0004601235,0.0,0.0,0.0,0.0,-1.0
35975604,35975550,0.0055712215,-0.0029247168,0.001327461,0.0,0.0,0.0,0.0,-1.0
36080194,36080140,0.010152556,-0.005272302,0.0006277594,0.0,0.0,0.0,0.0,-1.0
36190356,36190302,0.0040389504,-0.0014045174,-0.0013508261,0.0,0.0,0.0,0.0,-1.0
36282536,36282456,0.0035970348,-0.0037724588,-0.0014482604,0.0,0.0,0.0,0.0,-1.0
36389606,36389552,0.002797633,-0.0015834831,-0.0002865649,0.0,0.0,0.0,0.0,-1.0
36483129,36483075,0.0035636316,-0.00082860806,0.0019786973,0.0,0.0,0.0,0.0,-1.0
36588177,36588123,0.0011821154,-0.0041164556,-0.0018392162,0.0,0.0,0.0,0.0,-1.0
36695666,36695612,0.004579253,-0.0039053867,0.0001380624,0.0,0.0,0.0,0.0,-1.0
36787713,36787659,0.0017704802,0.0006986944,6.0578e-06,0.0,0.0,0.0,0.0,-1.0
36892657,36892603,0.0050302465,-0.00084361446,-0.000964364,0.0,0.0,0.0,0.0,-1.0
36998733,36998679,0.00036385027,-0.0024637587,-0.000114378614,0.0,0.0,0.0,0.0,-1.0
37090778,37090724,0.0012799527,-0.0048511494,0.00016712821,0.0,0.0,0.0,0.0,-1.0
37195022,37194968,0.0054096025,-0.0044242037,0.0010862874,0.0,0.0,0.0,0.0,-1.0
37301290,37301200,0.0016513767,-0.0045216554,0.0003436402,0.0,0.0,0.0,0.0,-1.0
37392789,37392735,0.0035872487,-0.002427594,5.5142005e-05,0.0,0.0,0.0,0.0,-1.0
37498878,37498824,0.0014662456,-0.0046298103,0.0016115466,0.0,0.0,0.0,0.0,-1.0
37604249,37604195,0.0026431703,-0.004520322,3.7841408e-05,0.0,0.0,0.0,0.0,-1.0
37712675,37712621,-0.0006398092,-0.002706627,-0.001456939,0.0,0.0,0.0,0.0,-1.0
37803592,37803538,0.006005884,-0.0054986468,-5.6737917e-05,0.0,0.0,0.0,0.0,-1.0
37911377,37911323,0.002437956,-0.003914136,4.166652e-05,0.0,0.0,0.0,0.0,-1.0
38016801,38016721,0.0031645417,-0.0070570935,-0.00050237094,0.0,0.0,0.0,0.0,-1.0
38110357,38110303,0.0058731097,-0.0067220605,-0.0010216263,0.0,0.0,0.0,0.0,-1.0
38217567,38217513,0.0043484764,-0.0031312641,0.00043552564,0.0,0.0,0.0,0.0,-1.0
38320720,38320666,0.0012076836,-0.0040135933,-0.0011349999,0.0,0.0,0.0,0.0,-1.0
38412015,38411961,0.0020699487,-0.0039553163,0.00071185286,0.0,0.0,0.0,0.0,-1.0
38519351,38519297,-0.00029210886,-0.0037599786,0.0013764888,0.0,0.0,0.0,0.0,-1.0
38625358,38625304,-0.00061033666,-0.0031802314,-0.0012723247,0.0,0.0,0.0,0.0,-1.0
38716499,38716445,-0.002988271,-0.0035259032,0.0008790411,0.0,0.0,0.0,0.0,-1.0
38822724,38822670,0.0014826376,-0.005943265,0.0005506493,0.0,0.0,0.0,0.0,-1.0
38929211,38929157,-0.0022883862,-0.0016421396,0.0020506259,0.0,0.0,0.0,0.0,-1.0
39019475,39019421,0.0018115754,-0.0018051609,9.207313e-05,0.0,0.0,0.0,0.0,-1.0
39125472,39125419,-0.0013171778,-0.007019454,-0.0013966798,0.0,0.0,0.0,0.0,-1.0
39231960,39231906,0.0024009186,-0.0027848799,0.00084679184,0.0,0.0,0.0,0.0,-1.0
39322356,39322302,-4.0000392e-05,-0.0037225434,0.00032955394,0.0,0.0,0.0,0.0,-1.0
39428395,39428305,0.0016887484,-0.006109259,0.00014539408,0.0,0.0,0.0,0.0,-1.0
39535566,39535499,0.004238825,-0.003553316,-0.0014025716,0.0,0.0,0.0,0.0,-1.0
39640917,39640863,-0.00013671507,-0.004146229,-0.0013281526,0.0,0.0,0.0,0.0,-1.0
39732735,39732681,0.0013841247,-0.003792266,0.0005962404,0.0,0.0,0.0,0.0,-1.0
39837793,39837739,0.0005214705,-0.004073034,0.001104401,0.0,0.0,0.0,0.0,-1.0
39944499,39944445,0.029857198,-0.15957406,0.0072216727,0.1216557,0.0,0.0,0.0,-1.0
40038354,40038300,0.036748096,-0.13540034,0.0067526884,0.12156815,0.0,0.0,0.0,-1.0
40143281,40143218,0.043893803,-0.14252844,0.0037447305,0.12174077,0.0,0.0,0.0,-1.0
40248997,40248943,0.033611096,-0.09266358,0.0051920223,0.16520643,0.0,0.0,0.0,-1.0
40339890,40339835,0.028456863,-0.08390932,0.005623787,0.1928118,0.0,0.0,0.0,-1.0
40448361,40448306,0.025112366,-0.08896528,0.0032447993,0.19056952,0.0,0.0,0.0,-1.0
40552893,40552838,0.017719086,-0.0858273,0.0037734066,0.21276902,0.0,0.0,0.0,-1.0
40642087,40642032,0.024278497,-0.10944428,0.005167513,0.2242269,0.0,0.0,0.0,-1.0
40750819,40750764,0.018678233,-0.106017314,0.0034258538,0.23737705,0.0,0.0,0.0,-1.0
40857035,40856979,0.015255421,-0.111667216,0.003733627,0.25037727,0.0,0.0,0.0,-1.0
40949297,40949233,0.0035267149,-0.13484463,0.002923509,0.25170192,0.0,0.0,0.0,-1.0
41054082,41054027,0.0024140403,-0.12704808,0.0036498536,0.26777527,0.0,0.0,0.0,-1.0
41160972,41160917,-0.0045429966,-0.051750578,0.0036236998,0.26520088,0.0,0.0,0.0,-1.0
41253457,41253402,-0.011669486,-0.13408487,0.0033187033,0.30784982,0.0,0.0,0.0,-1.0
41360459,41360305,-0.0030793676,0.0075780004,0.005630362,0.35188165,0.0,0.0,0.0,-1.0
41465551,41465496,-0.012751587,-0.12091079,0.005610263,0.38473788,0.0,0.0,0.0,-1.0
41557361,41557306,-0.012595048,-0.0913752,0.004527838,0.4185453,0.0,0.0,0.0,-1.0
41661140,41661084,0.0062039997,0.04910004,0.0050693736,0.44311398,0.0,0.0,0.0,-1.0
41767732,41767651,-0.0029615075,0.0019067079,0.00273034,0.48717272,0.0,0.0,0.0,-1.0
41860006,41859951,0.008820382,0.040883467,0.00335345,0.5490566,0.0,0.0,0.0,-1.0
41967383,41967328,0.008586565,-0.0012448262,0.0033076513,0.581371,0.0,0.0,0.0,-1.0
42072609,42072553,-0.008884343,-0.016560188,-0.000578929,0.6029015,0.0,0.0,0.0,-1.0
42164724,42164668,-0.02006386,-0.023817556,-0.0012829558,0.6034507,0.0,0.0,0.0,-1.0
42273355,42273299,-0.0013206694,0.0018490585,5.6591583e-05,0.59578407,0.0,0.0,0.0,-1.0
42380355,42380300,0.012914374,0.018827189,-0.0012966992,0.5913478,0.0,0.0,0.0,-1.0
42468209,42468150,-0.0012409316,-0.0074602263,-0.0030032126,0.5920163,0.0,0.0,0.0,-1.0
42576013,42575931,-0.00531441,-0.012334866,0.0010677539,0.59350204,0.0,0.0,0.0,-1.0
42682363,42682281,0.00022725473,0.0063128853,-0.0010024416,0.58925426,0.0,0.0,0.0,-1.0
42787407,42787352,-0.00076982187,0.009899501,0.00034895464,0.59288234,0.0,0.0,0.0,-1.0
42878525,42878457,-0.00052057055,-0.0033482744,-0.0012653341,0.59540063,0.0,0.0,0.0,-1.0
42987354,42987299,0.0018053082,-0.00169526,-0.0015772018,0.5599681,0.0,0.0,0.0,-1.0
43078424,43078368,0.001000185,0.0051832376,0.0015565342,0.5359734,0.0,0.0,0.0,-1.0
43185226,43185171,-0.0023780144,-0.003524343,0.0018964505,0.53219146,0.0,0.0,0.0,-1.0
43290896,43290841,-6.0885934e-05,-0.003770136,-0.0020474042,0.53932697,0.0,0.0,0.0,-1.0
43384439,43384384,4.4695335e-05,0.004196503,0.0001248272,0.5426061,0.0,0.0,0.0,-1.0
43488673,43488618,0.0015661384,0.0015653437,-0.0002259424,0.54600513,0.0,0.0,0.0,-1.0
43595243,43595188,0.0008157692,0.0012535806,0.00022701916,0.5467696,0.0,0.0,0.0,-1.0
43687360,43687305,-0.0015504255,-0.0039334884,-0.00075118913,0.54655385,0.0,0.0,0.0,-1.0
43796504,43796449,0.0005242235,0.0009083895,0.0012515171,0.54712886,0.0,0.0,0.0,-1.0
43900973,43900918,0.0039406368,0.0030199955,0.0024560355,0.54575473,0.0,0.0,0.0,-1.0
43991386,43991331,0.003957038,-0.004392782,0.0036467076,0.54557776,0.0,0.0,0.0,-1.0
44097808,44097726,-0.0030220118,0.005349227,0.0005740627,0.54502326,0.0,0.0,0.0,-1.0
44204413,44204358,-0.00040802208,-0.0006764234,-0.0006975292,0.5424647,0.0,0.0,0.0,-1.0
44297152,44297097,0.00013402672,-0.0018489817,-0.0016789839,0.54196453,0.0,0.0,0.0,-1.0
44407356,44407301,0.0026305593,0.002526735,-0.00034602894,0.5417052,0.0,0.0,0.0,-1.0
44510474,44510418,-0.0019003446,-0.0075535225,-0.0010527062,0.54399794,0.0,0.0,0.0,-1.0
44605363,44605307,0.00021755413,-0.0012354244,0.0011242449,0.54438144,0.0,0.0,0.0,-1.0
44709474,44709419,0.0035873242,-0.0038857218,-0.0005895132,0.544308,0.0,0.0,0.0,-1.0
44816056,44815967,-0.003642137,-0.00220105,-0.0002819701,0.54318386,0.0,0.0,0.0,-1.0
44906586,44906494,0.0013882294,0.0032761537,-0.0014360634,0.5427214,0.0,0.0,0.0,-1.0
45014341,45014236,-0.0017027875,0.0018373338,-0.001483428,0.541844,0.0,0.0,0.0,-1.0
45118474,45118392,-0.00010177598,-0.0069442857,0.0007767357,0.54268175,0.0,0.0,0.0,-1.0
45210157,45210102,0.0019242951,0.00051738956,0.0014747381,0.5428155,0.0,0.0,0.0,-1.0
45317519,45317464,0.0086489655,-0.00015995582,-5.380399e-05,0.5429628,0.0,0.0,0.0,-1.0
45424333,45424277,0.003640174,0.010983001,-0.0007207844,0.5449625,0.0,0.0,0.0,-1.0
45516023,45515967,-0.018664159,-0.006339354,0.0014592262,0.5452002,0.0,0.0,0.0,-1.0
45621381,45621326,-0.0031540971,-0.0020314504,-0.0013602474,0.54295456,0.0,0.0,0.0,-1.0
45725790,45725721,-0.00047140778,0.006548656,0.0008217805,0.5407107,0.0,0.0,0.0,-1.0
45818350,45818294,0.0026889024,0.0030860398,0.0001565171,0.54195845,0.0,0.0,0.0,-1.0
45924864,45924809,0.0040870393,-0.0036449514,0.0016424195,0.54248536,0.0,0.0,0.0,-1.0
46031614,46031559,-0.001156096,0.0012863175,0.002178917,0.54288197,0.0,0.0,0.0,-1.0
46122330,46122274,0.0026410606,0.0015457487,0.0017308083,0.54346174,0.0,0.0,0.0,-1.0
46228590,46228521,-0.0025013543,-0.0005136732,-9.81616e-05,0.5436565,0.0,0.0,0.0,-1.0
46336751,46336669,-0.005986979,-0.0004399278,0.0005333965,0.5431394,0.0,0.0,0.0,-1.0
46427477,46427422,-0.0041683624,0.0041235955,0.0019113689,0.54296714,0.0,0.0,0.0,-1.0
46534443,46534388,0.001744306,-0.006207249,0.0013651329,0.54182065,0.0,0.0,0.0,-1.0
46640882,46640827,-0.00017615121,-0.0006721078,0.002327314,0.541886,0.0,0.0,0.0,-1.0
46732782,46732726,0.0032869652,0.003375664,0.0017553387,0.5433172,0.0,0.0,0.0,-1.0
46841513,46841457,0.0007725733,0.0029689048,-0.001486935,0.53883046,0.0,0.0,0.0,-1.0
46947354,46947299,0.00580627,-0.004087458,0.00073444046,0.48766574,0.0,0.0,0.0,-1.0
47037691,47037636,-0.002238247,0.0043391236,0.00014105851,0.4499931,0.0,0.0,0.0,-1.0
47145360,47145305,-0.0036623764,0.0011411579,0.001094085,0.4431318,0.0,0.0,0.0,-1.0
47251602,47251546,-0.00070758275,0.004851574,-0.0011380392,0.45262387,0.0,0.0,0.0,-1.0
47342718,47342663,-0.003032755,0.0023857804,0.00045043923,0.4655663,0.0,0.0,0.0,-1.0
47451446,47451390,0.00068650686,-0.0010599598,-0.00203955,0.48248172,0.0,0.0,0.0,-1.0
47557850,47557794,0.00044826907,-0.0032779968,-0.00049566466,0.49222532,0.0,0.0,0.0,-1.0
47648931,47648849,0.0011903342,-0.00080678664,0.000625067,0.50030255,0.0,0.0,0.0,-1.0
47753844,47753749,-0.0014145359,-0.0016834835,0.0007470654,0.507693,0.0,0.0,0.0,-1.0
47858340,47858285,-0.0011325266,-0.0008749152,0.000504804,0.5120688,0.0,0.0,0.0,-1.0
47964105,47964049,0.0019225462,-0.003062689,-4.2626518e-05,0.5120467,0.0,0.0,0.0,-1.0
48056352,48056259,-0.00073471933,0.0012236908,0.0014346988,0.5118367,0.0,0.0,0.0,-1.0
48161950,48161895,0.0062742857,-0.0013872628,0.00054278487,0.5102217,0.0,0.0,0.0,-1.0
48268833,48268770,-0.00479207,0.0018102605,-0.0011077956,0.51132435,0.0,0.0,0.0,-1.0
48360283,48360194,-0.0005892491,-0.005557838,0.0019339555,0.51100594,0.0,0.0,0.0,-1.0
48466998,48466900,0.008973598,-0.0012731943,-0.00014493667,0.5132014,0.0,0.0,0.0,-1.0
48573727,48573671,0.004347934,0.001983656,-0.0014436163,0.5151815,0.0,0.0,0.0,-1.0
48664840,48664748,0.0025917406,0.0049317474,-0.00050350407,0.5149103,0.0,0.0,0.0,-1.0
48771698,48771643,-0.0031204182,0.0036798036,0.0005654293,0.5163432,0.0,0.0,0.0,-1.0
48861736,48861681,0.0020165024,-0.00085777603,0.0003374757,0.5190071,0.0,0.0,0.0,-1.0
48968649,48968588,-0.0029136445,0.0038042567,-0.0012776334,0.5185669,0.0,0.0,0.0,-1.0
49076404,49076349,0.005315475,-0.0032933706,-0.0011037324,0.5187391,0.0,0.0,0.0,-1.0
49180744,49180688,-0.0018477042,0.00021515012,0.0016570102,0.51942676,0.0,0.0,0.0,-1.0
49272469,49272414,0.0019068618,-0.0022440327,-0.0013356666,0.5229204,0.0,0.0,0.0,-1.0
49380149,49380094,0.0052437214,0.0016076425,0.0010266242,0.52720666,0.0,0.0,0.0,-1.0
49484875,49484820,0.005519444,0.0022769081,-0.0013987375,0.5291044,0.0,0.0,0.0,-1.0
49576079,49576024,-0.0010785491,0.0011144078,-0.00073132623,0.52983755,0.0,0.0,0.0,-1.0
49681778,49681723,0.0016614563,-0.0036564092,0.00023769864,0.53077203,0.0,0.0,0.0,-1.0
49788850,49788794,0.00031489055,-0.0042649703,0.00043445785,0.5315792,0.0,0.0,0.0,-1.0
49881044,49880988,0.0046150186,-0.00017907657,-0.0006552039,0.5309684,0.0,0.0,0.0,-1.0
49990360,49990305,0.00075575244,-0.002823128,0.0016348097,0.5287851,0.0,0.0,0.0,-1.0
50096149,50096068,-0.0009843338,-0.00017714046,0.002347179,0.52516663,0.0,0.0,0.0,-1.0
50187330,50187259,-0.005843926,0.0010315869,-0.0012516812,0.52535623,0.0,0.0,0.0,-1.0
50293875,50293820,-0.0024581093,-0.0016948218,0.0011316094,0.5263243,0.0,0.0,0.0,-1.0
50399585,50399529,0.0041515585,5.241757e-05,0.00042134104,0.52850986,0.0,0.0,0.0,-1.0
50491383,50491328,-0.00019376195,-9.246959e-05,0.00039720585,0.5295715,0.0,0.0,0.0,-1.0
50597703,50597648,0.0057428493,0.0024332749,0.0013805564,0.5297377,0.0,0.0,0.0,-1.0
50702355,50702300,-0.0017239702,0.0010013382,-0.0017885246,0.5301623,0.0,0.0,0.0,-1.0
50806131,50806076,-0.0026138602,0.001039129,-0.00046459588,0.53115124,0.0,0.0,0.0,-1.0
50898433,50898352,-0.0024860876,-0.0049818894,0.0020778398,0.5298388,0.0,0.0,0.0,-1.0
51006488,51006432,0.00072298665,-0.0033265864,-0.0015080667,0.5275831,0.0,0.0,0.0,-1.0
51111065,51111010,0.0030408108,0.003610908,0.0011445838,0.52850556,0.0,0.0,0.0,-1.0
51203202,51203147,0.0012083184,0.0012522514,0.0013552788,0.5320752,0.0,0.0,0.0,-1.0
51308366,51308311,0.0030169976,0.00071764755,0.0011379415,0.53174806,0.0,0.0,0.0,-1.0
51413915,51413859,-0.0040137037,-0.0046894136,0.0009176997,0.528524,0.0,0.0,0.0,-1.0
51504639,51504584,0.0013454236,0.0029177929,-0.0012715675,0.52509516,0.0,0.0,0.0,-1.0
51610298,51610208,0.0022667423,-0.0012098715,0.0008742534,0.52558434,0.0,0.0,0.0,-1.0
51719136,51719054,0.0030729729,-0.0021791593,-0.0015178501,0.52856266,0.0,0.0,0.0,-1.0
51810786,51810730,-0.0008479715,-0.0022636254,0.0009159662,0.5312929,0.0,0.0,0.0,-1.0
51917499,51917444,0.0036360999,-0.0058119167,-0.0009992539,0.53203243,0.0,0.0,0.0,-1.0
52023346,52023290,-0.0007604265,0.004074254,0.001265706,0.5305047,0.0,0.0,0.0,-1.0
52114939,52114884,-0.0041167033,0.0013018663,-0.0016086738,0.5286835,0.0,0.0,0.0,-1.0
52221381,52221326,-0.0021557752,-0.0012960061,0.00039239132,0.5265375,0.0,0.0,0.0,-1.0
52325591,52325535,-0.00081774534,0.0018594656,-0.0010924423,0.5269032,0.0,0.0,0.0,-1.0
52416151,52416096,0.0034220559,-0.0063074026,0.00017356222,0.52879715,0.0,0.0,0.0,-1.0
52520562,52520506,0.0031873167,0.0029051648,-0.0012388477,0.5308807,0.0,0.0,0.0,-1.0
52627656,52627575,0.003043037,0.005450193,0.0008931521,0.53210217,0.0,0.0,0.0,-1.0
52734421,52734366,-0.002108945,-0.0016843958,3.6743128e-05,0.5340762,0.0,0.0,0.0,-1.0
52824853,52824798,0.0011746457,-0.0013164864,-0.0015994783,0.5341554,0.0,0.0,0.0,-1.0
52933354,52933299,0.0013101948,-0.0028029887,0.00054272456,0.5314337,0.0,0.0,0.0,-1.0
53038147,53038091,0.00017970533,-0.0027429117,0.0020357668,0.53373665,0.0,0.0,0.0,-1.0
53129444,53129388,0.00094129227,0.0024423413,-0.0008548435,0.533331,0.0,0.0,0.0,-1.0
53233634,53233579,0.004989202,0.0020825325,0.0014518214,0.5342552,0.0,0.0,0.0,-1.0
53339684,53339629,0.0066077295,-0.0012322197,0.0007714198,0.53184044,0.0,0.0,0.0,-1.0
53431843,53431764,0.00072677224,0.0019750667,0.0016393826,0.5311908,0.0,0.0,0.0,-1.0
53539499,53539444,-0.002361756,0.0017592211,3.979737e-05,0.53022945,0.0,0.0,0.0,-1.0
53647367,53647312,-0.002108353,0.0012818702,0.0019301686,0.5325634,0.0,0.0,0.0,-1.0
53738727,53738672,0.0029572772,-0.0020707473,0.0008045457,0.5351732,0.0,0.0,0.0,-1.0
53843000,53842945,0.0072333626,-0.0041752523,-0.00074454874,0.53348815,0.0,0.0,0.0,-1.0
53950293,53950229,0.0032631382,0.0027561719,-0.00070434215,0.530406,0.0,0.0,0.0,-1.0
54040786,54040730,0.0002551946,0.0071846405,-0.00020696552,0.5281771,0.0,0.0,0.0,-1.0
54148542,54148487,-0.0017339285,-0.0007318938,0.0013287133,0.52652615,0.0,0.0,0.0,-1.0
54254079,54254023,-0.002134827,-0.00031074998,-0.00038838983,0.5251228,0.0,0.0,0.0,-1.0
54344563,54344508,0.0037225932,0.0051773414,0.0015955027,0.52535605,0.0,0.0,0.0,-1.0
54450806,54450751,-0.0013918449,0.00091248256,-5.4617263e-05,0.5268582,0.0,0.0,0.0,-1.0
54554861,54554792,0.0035417269,-0.005974148,-0.0016644706,0.52729034,0.0,0.0,0.0,-1.0
54662212,54662157,-0.0077176536,-0.0002999516,-0.0005176139,0.52842957,0.0,0.0,0.0,-1.0
54754347,54754291,0.0024024416,-0.004988873,0.0011665872,0.528845,0.0,0.0,0.0,-1.0
54861819,54861737,0.003862381,0.000714551,-0.0011465576,0.52806395,0.0,0.0,0.0,-1.0
54954212,54954130,-0.005784477,-0.5706062,-0.0011288675,0.74895924,0.0,0.0,0.0,-1.0
55059832,55059776,0.0054561896,0.10770012,-0.0020536364,0.68758994,0.0,0.0,0.0,-1.0
55166408,55166353,0.01069691,0.0007927641,-0.0001714112,0.48749778,0.0,0.0,0.0,-1.0
55270182,55270127,-2.5754547e-05,-0.025154192,-0.001623443,0.5012733,0.0,0.0,0.0,-1.0
55360539,55360484,7.215422e-05,0.010651465,-0.00042511732,0.5785732,0.0,0.0,0.0,-1.0
55469734,55469678,0.0028596504,0.014377079,-0.00060261687,0.63923156,0.0,0.0,0.0,-1.0
55575203,55575148,0.00109761,-0.026511697,0.00065099297,0.6437708,0.0,0.0,0.0,-1.0
55666484,55666429,0.0033263932,-0.011624899,-0.00076589326,0.63691634,0.0,0.0,0.0,-1.0
55774355,55774300,0.003685706,-0.011788065,0.0020802035,0.6370107,0.0,0.0,0.0,-1.0
55879854,55879799,-0.0020871244,-0.009131264,0.0019105909,0.6248561,0.0,0.0,0.0,-1.0
55971817,55971735,-0.0054598907,-0.064950466,0.00040253665,0.58862406,0.0,0.0,0.0,-1.0
56078077,56078021,-0.0017830456,-0.057989597,0.0007945329,0.58071774,0.0,0.0,0.0,-1.0
56183358,56183303,0.004519023,-0.08433502,0.0011628014,0.5861069,0.0,0.0,0.0,-1.0
56277632,56277577,0.004977774,-0.08393394,0.0015181925,0.5830414,0.0,0.0,0.0,-1.0
56385156,56385101,-0.005578767,-0.09901331,7.803764e-05,0.5727355,0.0,0.0,0.0,-1.0
56480454,56480306,-0.00042929815,-0.10620217,-0.0007024789,0.5703199,0.0,0.0,0.0,-1.0
56584995,56584913,-0.0016208191,-0.102144666,-0.0011556535,0.56860477,0.0,0.0,0.0,-1.0
56690613,56690557,0.005930809,-0.108490765,-0.0012989668,0.5648378,0.0,0.0,0.0,-1.0
56783848,56783792,-0.0067795524,-0.11495287,0.00036870743,0.56102324,0.0,0.0,0.0,-1.0
56890915,56890860,-0.008195144,-0.115904704,0.0018036292,0.55647147,0.0,0.0,0.0,-1.0
56997820,56997738,0.0040986226,-0.113666065,-0.0003695033,0.5521053,0.0,0.0,0.0,-1.0
57094356,57094301,0.015405366,-0.11424921,0.0008846055,0.5447209,0.0,0.0,0.0,-1.0
57197548,57197493,-0.002749881,-0.12059321,0.0020245153,0.5406906,0.0,0.0,0.0,-1.0
57302474,57302418,0.0017120347,-0.12105048,-0.00035554895,0.5407232,0.0,0.0,0.0,-1.0
57395138,57395057,-0.0011521286,-0.12068815,-0.0015495194,0.53848827,0.0,0.0,0.0,-1.0
57501176,57501115,0.0014549443,-0.12386229,-0.00057503895,0.53629535,0.0,0.0,0.0,-1.0
57608360,57608305,0.0033803212,-0.12286244,-0.0017699777,0.5393108,0.0,0.0,0.0,-1.0
57700062,57699967,-0.0024246858,-0.1276191,0.0014802708,0.54039633,0.0,0.0,0.0,-1.0
57807208,57807152,-0.004901586,-0.12467641,-0.000103191334,0.5389173,0.0,0.0,0.0,-1.0
57898982,57898922,-0.0030235422,-0.12647547,0.00018956249,0.53529316,0.0,0.0,0.0,-1.0
58004997,58004927,0.002719309,-0.1270552,0.0008461856,0.53199255,0.0,0.0,0.0,-1.0
58111496,58111440,0.0026928028,-0.12784769,-0.00049253274,0.5307323,0.0,0.0,0.0,-1.0
58217052,58216970,-0.00045673462,-0.13010521,-0.0010622923,0.52993464,0.0,0.0,0.0,-1.0
58306897,58306832,-0.0038954064,-0.123190634,-0.0011073196,0.53045857,0.0,0.0,0.0,-1.0
58412778,58412722,0.0011749546,-0.12919404,0.000524181,0.5300827,0.0,0.0,0.0,-1.0
58519157,58519092,-0.0017956949,-0.12574932,0.00052290026,0.5337961,0.0,0.0,0.0,-1.0
58624809,58624754,0.0021341164,-0.12774104,3.4912853e-05,0.53246725,0.0,0.0,0.0,-1.0
58730087,58730007,-0.005573351,-0.12916619,-0.0007797908,0.53223157,0.0,0.0,0.0,-1.0
58821515,58821460,-0.003864953,-0.1305931,0.0006224332,0.53052235,0.0,0.0,0.0,-1.0
58930039,58929971,-0.0025435463,-0.13081372,0.00059662963,0.5272008,0.0,0.0,0.0,-1.0
59021857,59021775,0.0014440129,-0.13067822,-0.0012389552,0.5252599,0.0,0.0,0.0,-1.0
59129092,59128981,0.00055940705,-0.13161209,-0.0004891351,0.52438664,0.0,0.0,0.0,-1.0
59236753,59236671,0.0014312639,-0.13239765,9.779114e-05,0.5231549,0.0,0.0,0.0,-1.0
59327031,59326976,0.0026693642,-0.13572522,0.00037950248,0.5248858,0.0,0.0,0.0,-1.0
59437363,59437308,-0.0035990768,-0.127301,0.00045390235,0.52627337,0.0,0.0,0.0,-1.0
59528234,59528179,-0.000243819,-0.12708007,0.00059686636,0.5279952,0.0,0.0,0.0,-1.0
59634385,59634286,0.000783982,-0.12932108,9.7660515e-05,0.5288967,0.0,0.0,0.0,-1.0
59741591,59741523,0.0010068421,-0.12855971,-0.00028363537,0.5308157,0.0,0.0,0.0,-1.0
59832566,59832511,0.0018404559,-0.1347222,-0.0005244117,0.52751,0.0,0.0,0.0,-1.0
59938941,59938886,0.004730488,-0.13429454,-0.001743835,0.52594733,0.0,0.0,0.0,-1.0
60047362,60047306,-0.0015528295,-0.13628039,-0.0008589386,0.5242231,0.0,0.0,0.0,-1.0
60140362,60140306,0.0018143903,-0.13416931,-0.0012812269,0.5261588,0.0,0.0,0.0,-1.0
60244130,60244075,-0.0023338248,-0.12797862,9.042406e-05,0.5266954,0.0,0.0,0.0,-1.0
60350086,60350021,0.002723579,-0.13045035,0.0027415978,0.5262834,0.0,0.0,0.0,-1.0
60441169,60441113,-0.0010634422,-0.13000016,0.0013884373,0.525014,0.0,0.0,0.0,-1.0
60547578,60547523,0.0029112224,-0.13455053,-0.0014876099,0.5272885,0.0,0.0,0.0,-1.0
60655371,60655316,-0.00069605187,-0.13185287,-0.0008038522,0.52732486,0.0,0.0,0.0,-1.0
60760182,60760126,-0.002288894,-0.1203362,-0.00038651616,0.5252096,0.0,0.0,0.0,-1.0
60851269,60851203,-0.002893534,-0.12585011,-0.00096226274,0.52262276,0.0,0.0,0.0,-1.0
60958460,60958378,0.00093560957,-0.12931782,-0.0015126392,0.52090263,0.0,0.0,0.0,-1.0
61064086,61064027,0.0015678942,-0.12627771,0.0016363338,0.5192272,0.0,0.0,0.0,-1.0
61154938,61154883,0.0019261369,-0.12673712,0.00063238945,0.5195946,0.0,0.0,0.0,-1.0
61260693,61260638,0.0010369823,-0.12274046,-0.0019048973,0.5212813,0.0,0.0,0.0,-1.0
61367407,61367309,0.0045252307,-0.12979123,-0.00057906256,0.52153516,0.0,0.0,0.0,-1.0
61459925,61459869,0.0020202624,-0.13497315,0.0004344364,0.52312356,0.0,0.0,0.0,-1.0
61566577,61566522,0.006322256,-0.13325778,-0.0019894582,0.52350724,0.0,0.0,0.0,-1.0
61658009,61657927,-0.003572601,-0.12650625,0.0010711391,0.522479,0.0,0.0,0.0,-1.0
61766415,61766356,0.0025896449,-0.1257976,0.0004774655,0.5232269,0.0,0.0,0.0,-1.0
61873329,61873273,-0.0010382833,-0.13190846,0.0017260573,0.5212612,0.0,0.0,0.0,-1.0
61964566,61964485,-0.0020351033,-0.13215086,-0.00031573707,0.52057964,0.0,0.0,0.0,-1.0
62071307,62071242,-0.0023578205,-0.12486424,-0.00025035717,0.5199179,0.0,0.0,0.0,-1.0
62179184,62179128,-0.0044494313,-0.12851201,-0.0015130227,0.5189413,0.0,0.0,0.0,-1.0
62271409,62271354,-0.0018218611,-0.13254684,-0.0002159014,0.51992875,0.0,0.0,0.0,-1.0
62378440,62378385,9.6633594e-05,-0.13259149,-0.0007647768,0.5232716,0.0,0.0,0.0,-1.0
62482831,62482739,0.008594984,-0.13115922,0.0019036757,0.52553517,0.0,0.0,0.0,-1.0
62572778,62572723,3.9988252e-05,-0.12728179,0.0015794069,0.5241662,0.0,0.0,0.0,-1.0
62679948,62679893,-0.0014802852,-0.124623366,-0.00079275056,0.5237505,0.0,0.0,0.0,-1.0
62787850,62787795,-0.004727388,-0.12910768,0.0015389931,0.5218257,0.0,0.0,0.0,-1.0
62879152,62879083,-0.0025078289,-0.12580088,-0.00041330978,0.5248147,0.0,0.0,0.0,-1.0
62985359,62985303,-0.0019289248,-0.1239444,0.0012407936,0.52592933,0.0,0.0,0.0,-1.0
63095365,63095300,0.0012885942,-0.124929726,0.001364461,0.5252342,0.0,0.0,0.0,-1.0
63183996,63183941,-0.0020344846,-0.1275339,-0.00040591302,0.52291644,0.0,0.0,0.0,-1.0
63290191,63290122,0.00097610324,-0.12192496,-0.00070347777,0.5192089,0.0,0.0,0.0,-1.0
63399090,63399034,-0.0019245904,-0.12683524,-0.0011967242,0.5180444,0.0,0.0,0.0,-1.0
63491414,63491358,-0.0036601243,-0.123235285,-0.0013723997,0.5158623,0.0,0.0,0.0,-1.0
63597590,63597535,0.00028348668,-0.124719106,-0.0006269047,0.51757085,0.0,0.0,0.0,-1.0
63689367,63689312,-0.0025248227,-0.1205721,0.0013449818,0.52006453,0.0,0.0,0.0,-1.0
63795821,63795765,0.00091102184,-0.12638247,0.0017270397,0.5216379,0.0,0.0,0.0,-1.0
63902056,63902000,0.007968713,-0.12666838,-0.0015027375,0.5212867,0.0,0.0,0.0,-1.0
63994513,63994457,0.0021234113,-0.12229002,0.00013402468,0.5225322,0.0,0.0,0.0,-1.0
64099723,64099642,0.0007421863,-0.1270399,0.0020035096,0.5232208,0.0,0.0,0.0,-1.0
64206381,64206326,-0.00048301273,-0.12473908,0.0001662402,0.52278435,0.0,0.0,0.0,-1.0
64310642,64310587,-0.00026513595,-0.12306776,0.0013394811,0.52487075,0.0,0.0,0.0,-1.0
64401380,64401325,-0.0026034035,-0.12512136,-4.8261547e-05,0.5232272,0.0,0.0,0.0,-1.0
64506211,64506146,5.3759646e-05,-0.1263048,0.0018251517,0.5202566,0.0,0.0,0.0,-1.0
64616383,64616328,0.00146091,-0.1214683,0.0014970382,0.5193407,0.0,0.0,0.0,-1.0
64719249,64719181,-0.0039875554,-0.12623149,-0.0011788568,0.51940775,0.0,0.0,0.0,-1.0
64810623,64810568,0.0070527815,-0.124293275,-0.0006514337,0.52107733,0.0,0.0,0.0,-1.0
64919112,64919057,-0.0024385122,-0.12292694,-0.00024728122,0.5245194,0.0,0.0,0.0,-1.0
65022636,65022580,-0.0024735646,-0.124880046,-0.00019154168,0.5246939,0.0,0.0,0.0,-1.0
65113427,65113346,0.0027718074,-0.13309926,0.0006097914,0.52346385,0.0,0.0,0.0,-1.0
65220383,65220327,0.008947814,-0.12920973,0.0003798572,0.52360415,0.0,0.0,0.0,-1.0
65326902,65326821,0.0018703454,-0.12592523,0.0022658457,0.5248341,0.0,0.0,0.0,-1.0
65418100,65418045,-0.001235088,-0.12007921,-0.00034084884,0.52356297,0.0,0.0,0.0,-1.0
65524973,65524918,0.0027599907,-0.12513457,0.00091821,0.5261348,0.0,0.0,0.0,-1.0
65631519,65631464,0.0041879863,-0.11821318,-0.0012868182,0.52843153,0.0,0.0,0.0,-1.0
65722161,65722106,-0.0012977408,-0.12003576,0.0018077256,0.5280808,0.0,0.0,0.0,-1.0
65828960,65828807,-0.00075564557,-0.12556092,0.0004881643,0.52468246,0.0,0.0,0.0,-1.0
65936391,65936335,0.000691894,-0.12717614,-0.0010665208,0.5210185,0.0,0.0,0.0,-1.0
66025354,66025299,0.005525654,-0.12467504,-0.00042243957,0.51884836,0.0,0.0,0.0,-1.0
66130627,66130571,0.00096480804,-0.11920771,-0.00092368486,0.5164851,0.0,0.0,0.0,-1.0
66235813,66235758,-0.0020025817,-0.12290324,-0.0012816407,0.51577455,0.0,0.0,0.0,-1.0
66342580,66342525,0.0023638266,-0.12525739,0.0015288462,0.51928073,0.0,0.0,0.0,-1.0
66433600,66433544,-1.9261588e-05,-0.124698475,0.0005187715,0.5205924,0.0,0.0,0.0,-1.0
66543354,66543299,0.0009697958,-0.12763253,0.0012651116,0.51934075,0.0,0.0,0.0,-1.0
66647054,66646995,0.0019520983,-0.1263549,0.001356673,0.52060294,0.0,0.0,0.0,-1.0
66739360,66739305,-0.00023710649,-0.12226852,-0.0016564042,0.5212065,0.0,0.0,0.0,-1.0
66844220,66844165,0.0015050046,-0.125605,0.0016670476,0.52246565,0.0,0.0,0.0,-1.0
66951623,66951567,0.0009508289,-0.122439295,-0.00028276286,0.5215629,0.0,0.0,0.0,-1.0
67041544,67041488,0.0017724104,-0.114480905,-0.001643082,0.5240844,0.0,0.0,0.0,-1.0
67147739,67147684,-0.002849841,-0.12158221,-0.0013523132,0.52427125,0.0,0.0,0.0,-1.0
67255450,67255394,0.005647254,-0.117203675,-0.0008861394,0.5224998,0.0,0.0,0.0,-1.0
67346388,67346333,0.0026970159,-0.12238167,0.00037164788,0.5227782,0.0,0.0,0.0,-1.0
67452416,67452361,-0.002498543,-0.123719856,1.4330544e-05,0.5238595,0.0,0.0,0.0,-1.0
67560358,67560276,-0.0015947854,-0.12555693,0.0005454154,0.5249595,0.0,0.0,0.0,-1.0
67650876,67650821,0.0049864445,-0.12016376,-5.001828e-06,0.523458,0.0,0.0,0.0,-1.0
67758652,67758571,0.0026301537,-0.12057522,-0.00080440176,0.5223359,0.0,0.0,0.0,-1.0
67865857,67865765,-0.00019911688,-0.122288465,-0.0006431,0.5220475,0.0,0.0,0.0,-1.0
67957850,67957794,-0.008031897,-0.12365332,0.00052984885,0.5204429,0.0,0.0,0.0,-1.0
68064686,68064631,0.0032566153,-0.12791316,-0.0015700732,0.52078146,0.0,0.0,0.0,-1.0
68156605,68156550,-0.0020612872,-0.12065081,0.0003025498,0.52297145,0.0,0.0,0.0,-1.0
68264245,68264189,-0.00051900867,-0.12058381,0.00034770445,0.52498066,0.0,0.0,0.0,-1.0
68355995,68355940,-0.0018550402,-0.12027192,0.0016048468,0.52601445,0.0,0.0,0.0,-1.0
68464708,68464652,0.006338846,-0.12163238,0.00020681406,0.52587116,0.0,0.0,0.0,-1.0
68569106,68569037,-0.00094636483,-0.121834695,0.00034755917,0.521887,0.0,0.0,0.0,-1.0
68677463,68677407,0.0006552206,-0.12067663,-0.00023194497,0.5239518,0.0,0.0,0.0,-1.0
68767354,68767299,0.0012255186,-0.123350196,0.0017763218,0.5254621,0.0,0.0,0.0,-1.0
68877449,68877307,-0.00033528934,-0.12107194,-0.0016951219,0.5236802,0.0,0.0,0.0,-1.0
68980355,68980300,0.0033656594,-0.11895431,0.0015569573,0.52041394,0.0,0.0,0.0,-1.0
69072929,69072873,-0.0023951742,-0.12417935,0.0012983428,0.5221027,0.0,0.0,0.0,-1.0
69178991,69178936,2.0456944e-05,-0.12452713,0.00039133814,0.52242905,0.0,0.0,0.0,-1.0
69285905,69285850,0.014577167,-0.07761665,0.009366742,0.6070661,0.0,0.0,0.0,-1.0
69381493,69381434,-0.13829936,-0.10220054,0.018861951,0.5550425,0.0,0.0,0.0,-1.0
69487815,69487733,0.014217071,-0.1509019,0.0017250143,0.49866164,0.0,0.0,0.0,-1.0
69579058,69579003,0.06925507,-0.12945822,-0.006659559,0.5025532,0.0,0.0,0.0,-1.0
69685594,69685538,-0.022287615,-0.12021984,-0.005753127,0.5177733,0.0,0.0,0.0,-1.0
69792388,69792292,-0.03972594,-0.12122609,-0.0016499378,0.5311843,0.0,0.0,0.0,-1.0
69884371,69884316,0.00017603916,-0.12131402,0.00023579293,0.53594255,0.0,0.0,0.0,-1.0
69991236,69991181,-0.0011919382,-0.124737486,-0.002101751,0.53904295,0.0,0.0,0.0,-1.0
70085365,70085310,-0.008070274,-0.114538535,-0.004376316,0.54038304,0.0,0.0,0.0,-1.0
70192038,70191983,-0.008029141,-0.12805665,-0.001435332,0.53858495,0.0,0.0,0.0,-1.0
70297959,70297904,-0.0097359065,-0.118528366,-0.0025106815,0.5369159,0.0,0.0,0.0,-1.0
70390340,70390285,-0.00943333,-0.11441241,0.00023825892,0.5350274,0.0,0.0,0.0,-1.0
70495627,70495572,-0.0089055365,-0.120575264,-0.0019672897,0.5320011,0.0,0.0,0.0,-1.0
70602970,70602914,-0.009749438,-0.11553101,0.0028654644,0.52967644,0.0,0.0,0.0,-1.0
70696474,70696419,-0.018778892,-0.11489432,0.0013587079,0.5268772,0.0,0.0,0.0,-1.0
70799371,70799316,-0.016894434,-0.11797987,0.00089850416,0.52651864,0.0,0.0,0.0,-1.0
70906186,70906094,-0.017789591,-0.115798384,0.001466535,0.52706945,0.0,0.0,0.0,-1.0
71012081,71012026,-0.017486375,-0.11437136,0.0053216163,0.5285044,0.0,0.0,0.0,-1.0
71103977,71103922,-0.012007081,-0.121312395,0.0027029836,0.52858937,0.0,0.0,0.0,-1.0
71210297,71210233,-0.01611126,-0.110806614,0.0026045258,0.52751637,0.0,0.0,0.0,-1.0
71316423,71316368,-0.01952724,-0.11148775,0.0034799515,0.52811444,0.0,0.0,0.0,-1.0
71408137,71408081,-0.02084016,-0.1194635,0.0045509012,0.5278497,0.0,0.0,0.0,-1.0
71516488,71516432,-0.014884125,-0.10821589,0.0013894172,0.52620983,0.0,0.0,0.0,-1.0
71621547,71621491,-0.0190823,-0.1082871,0.002524174,0.5248311,0.0,0.0,0.0,-1.0
71724377,71724322,-0.014471256,-0.11789263,0.002471652,0.5236866,0.0,0.0,0.0,-1.0
71815395,71815340,-0.017981922,-0.12014879,0.0010949823,0.5246886,0.0,0.0,0.0,-1.0
71923363,71923308,-0.02481441,-0.10713699,2.0251959e-05,0.52520674,0.0,0.0,0.0,-1.0
72028895,72028833,-0.022730613,-0.110590145,0.0013602059,0.524365,0.0,0.0,0.0,-1.0
72119427,72119371,-0.01696938,-0.120285176,0.0002600904,0.5246957,0.0,0.0,0.0,-1.0
72225174,72225115,-0.021379063,-0.117810346,0.0015781147,0.5249335,0.0,0.0,0.0,-1.0
72330404,72330349,-0.023723174,-0.117193945,0.0028013447,0.5246573,0.0,0.0,0.0,-1.0
72421562,72421506,-0.017198341,-0.117436975,0.0025759195,0.52620333,0.0,0.0,0.0,-1.0
72529026,72528971,-0.017778711,-0.113386475,0.00059188495,0.5242017,0.0,0.0,0.0,-1.0
72634280,72634215,-0.019693734,-0.10704652,-0.00014369376,0.52715117,0.0,0.0,0.0,-1.0
72739874,72739819,-0.023627982,-0.11118032,0.0033352775,0.5281969,0.0,0.0,0.0,-1.0
72833008,72832953,-0.019179815,-0.11322933,0.0011641636,0.52641207,0.0,0.0,0.0,-1.0
72939302,72939238,-0.020898007,-0.10458828,0.0030758367,0.5226003,0.0,0.0,0.0,-1.0
73031299,73031232,-0.022565832,-0.1144582,-9.7447424e-05,0.5228953,0.0,0.0,0.0,-1.0
73139464,73139409,-0.017317172,-0.115966514,0.00036117266,0.5198732,0.0,0.0,0.0,-1.0
73246580,73246525,-0.02208565,-0.115990445,0.000518665,0.5217306,0.0,0.0,0.0,-1.0
73338050,73337995,-0.01807117,-0.114398964,0.00035069056,0.5242219,0.0,0.0,0.0,-1.0
73442331,73442276,-0.015534647,-0.112001255,0.0004200649,0.52740437,0.0,0.0,0.0,-1.0
73550586,73550505,-0.018412396,-0.11432999,0.0023131222,0.5278517,0.0,0.0,0.0,-1.0
73644453,73644305,-0.01910801,-0.109563924,0.0014230255,0.5276342,0.0,0.0,0.0,-1.0
73751526,73751467,-0.018376118,-0.116336435,0.0019902652,0.5274304,0.0,0.0,0.0,-1.0
73855721,73855666,-0.0153922085,-0.11748721,0.0024548806,0.5279453,0.0,0.0,0.0,-1.0
73950361,73950306,-0.01785059,-0.113232136,0.0013215155,0.52732587,0.0,0.0,0.0,-1.0
74056192,74056136,-0.011183437,-0.11707902,0.0016811042,0.5237212,0.0,0.0,0.0,-1.0
74147245,74147190,-0.020808067,-0.111904696,0.0023575749,0.5217897,0.0,0.0,0.0,-1.0
74255111,74255055,-0.016773846,-0.11370279,0.0010023519,0.5231958,0.0,0.0,0.0,-1.0
74364397,74364341,-0.018158669,-0.11176835,0.0013947313,0.5246425,0.0,0.0,0.0,-1.0
74455237,74455156,-0.010734664,-0.121432945,0.0025109295,0.5239045,0.0,0.0,0.0,-1.0
74559955,74559900,-0.014049804,-0.11332872,0.0011380288,0.5257422,0.0,0.0,0.0,-1.0
74665968,74665913,-0.017913196,-0.1115471,0.0023100786,0.52619654,0.0,0.0,0.0,-1.0
74757454,74757306,-0.022470858,-0.11134727,0.0020277298,0.5251104,0.0,0.0,0.0,-1.0
74861986,74861908,-0.016197264,-0.11089428,0.0010528299,0.52347165,0.0,0.0,0.0,-1.0
74969640,74969585,-0.017582461,-0.11400062,0.0008494983,0.52521926,0.0,0.0,0.0,-1.0
75075591,75075522,-0.015496457,-0.119290136,0.0031357687,0.52697706,0.0,0.0,0.0,-1.0
75168039,75167958,-0.015968304,-0.11373819,-0.00037168874,0.525026,0.0,0.0,0.0,-1.0
75276428,75276373,-0.020032514,-0.10807919,0.00043594197,0.5274031,0.0,0.0,0.0,-1.0
75380393,75380302,-0.015763419,-0.116454385,0.0020527449,0.5257264,0.0,0.0,0.0,-1.0
75471919,75471863,-0.016241768,-0.115267515,0.0021948088,0.5233287,0.0,0.0,0.0,-1.0
75579238,75579183,-0.009675197,-0.11319318,0.0026669966,0.5199349,0.0,0.0,0.0,-1.0
75684314,75684223,0.027217388,0.39310578,0.004024509,-0.0,0.0,0.0,0.0,-1.0
75774650,75774581,0.04455942,0.39689964,0.0058406093,-0.0,0.0,0.0,0.0,-1.0
75879932,75879877,0.07301575,0.37873775,0.007901694,-0.0,0.0,0.0,0.0,-1.0
75973540,75973486,0.1110441,0.35892075,0.012155133,-0.0,0.0,0.0,0.0,-1.0
76080343,76080279,0.18153796,0.30406442,0.021600405,-0.0,0.0,0.0,0.0,-1.0
76186379,76186325,0.2820724,0.22537836,0.030817581,-0.0,0.0,0.0,0.0,-1.0
76291379,76291325,0.37950277,0.1307269,0.04592922,-0.0,0.0,0.0,0.0,-1.0
76382353,76382299,0.5053486,-0.0039156782,0.05948905,-0.0,0.0,0.0,0.0,-1.0
76488353,76488299,0.6765282,-0.20572276,0.08342841,-0.0,0.0,0.0,0.0,-1.0
76594358,76594304,0.8395552,-0.40394595,0.11102071,-0.0,0.0,0.0,0.0,-1.0
