timestamp,q[0],q[1],q[2],q[3],delta_q_reset[0],delta_q_reset[1],delta_q_reset[2],delta_q_reset[3],quat_reset_counter
29188349,0.9999972,0.00149524,-0.00044970887,0.0018023244,0.9999989,2.0384614e-11,-3.532937e-11,-0.0015032021,3
29256302,0.9999969,0.0016279158,-0.00046045726,0.0018175673,0.9999989,2.0384614e-11,-3.532937e-11,-0.0015032021,3
29307383,0.9999968,0.0016333384,-0.00044740646,0.0018848763,0.9999989,2.0384614e-11,-3.532937e-11,-0.0015032021,3
29358325,0.9999968,0.0015986499,-0.00042363923,0.00195854,0.9999989,2.0384614e-11,-3.532937e-11,-0.0015032021,3
29413391,0.9999967,0.0015903314,-0.00040137456,0.0019616687,0.9999989,2.0384614e-11,-3.532937e-11,-0.0015032021,3
29465301,0.9999969,0.0015683777,-0.0003669778,0.0019359064,0.9999989,2.0384614e-11,-3.532937e-11,-0.0015032021,3
29517328,0.99999684,0.0015361677,-0.00029216547,0.0019756965,0.9999989,2.0384614e-11,-3.532937e-11,-0.0015032021,3
29568324,0.9999969,0.001421942,-0.0003234378,0.0020367678,0.9999989,2.0384614e-11,-3.532937e-11,-0.0015032021,3
29616575,0.99999696,0.0014244935,-0.0002531105,0.0020056725,0.9999989,2.0384614e-11,-3.532937e-11,-0.0015032021,3
29675298,0.9999968,0.0014349091,-0.00021634504,0.0020871444,0.9999989,2.0384614e-11,-3.532937e-11,-0.0015032021,3
29727302,0.9999968,0.0013843497,-0.0002575953,0.0021532087,0.9999989,2.0384614e-11,-3.532937e-11,-0.0015032021,3
29779472,0.99999684,0.0013185408,-0.0002455714,0.0021732596,0.9999989,2.0384614e-11,-3.532937e-11,-0.0015032021,3
29834306,0.999997,0.0012481002,-0.00025330478,0.002127266,0.9999989,2.0384614e-11,-3.532937e-11,-0.0015032021,3
29885302,0.99999684,0.0012582006,-0.00019932401,0.0021772534,0.9999989,2.0384614e-11,-3.532937e-11,-0.0015032021,3
29938324,0.9999968,0.0012604961,-0.00014769127,0.002203725,0.9999989,2.0384614e-11,-3.532937e-11,-0.0015032021,3
29990380,0.9999968,0.0012316424,-9.9023746e-05,0.0022555522,0.9999989,2.0384614e-11,-3.532937e-11,-0.0015032021,3
30043350,0.99999684,0.0012027846,-4.346124e-05,0.002232595,0.9999989,2.0384614e-11,-3.532937e-11,-0.0015032021,3
30094310,0.9999966,0.0011870997,-5.0281456e-06,0.0023057787,0.9999989,2.0384614e-11,-3.532937e-11,-0.0015032021,3
30146312,0.9999965,0.0011892535,-1.35694445e-05,0.0023660166,0.9999989,2.0384614e-11,-3.532937e-11,-0.0015032021,3
30198340,0.99999654,0.0011730088,-6.716294e-06,0.002357563,0.9999989,2.0384614e-11,-3.532937e-11,-0.0015032021,3
30252313,0.99999654,0.001151157,7.46341e-06,0.0023744444,0.9999989,2.0384614e-11,-3.532937e-11,-0.0015032021,3
30307302,0.9999966,0.0011544086,3.4716213e-05,0.002378192,0.9999989,2.0384614e-11,-3.532937e-11,-0.0015032021,3
30359524,0.9999966,0.0009886015,2.6957998e-05,0.0024340306,0.9999989,2.0384614e-11,-3.532937e-11,-0.0015032021,3
30410308,0.9999968,0.0009080493,-6.904377e-05,0.0024016157,0.9999989,2.0384614e-11,-3.532937e-11,-0.0015032021,3
30462315,0.99999666,0.000903972,-6.346599e-05,0.0024357764,0.9999989,2.0384614e-11,-3.532937e-11,-0.0015032021,3
30515320,0.9999966,0.0008758249,-7.0882335e-05,0.0024814124,0.9999989,2.0384614e-11,-3.532937e-11,-0.0015032021,3
30567296,0.9999966,0.00074554415,-0.00013581547,0.0025282097,0.9999989,2.0384614e-11,-3.532937e-11,-0.0015032021,3
30620381,0.9999965,0.0007033029,-0.00016242564,0.0025653,0.9999989,2.0384614e-11,-3.532937e-11,-0.0015032021,3
30674299,0.9999962,0.00079067604,-0.00025658598,0.0026504067,0.9999989,2.0384614e-11,-3.532937e-11,-0.0015032021,3
30725547,0.99999624,0.0008079474,-0.00027327702,0.002628829,0.9999989,2.0384614e-11,-3.532937e-11,-0.0015032021,3
30777296,0.9999963,0.0008198593,-0.0002944073,0.002578899,0.9999989,2.0384614e-11,-3.532937e-11,-0.0015032021,3
30828977,0.9999964,0.0008029814,-0.00023932147,0.0025276004,0.9999989,2.0384614e-11,-3.532937e-11,-0.0015032021,3
30881305,0.9999964,0.00080141926,-0.00023014842,0.0025301124,0.9999989,2.0384614e-11,-3.532937e-11,-0.0015032021,3
30934302,0.99999636,0.0007596149,-0.00022099822,0.0025606635,0.9999989,2.0384614e-11,-3.532937e-11,-0.0015032021,3
30989296,0.9999963,0.0007558035,-0.00011949273,0.0026324622,0.9999989,2.0384614e-11,-3.532937e-11,-0.0015032021,3
31040308,0.9999963,0.0007310898,-8.897372e-05,0.0026163545,0.9999989,2.0384614e-11,-3.532937e-11,-0.0015032021,3
31093435,0.99999636,0.000626074,1.7498065e-06,0.0026538335,0.9999989,2.0384614e-11,-3.532937e-11,-0.0015032021,3
31145302,0.99999595,0.00067725335,3.568397e-05,0.0027589714,0.9999989,2.0384614e-11,-3.532937e-11,-0.0015032021,3
31198352,0.99999607,0.0007029739,9.8277174e-05,0.0027338192,0.9999989,2.0384614e-11,-3.532937e-11,-0.0015032021,3
31249307,0.9999959,0.0007492593,0.00012526331,0.0027711752,0.9999989,2.0384614e-11,-3.532937e-11,-0.0015032021,3
31304299,0.99999607,0.00071918167,0.00015903442,0.0027148244,0.9999989,2.0384614e-11,-3.532937e-11,-0.0015032021,3
31355316,0.9999962,0.000678851,0.0002654384,0.0026884116,0.9999989,2.0384614e-11,-3.532937e-11,-0.0015032021,3
31408344,0.99999636,0.00068884337,0.00034236175,0.0026182872,0.9999989,2.0384614e-11,-3.532937e-11,-0.0015032021,3
31460302,0.9999963,0.0007133928,0.00029687517,0.0025967967,0.9999989,2.0384614e-11,-3.532937e-11,-0.0015032021,3
31513334,0.99999636,0.00069007487,0.00035645862,0.0025991842,0.9999989,2.0384614e-11,-3.532937e-11,-0.0015032021,3
31565318,0.99999624,0.00065029255,0.00035354978,0.0026296058,0.9999989,2.0384614e-11,-3.532937e-11,-0.0015032021,3
31618327,0.99999654,0.0006551264,0.00038456495,0.0025659222,0.9999989,2.0384614e-11,-3.532937e-11,-0.0015032021,3
31667302,0.99999666,0.0006326031,0.000411714,0.0024624493,0.9999989,2.0384614e-11,-3.532937e-11,-0.0015032021,3
31722296,0.9999968,0.0006875521,0.0004147678,0.0023935817,0.9999989,2.0384614e-11,-3.532937e-11,-0.0015032021,3
31774305,0.99999684,0.0006223728,0.00042529742,0.002406134,0.9999989,2.0384614e-11,-3.532937e-11,-0.0015032021,3
31827306,0.99999684,0.0006875283,0.00038651773,0.0024086153,0.9999989,2.0384614e-11,-3.532937e-11,-0.0015032021,3
31882302,0.99999684,0.00061787415,0.00039539562,0.002422785,0.9999989,2.0384614e-11,-3.532937e-11,-0.0015032021,3
31927687,0.999997,0.00058167457,0.0003934333,0.0023648888,0.9999989,2.0384614e-11,-3.532937e-11,-0.0015032021,3
31974032,0.99999744,0.00065820065,0.00028299162,0.0021876467,0.9999989,2.0384614e-11,-3.532937e-11,-0.0015032021,3
32034920,0.9999977,0.0007916483,3.70062e-05,0.002015499,0.9999989,2.0384614e-11,-3.532937e-11,-0.0015032021,3
32080972,0.99999774,0.00082538335,-5.743274e-05,0.0019916145,0.9999989,2.0384614e-11,-3.532937e-11,-0.0015032021,3
32141909,0.9999972,0.00083590485,-8.7443295e-05,0.0022157852,0.9999989,2.0384614e-11,-3.532937e-11,-0.0015032021,3
32187599,0.9999972,0.00088622223,-0.00014693284,0.0022296722,0.9999989,2.0384614e-11,-3.532937e-11,-0.0015032021,3
32248348,0.9999968,0.0009992956,-0.0001600168,0.0023248377,0.9999989,2.0384614e-11,-3.532937e-11,-0.0015032021,3
32293211,0.9999967,0.001077811,-0.00020240995,0.0023205911,0.9999989,2.0384614e-11,-3.532937e-11,-0.0015032021,3
32353042,0.99999666,0.0011400153,-7.729297e-05,0.0023061994,0.9999989,2.0384614e-11,-3.532937e-11,-0.0015032021,3
32399496,0.99999714,0.0009943435,-0.00018008077,0.0021563878,0.9999989,2.0384614e-11,-3.532937e-11,-0.0015032021,3
32443825,0.99999744,0.001055389,-9.043792e-05,0.0020334763,0.9999989,2.0384614e-11,-3.532937e-11,-0.0015032021,3
32504011,0.9999976,0.0010269559,-0.00010337588,0.0019590606,0.9999989,2.0384614e-11,-3.532937e-11,-0.0015032021,3
32564419,0.9999974,0.001051855,-9.8072764e-05,0.0020327966,0.9999989,2.0384614e-11,-3.532937e-11,-0.0015032021,3
32610364,0.99999744,0.0009243831,-0.00019894268,0.002098473,0.9999989,2.0384614e-11,-3.532937e-11,-0.0015032021,3
32656708,0.9999975,0.00081105606,-0.00022249846,0.0021062372,0.9999989,2.0384614e-11,-3.532937e-11,-0.0015032021,3
32716297,0.9999974,0.0007557061,-0.0002376232,0.002151385,0.9999989,2.0384614e-11,-3.532937e-11,-0.0015032021,3
32762486,0.9999971,0.00066379475,-0.00040084586,0.0022779068,0.9999989,2.0384614e-11,-3.532937e-11,-0.0015032021,3
32823163,0.99999744,0.000488042,-0.00043743814,0.0022132737,0.9999989,2.0384614e-11,-3.532937e-11,-0.0015032021,3
32868543,0.99999756,0.00045825975,-0.000570521,0.0020793756,0.9999989,2.0384614e-11,-3.532937e-11,-0.0015032021,3
32929379,0.99999744,0.00048252,-0.000609092,0.002150014,0.9999989,2.0384614e-11,-3.532937e-11,-0.0015032021,3
32977304,0.9999974,0.00048383058,-0.0006253495,0.0021824357,0.9999989,2.0384614e-11,-3.532937e-11,-0.0015032021,3
33035024,0.9999973,0.00031580726,-0.00078828173,0.0021631191,0.9999989,2.0384614e-11,-3.532937e-11,-0.0015032021,3
33080056,0.9999975,0.00038403316,-0.0006981292,0.0020966642,0.9999989,2.0384614e-11,-3.532937e-11,-0.0015032021,3
33141578,0.99999774,0.00047284126,-0.0006698302,0.001971134,0.9999989,2.0384614e-11,-3.532937e-11,-0.0015032021,3
33189305,0.99999785,0.0003879014,-0.0008658181,0.0018634044,0.9999989,2.0384614e-11,-3.532937e-11,-0.0015032021,3
33233615,0.999998,0.0003735028,-0.00095605274,0.0017827323,0.9999989,2.0384614e-11,-3.532937e-11,-0.0015032021,3
33293475,0.99999774,0.00035789952,-0.0009325742,0.0018614887,0.9999989,2.0384614e-11,-3.532937e-11,-0.0015032021,3
33340048,0.9999976,0.00030025345,-0.0011148012,0.0018309839,0.9999989,2.0384614e-11,-3.532937e-11,-0.0015032021,3
33400630,0.9999976,0.0004448554,-0.0013524684,0.0016729018,0.9999989,2.0384614e-11,-3.532937e-11,-0.0015032021,3
33446757,0.9999977,0.00044817393,-0.0013950361,0.0016197076,0.9999989,2.0384614e-11,-3.532937e-11,-0.0015032021,3
33508104,0.99999744,0.00055799144,-0.0012873302,0.0017932566,0.9999989,2.0384614e-11,-3.532937e-11,-0.0015032021,3
33555296,0.9999976,0.0005175683,-0.0011711511,0.001795954,0.9999989,2.0384614e-11,-3.532937e-11,-0.0015032021,3
33599202,0.9999976,0.00047765792,-0.0012704774,0.0017143415,0.9999989,2.0384614e-11,-3.532937e-11,-0.0015032021,3
33660484,0.9999976,0.00052513875,-0.0012264821,0.0017727825,0.9999989,2.0384614e-11,-3.532937e-11,-0.0015032021,3
33708428,0.9999974,0.0006339274,-0.0010785152,0.001908507,0.9999989,2.0384614e-11,-3.532937e-11,-0.0015032021,3
33767528,0.9999976,0.0007394195,-0.0010236102,0.0017712954,0.9999989,2.0384614e-11,-3.532937e-11,-0.0015032021,3
33812367,0.9999978,0.00076610944,-0.00095213973,0.0017282731,0.9999989,2.0384614e-11,-3.532937e-11,-0.0015032021,3
33874509,0.9999978,0.0009149254,-0.0009643555,0.0016344449,0.9999989,2.0384614e-11,-3.532937e-11,-0.0015032021,3
33922305,0.99999785,0.00078057783,-0.0010080468,0.0016484784,0.9999989,2.0384614e-11,-3.532937e-11,-0.0015032021,3
33980514,0.99999774,0.00089582376,-0.0009879239,0.001700186,0.9999989,2.0384614e-11,-3.532937e-11,-0.0015032021,3
34027675,0.9999977,0.00077207806,-0.001047901,0.0017680262,0.9999989,2.0384614e-11,-3.532937e-11,-0.0015032021,3
34072340,0.9999973,0.00093661353,-0.0010116673,0.0018559039,0.9999989,2.0384614e-11,-3.532937e-11,-0.0015032021,3
34132735,0.9999974,0.0011141645,-0.000912747,0.0017748846,0.9999989,2.0384614e-11,-3.532937e-11,-0.0015032021,3
34179302,0.99999744,0.0011944966,-0.00085342233,0.0017714843,0.9999989,2.0384614e-11,-3.532937e-11,-0.0015032021,3
34237352,0.99999726,0.0012346877,-0.00088855263,0.0017894629,0.9999989,2.0384614e-11,-3.532937e-11,-0.0015032021,3
34283450,0.999997,0.001438305,-0.0008303264,0.0017741087,0.9999989,2.0384614e-11,-3.532937e-11,-0.0015032021,3
34345296,0.9999967,0.0015944084,-0.000833467,0.0018151624,0.9999989,2.0384614e-11,-3.532937e-11,-0.0015032021,3
34390235,0.9999972,0.0015436667,-0.0007299447,0.001681661,0.9999989,2.0384614e-11,-3.532937e-11,-0.0015032021,3
34450707,0.99999666,0.0016092901,-0.00089784944,0.0018099131,0.9999989,2.0384614e-11,-3.532937e-11,-0.0015032021,3
34495910,0.99999666,0.0015897544,-0.0009213409,0.0018745667,0.9999989,2.0384614e-11,-3.532937e-11,-0.0015032021,3
34557710,0.99999666,0.0016489037,-0.0008167217,0.0018564182,0.9999989,2.0384614e-11,-3.532937e-11,-0.0015032021,3
34602326,0.9999965,0.0017189713,-0.00080532476,0.0018271509,0.9999989,2.0384614e-11,-3.532937e-11,-0.0015032021,3
34663541,0.9999965,0.0016751984,-0.0009189091,0.0018454341,0.9999989,2.0384614e-11,-3.532937e-11,-0.0015032021,3
34709358,0.999996,0.0017900108,-0.00093252404,0.0020058758,0.9999989,2.0384614e-11,-3.532937e-11,-0.0015032021,3
34754160,0.9999958,0.0018737323,-0.0008326368,0.0020623652,0.9999989,2.0384614e-11,-3.532937e-11,-0.0015032021,3
34815957,0.99999577,0.001782002,-0.0008484861,0.0021427656,0.9999989,2.0384614e-11,-3.532937e-11,-0.0015032021,3
34860133,0.9999958,0.0017350824,-0.00084453466,0.0021801495,0.9999989,2.0384614e-11,-3.532937e-11,-0.0015032021,3
34919961,0.9999959,0.0017352176,-0.00094045716,0.0020994924,0.9999989,2.0384614e-11,-3.532937e-11,-0.0015032021,3
34965269,0.99999565,0.0017970044,-0.00083345536,0.0021884697,0.9999989,2.0384614e-11,-3.532937e-11,-0.0015032021,3
35025853,0.99999565,0.0016938936,-0.00085730775,0.0023003817,0.9999989,2.0384614e-11,-3.532937e-11,-0.0015032021,3
35070868,0.9999956,0.0015799924,-0.000755334,0.0024151772,0.9999989,2.0384614e-11,-3.532937e-11,-0.0015032021,3
35133008,0.9999952,0.001705391,-0.00055798213,0.002543515,0.9999989,2.0384614e-11,-3.532937e-11,-0.0015032021,3
35178746,0.9999952,0.0016356368,-0.00047874203,0.0026171356,0.9999989,2.0384614e-11,-3.532937e-11,-0.0015032021,3
35239005,0.9999953,0.0017050157,-0.00038182957,0.002554942,0.9999989,2.0384614e-11,-3.532937e-11,-0.0015032021,3
35284932,0.9999953,0.0017768602,-0.00039563153,0.002502086,0.9999989,2.0384614e-11,-3.532937e-11,-0.0015032021,3
35346510,0.99999505,0.0018684834,-0.00020597485,0.0025184695,0.9999989,2.0384614e-11,-3.532937e-11,-0.0015032021,3
35394517,0.9999948,0.0019077943,-0.00021445815,0.0025831228,0.9999989,2.0384614e-11,-3.532937e-11,-0.0015032021,3
35439524,0.99999493,0.0017935304,-0.0002373315,0.0026121326,0.9999989,2.0384614e-11,-3.532937e-11,-0.0015032021,3
35502296,0.9999945,0.0017498696,-0.00021078892,0.002817333,0.9999989,2.0384614e-11,-3.532937e-11,-0.0015032021,3
35547024,0.9999943,0.0018002818,-0.00017908527,0.0028538683,0.9999989,2.0384614e-11,-3.532937e-11,-0.0015032021,3
35609886,0.9999943,0.0018804631,-0.00021155024,0.0028263396,0.9999989,2.0384614e-11,-3.532937e-11,-0.0015032021,3
35655795,0.99999416,0.0019381421,-0.00018207075,0.0027945312,0.9999989,2.0384614e-11,-3.532937e-11,-0.0015032021,3
35701113,0.9999941,0.0018906315,-0.00023190994,0.0028690354,0.9999989,2.0384614e-11,-3.532937e-11,-0.0015032021,3
35762813,0.999994,0.0019489218,-0.00013528827,0.002891733,0.9999989,2.0384614e-11,-3.532937e-11,-0.0015032021,3
35808330,0.99999386,0.0019499757,-9.225858e-05,0.0029210215,0.9999989,2.0384614e-11,-3.532937e-11,-0.0015032021,3
35868982,0.9999941,0.0018517637,-0.00015875137,0.0029172555,0.9999989,2.0384614e-11,-3.532937e-11,-0.0015032021,3
35914491,0.9999941,0.0017327304,-0.00016829818,0.0029855708,0.9999989,2.0384614e-11,-3.532937e-11,-0.0015032021,3
35975932,0.9999939,0.0018436214,-0.0003719264,0.0029578486,0.9999989,2.0384614e-11,-3.532937e-11,-0.0015032021,3
36020895,0.9999936,0.0019182792,-0.0004583082,0.0030018168,0.9999989,2.0384614e-11,-3.532937e-11,-0.0015032021,3
36066005,0.9999935,0.0018272151,-0.0005652491,0.003056068,0.9999989,2.0384614e-11,-3.532937e-11,-0.0015032021,3
36128631,0.9999938,0.001740373,-0.00044445996,0.003054376,0.9999989,2.0384614e-11,-3.532937e-11,-0.0015032021,3
36176298,0.9999934,0.0017722845,-0.00052419817,0.003142316,0.9999989,2.0384614e-11,-3.532937e-11,-0.0015032021,3
36234009,0.99999285,0.0017748695,-0.00061878347,0.0033011076,0.9999989,2.0384614e-11,-3.532937e-11,-0.0015032021,3
36279410,0.99999285,0.0018150193,-0.0006845407,0.0032389488,0.9999989,2.0384614e-11,-3.532937e-11,-0.0015032021,3
36341405,0.9999922,0.0019136887,-0.00074810494,0.0034121315,0.9999989,2.0384614e-11,-3.532937e-11,-0.0015032021,3
36386923,0.9999918,0.0018739176,-0.000836777,0.003505987,0.9999989,2.0384614e-11,-3.532937e-11,-0.0015032021,3
36433322,0.99999154,0.0018585096,-0.0009602473,0.0035600413,0.9999989,2.0384614e-11,-3.532937e-11,-0.0015032021,3
36493755,0.9999917,0.0017627717,-0.00094287505,0.0035563798,0.9999989,2.0384614e-11,-3.532937e-11,-0.0015032021,3
36539271,0.9999913,0.0016741187,-0.00083152816,0.0037435389,0.9999989,2.0384614e-11,-3.532937e-11,-0.0015032021,3
36600577,0.9999912,0.0016459124,-0.0006477173,0.003816768,0.9999989,2.0384614e-11,-3.532937e-11,-0.0015032021,3
36647161,0.9999915,0.0016024256,-0.0005523094,0.0037630755,0.9999989,2.0384614e-11,-3.532937e-11,-0.0015032021,3
36708844,0.9999915,0.0016298478,-0.00037992082,0.0037917458,0.9999989,2.0384614e-11,-3.532937e-11,-0.0015032021,3
36756304,0.999991,0.001639239,-0.0002933819,0.0039098156,0.9999989,2.0384614e-11,-3.532937e-11,-0.0015032021,3
36799570,0.9999907,0.0014402326,-0.00020058586,0.0040698554,0.9999989,2.0384614e-11,-3.532937e-11,-0.0015032021,3
36859281,0.9999898,0.0014190666,-0.00023542602,0.004298024,0.9999989,2.0384614e-11,-3.532937e-11,-0.0015032021,3
36905655,0.9999895,0.0015219717,-0.0002719275,0.004331625,0.9999989,2.0384614e-11,-3.532937e-11,-0.0015032021,3
36968502,0.99998856,0.0016641997,-0.00017639823,0.004489927,0.9999989,2.0384614e-11,-3.532937e-11,-0.0015032021,3
37016298,0.99998844,0.0015210424,-0.0002199941,0.0045506423,0.9999989,2.0384614e-11,-3.532937e-11,-0.0015032021,3
37060116,0.99998856,0.0013200007,-0.00032170655,0.0045943847,0.9999989,2.0384614e-11,-3.532937e-11,-0.0015032021,3
37120098,0.99998856,0.0012865133,-0.00023239259,0.0046137776,0.9999989,2.0384614e-11,-3.532937e-11,-0.0015032021,3
37167556,0.99998856,0.0013540159,-0.00030333424,0.0045779743,0.9999989,2.0384614e-11,-3.532937e-11,-0.0015032021,3
37227362,0.9999887,0.0014724773,-0.00038832804,0.0045212647,0.9999989,2.0384614e-11,-3.532937e-11,-0.0015032021,3
37273346,0.9999894,0.001596805,-0.00029628156,0.004330411,0.9999989,2.0384614e-11,-3.532937e-11,-0.0015032021,3
37334140,0.9999889,0.001644918,-0.00011928948,0.0044145486,0.9999989,2.0384614e-11,-3.532937e-11,-0.0015032021,3
37379437,0.9999887,0.0017585771,-0.00011119642,0.0044282894,0.9999989,2.0384614e-11,-3.532937e-11,-0.0015032021,3
37441389,0.9999875,0.0019052732,0.00012050032,0.0046349773,0.9999989,2.0384614e-11,-3.532937e-11,-0.0015032021,3
37487305,0.9999879,0.0017499849,0.00023617293,0.004598503,0.9999989,2.0384614e-11,-3.532937e-11,-0.0015032021,3
37545981,0.9999879,0.0018339788,0.00020880174,0.0045624,0.9999989,2.0384614e-11,-3.532937e-11,-0.0015032021,3
37591689,0.99998826,0.0018693247,0.00012002322,0.004480669,0.9999989,2.0384614e-11,-3.532937e-11,-0.0015032021,3
37651308,0.999989,0.0019124169,0.00015768257,0.004302672,0.9999989,2.0384614e-11,-3.532937e-11,-0.0015032021,3
37696821,0.999989,0.0020033298,0.00015622628,0.0042593842,0.9999989,2.0384614e-11,-3.532937e-11,-0.0015032021,3
37757091,0.9999884,0.0019635353,0.00018712175,0.0043947096,0.9999989,2.0384614e-11,-3.532937e-11,-0.0015032021,3
37802020,0.999988,0.0019528879,0.0001672948,0.0044859266,0.9999989,2.0384614e-11,-3.532937e-11,-0.0015032021,3
37861870,0.9999888,0.0019137278,0.00018754015,0.004336955,0.9999989,2.0384614e-11,-3.532937e-11,-0.0015032021,3
37908323,0.99998885,0.001990889,0.000120557044,0.004299501,0.9999989,2.0384614e-11,-3.532937e-11,-0.0015032021,3
37955334,0.99998844,0.0018702698,6.64387e-05,0.004438506,0.9999989,2.0384614e-11,-3.532937e-11,-0.0015032021,3
38018636,0.9999893,0.0018562666,0.00012455994,0.0042538345,0.9999989,2.0384614e-11,-3.532937e-11,-0.0015032021,3
38062683,0.99998987,0.0017721128,0.00021533796,0.0041497964,0.9999989,2.0384614e-11,-3.532937e-11,-0.0015032021,3
38126306,0.9999892,0.0016229128,0.0003920006,0.0043446766,0.9999989,2.0384614e-11,-3.532937e-11,-0.0015032021,3
38169796,0.9999893,0.0016334304,0.00040064205,0.0043275165,0.9999989,2.0384614e-11,-3.532937e-11,-0.0015032021,3
38216069,0.9999894,0.00151353,0.00038726968,0.0043418626,0.9999989,2.0384614e-11,-3.532937e-11,-0.0015032021,3
38278049,0.9999896,0.0013598473,0.0005049994,0.0043278397,0.9999989,2.0384614e-11,-3.532937e-11,-0.0015032021,3
38322299,0.99998933,0.0014062054,0.00052168977,0.0043722703,0.9999989,2.0384614e-11,-3.532937e-11,-0.0015032021,3
38383476,0.9999898,0.0013438575,0.00047694237,0.004302731,0.9999989,2.0384614e-11,-3.532937e-11,-0.0015032021,3
38429488,0.9999899,0.0011728619,0.0005123727,0.004314894,0.9999989,2.0384614e-11,-3.532937e-11,-0.0015032021,3
38491090,0.9999902,0.001049535,0.00056510506,0.0042791227,0.9999989,2.0384614e-11,-3.532937e-11,-0.0015032021,3
38535940,0.9999904,0.0009571164,0.0006561244,0.0042313673,0.9999989,2.0384614e-11,-3.532937e-11,-0.0015032021,3
38596881,0.9999909,0.00061265816,0.0006401047,0.0041824547,0.9999989,2.0384614e-11,-3.532937e-11,-0.0015032021,3
38642312,0.99999106,0.0005180805,0.00060103525,0.004150205,0.9999989,2.0384614e-11,-3.532937e-11,-0.0015032021,3
38688886,0.9999914,0.00028519312,0.00059300166,0.004117887,0.9999989,2.0384614e-11,-3.532937e-11,-0.0015032021,3
38748913,0.99999154,-0.0001845579,0.00051524834,0.0040768557,0.9999989,2.0384614e-11,-3.532937e-11,-0.0015032021,3
38796075,0.99999094,-0.00068424235,0.00065495487,0.004169319,0.9999989,2.0384614e-11,-3.532937e-11,-0.0015032021,3
38856050,0.99999034,-0.0012687279,0.0007742957,0.0041487017,0.9999989,2.0384614e-11,-3.532937e-11,-0.0015032021,3
38900342,0.9999895,-0.0016167398,0.0008009795,0.004207631,0.9999989,2.0384614e-11,-3.532937e-11,-0.0015032021,3
38961924,0.9999881,-0.002158469,0.00095603935,0.00428357,0.9999989,2.0384614e-11,-3.532937e-11,-0.0015032021,3
39007319,0.9999855,-0.0030979158,0.0011481468,0.0042511905,0.9999989,2.0384614e-11,-3.532937e-11,-0.0015032021,3
39067998,0.99998266,-0.0039704097,0.0012520463,0.0041734045,0.9999989,2.0384614e-11,-3.532937e-11,-0.0015032021,3
39113180,0.99998075,-0.0045044036,0.0013629972,0.004061346,0.9999989,2.0384614e-11,-3.532937e-11,-0.0015032021,3
39175194,0.9999734,-0.0059898505,0.0013552655,0.0039503905,0.9999989,2.0384614e-11,-3.532937e-11,-0.0015032021,3
39219022,0.9999703,-0.0065332893,0.0013427851,0.003884455,0.9999989,2.0384614e-11,-3.532937e-11,-0.0015032021,3
39266870,0.99995697,-0.008346709,0.0015983444,0.0037307164,0.9999989,2.0384614e-11,-3.532937e-11,-0.0015032021,3
39327457,0.9999521,-0.008861929,0.0017981046,0.0037548675,0.9999989,2.0384614e-11,-3.532937e-11,-0.0015032021,3
39372543,0.9999387,-0.010270393,0.0018460214,0.0037107973,0.9999989,2.0384614e-11,-3.532937e-11,-0.0015032021,3
39434190,0.9999299,-0.011078273,0.0020139473,0.0036698363,0.9999989,2.0384614e-11,-3.532937e-11,-0.0015032021,3
39479078,0.99991983,-0.011928433,0.0021121937,0.003702767,0.9999989,2.0384614e-11,-3.532937e-11,-0.0015032021,3
39539881,0.9999047,-0.0131310485,0.0023814826,0.0035370511,0.9999989,2.0384614e-11,-3.532937e-11,-0.0015032021,3
39584350,0.9998872,-0.014411942,0.0023987873,0.0034634352,0.9999989,2.0384614e-11,-3.532937e-11,-0.0015032021,3
39630901,0.9998839,-0.014614693,0.0025902002,0.0034491012,0.9999989,2.0384614e-11,-3.532937e-11,-0.0015032021,3
39690958,0.99987924,-0.014969805,0.0026441824,0.0032322488,0.9999989,2.0384614e-11,-3.532937e-11,-0.0015032021,3
39737043,0.999863,-0.01604169,0.0026625872,0.0030877858,0.9999989,2.0384614e-11,-3.532937e-11,-0.0015032021,3
39797537,0.99986905,-0.01568352,0.0026358408,0.0030004282,0.9999989,2.0384614e-11,-3.532937e-11,-0.0015032021,3
39843332,0.999869,-0.015715133,0.002564599,0.00291646,0.9999989,2.0384614e-11,-3.532937e-11,-0.0015032021,3
39904934,0.9998432,-0.01724953,0.0029798911,0.0026957898,0.9999989,2.0384614e-11,-3.532937e-11,-0.0015032021,3
39951097,0.9998633,-0.01608115,0.0030590368,0.0023119955,0.9999989,2.0384614e-11,-3.532937e-11,-0.0015032021,3
39996422,0.9998822,-0.014943788,0.002923241,0.0019658736,0.9999989,2.0384614e-11,-3.532937e-11,-0.0015032021,3
40057350,0.99991083,-0.012865118,0.0032724584,0.0014773385,0.9999989,2.0384614e-11,-3.532937e-11,-0.0015032021,3
40102881,0.9999424,-0.0102077415,0.0031374318,0.0010947083,0.9999989,2.0384614e-11,-3.532937e-11,-0.0015032021,3
40162995,0.9999628,-0.008199377,0.002677145,0.000419086,0.9999989,2.0384614e-11,-3.532937e-11,-0.0015032021,3
40209291,0.9999814,-0.00559204,0.002434705,-0.00010039145,0.9999989,2.0384614e-11,-3.532937e-11,-0.0015032021,3
40271310,0.9999901,-0.0038240685,0.0022046845,-0.0006637195,0.9999989,2.0384614e-11,-3.532937e-11,-0.0015032021,3
40315391,0.9999961,-0.0017981052,0.0018273485,-0.0010807944,0.9999989,2.0384614e-11,-3.532937e-11,-0.0015032021,3
40376985,0.999997,-0.0006137074,0.001724845,-0.0016582406,0.9999989,2.0384614e-11,-3.532937e-11,-0.0015032021,3
40423087,0.99999666,-0.00019259908,0.0016360836,-0.0019792176,0.9999989,2.0384614e-11,-3.532937e-11,-0.0015032021,3
40485305,0.9999935,0.0027539192,0.0009143594,-0.0021799814,0.9999989,2.0384614e-11,-3.532937e-11,-0.0015032021,3
40531449,0.9999937,0.0025351339,0.0010102785,-0.0022698427,0.9999989,2.0384614e-11,-3.532937e-11,-0.0015032021,3
40576472,0.999992,0.0032382808,0.000508966,-0.0022953788,0.9999989,2.0384614e-11,-3.532937e-11,-0.0015032021,3
40637197,0.9999863,0.0047051655,0.0005054188,-0.0022589387,0.9999989,2.0384614e-11,-3.532937e-11,-0.0015032021,3
40682378,0.9999867,0.004575262,0.000301168,-0.0023609132,0.9999989,2.0384614e-11,-3.532937e-11,-0.0015032021,3
40743583,0.9999756,0.0065744,0.0001848808,-0.0023387037,0.9999989,2.0384614e-11,-3.532937e-11,-0.0015032021,3
40789235,0.9999733,0.00692747,7.540345e-05,-0.0023388132,0.9999989,2.0384614e-11,-3.532937e-11,-0.0015032021,3
40850785,0.99996847,0.0076248953,5.638861e-05,-0.0022473382,0.9999989,2.0384614e-11,-3.532937e-11,-0.0015032021,3
40897558,0.9999687,0.007595453,0.00010047834,-0.002197304,0.9999989,2.0384614e-11,-3.532937e-11,-0.0015032021,3
40943382,0.999968,0.0076807397,-0.00037144634,-0.0022336754,0.9999989,2.0384614e-11,-3.532937e-11,-0.0015032021,3
41006300,0.99996877,0.007571464,-0.0007153504,-0.0021726512,0.9999989,2.0384614e-11,-3.532937e-11,-0.0015032021,3
41049957,0.9999693,0.007468499,-0.00093140424,-0.0021691527,0.9999989,2.0384614e-11,-3.532937e-11,-0.0015032021,3
41109201,0.9999667,0.007839156,-0.0009811886,-0.0020661398,0.9999989,2.0384614e-11,-3.532937e-11,-0.0015032021,3
41154315,0.9999696,0.0074445577,-0.0009834231,-0.0020950634,0.9999989,2.0384614e-11,-3.532937e-11,-0.0015032021,3
41218327,0.99996656,0.0078060096,-0.0015354874,-0.0019329295,0.9999989,2.0384614e-11,-3.532937e-11,-0.0015032021,3
41264302,0.9999678,0.007693299,-0.0014735853,-0.0017514868,0.9999989,2.0384614e-11,-3.532937e-11,-0.0015032021,3
41325207,0.9999687,0.007563451,-0.0015785258,-0.0017351923,0.9999989,2.0384614e-11,-3.532937e-11,-0.0015032021,3
41369799,0.9998664,0.007433744,-0.0017538043,-0.014452216,0.99991846,1.446758e-10,-6.9717475e-11,-0.012776633,4
41418327,0.9998749,0.006612375,-0.0011122621,-0.014328646,0.99991846,1.446758e-10,-6.9717475e-11,-0.012776633,4
41476066,0.99988586,0.006519656,-0.0014771564,-0.013548703,0.99991846,1.446758e-10,-6.9717475e-11,-0.012776633,4
41521279,0.9999017,0.005960005,-0.0014383689,-0.012609498,0.99991846,1.446758e-10,-6.9717475e-11,-0.012776633,4
41582954,0.9999276,0.00486241,-0.0012820357,-0.010937827,0.99991846,1.446758e-10,-6.9717475e-11,-0.012776633,4
41628616,0.9999426,0.004443309,-0.0017413324,-0.009601488,0.99991846,1.446758e-10,-6.9717475e-11,-0.012776633,4
41690476,0.99996173,0.004179522,-0.0017391209,-0.007495201,0.99991846,1.446758e-10,-6.9717475e-11,-0.012776633,4
41735507,0.9999727,0.003940479,-0.0018959547,-0.0059580174,0.99991846,1.446758e-10,-6.9717475e-11,-0.012776633,4
41797008,0.99998575,0.0032971024,-0.0020567582,-0.0036604966,0.99991846,1.446758e-10,-6.9717475e-11,-0.012776633,4
41842598,0.9999928,0.0025490085,-0.0017363578,-0.0022155324,0.99991846,1.446758e-10,-6.9717475e-11,-0.012776633,4
41888726,0.99999416,0.0025392026,-0.0021552597,-0.00083936553,0.99991846,1.446758e-10,-6.9717475e-11,-0.012776633,4
41949048,0.99999636,0.0013412253,-0.002349048,0.00039433342,0.99991846,1.446758e-10,-6.9717475e-11,-0.012776633,4
41995434,0.9999959,0.00068021065,-0.0024433977,0.001412406,0.99991846,1.446758e-10,-6.9717475e-11,-0.012776633,4
42057340,0.999994,0.00027029248,-0.002623454,0.0022861848,0.99991846,1.446758e-10,-6.9717475e-11,-0.012776633,4
42103572,0.99999243,-5.894341e-05,-0.0027240056,0.002786594,0.99991846,1.446758e-10,-6.9717475e-11,-0.012776633,4
42151308,0.9999897,-0.00078542647,-0.0032137332,0.0031357517,0.99991846,1.446758e-10,-6.9717475e-11,-0.012776633,4
42211961,0.9999882,-0.0013086294,-0.0034471257,0.003168364,0.99991846,1.446758e-10,-6.9717475e-11,-0.012776633,4
42257616,0.99998647,-0.0017277412,-0.003818525,0.00307715,0.99991846,1.446758e-10,-6.9717475e-11,-0.012776633,4
42317242,0.9999874,-0.0022698077,-0.0034603414,0.0028444726,0.99991846,1.446758e-10,-6.9717475e-11,-0.012776633,4
42362410,0.99998856,-0.0024992703,-0.0032570285,0.0024836492,0.99991846,1.446758e-10,-6.9717475e-11,-0.012776633,4
42423918,0.9999887,-0.0027752446,-0.0033550314,0.0019138043,0.99991846,1.446758e-10,-6.9717475e-11,-0.012776633,4
42470226,0.9999873,-0.0031512012,-0.0036161318,0.0015870362,0.99991846,1.446758e-10,-6.9717475e-11,-0.012776633,4
42514399,0.99998677,-0.0033671632,-0.003636723,0.0013732852,0.99991846,1.446758e-10,-6.9717475e-11,-0.012776633,4
42577305,0.9999868,-0.0038298334,-0.0033063043,0.0009375235,0.99991846,1.446758e-10,-6.9717475e-11,-0.012776633,4
42620974,0.9999851,-0.004290985,-0.0033156378,0.00068089395,0.99991846,1.446758e-10,-6.9717475e-11,-0.012776633,4
42681358,0.9999853,-0.0044394815,-0.0031025803,0.0003630567,0.99991846,1.446758e-10,-6.9717475e-11,-0.012776633,4
42727638,0.9999869,-0.0045771548,-0.0023294138,-2.452681e-05,0.99991846,1.446758e-10,-6.9717475e-11,-0.012776633,4
42789203,0.99998266,-0.0053360844,-0.0024475863,-0.00047844136,0.99991846,1.446758e-10,-6.9717475e-11,-0.012776633,4
42835308,0.9999824,-0.0054177092,-0.0023677861,-0.0006137551,0.99991846,1.446758e-10,-6.9717475e-11,-0.012776633,4
42895909,0.99997896,-0.006126458,-0.0019906012,-0.00086449616,0.99991846,1.446758e-10,-6.9717475e-11,-0.012776633,4
42941730,0.999979,-0.006160093,-0.0018071395,-0.00092765555,0.99991846,1.446758e-10,-6.9717475e-11,-0.012776633,4
42987645,0.999978,-0.006384783,-0.0014911599,-0.0010740089,0.99991846,1.446758e-10,-6.9717475e-11,-0.012776633,4
43050308,0.99997663,-0.0065745497,-0.0014276671,-0.0011994388,0.99991846,1.446758e-10,-6.9717475e-11,-0.012776633,4
43096306,0.9999767,-0.0066194665,-0.0012296453,-0.0011685455,0.99991846,1.446758e-10,-6.9717475e-11,-0.012776633,4
43157164,0.9999762,-0.00673261,-0.0011469409,-0.0009933537,0.99991846,1.446758e-10,-6.9717475e-11,-0.012776633,4
43201031,0.9999766,-0.0067424234,-0.0007656172,-0.00096385716,0.99991846,1.446758e-10,-6.9717475e-11,-0.012776633,4
43262322,0.9999761,-0.006851939,-0.0007013001,-0.00067072565,0.99991846,1.446758e-10,-6.9717475e-11,-0.012776633,4
43307412,0.99998045,-0.0061929557,-0.0008358185,-0.00042126907,0.99991846,1.446758e-10,-6.9717475e-11,-0.012776633,4
43368898,0.9999782,-0.006589132,-0.00037936188,-0.00047232182,0.99991846,1.446758e-10,-6.9717475e-11,-0.012776633,4
43414835,0.9999811,-0.006081919,-0.00084406335,-0.00029650357,0.99991846,1.446758e-10,-6.9717475e-11,-0.012776633,4
43462305,0.9999825,-0.0058558993,-0.00095896184,-0.00027906717,0.99991846,1.446758e-10,-6.9717475e-11,-0.012776633,4
43522201,0.9999843,-0.0055069895,-0.0010374797,-0.00021033939,0.99991846,1.446758e-10,-6.9717475e-11,-0.012776633,4
43567104,0.99998504,-0.005295982,-0.0013479904,-0.0001788374,0.99991846,1.446758e-10,-6.9717475e-11,-0.012776633,4
43628229,0.9999844,-0.0054864874,-0.0010655408,-0.00014288149,0.99991846,1.446758e-10,-6.9717475e-11,-0.012776633,4
43673405,0.99998826,-0.004743339,-0.0010893594,-0.000107808686,0.99991846,1.446758e-10,-6.9717475e-11,-0.012776633,4
43735236,0.99999034,-0.004293097,-0.00093168917,-0.00012908984,0.99991846,1.446758e-10,-6.9717475e-11,-0.012776633,4
43780172,0.99999046,-0.0043725595,-0.00031544466,-2.8749571e-05,0.99991846,1.446758e-10,-6.9717475e-11,-0.012776633,4
43839948,0.99999356,-0.003413771,-0.0011763854,0.00011859764,0.99991846,1.446758e-10,-6.9717475e-11,-0.012776633,4
43884880,0.99999356,-0.0035047869,-0.0007597395,0.0001648696,0.99991846,1.446758e-10,-6.9717475e-11,-0.012776633,4
43945919,0.9999943,-0.0031760156,-0.0012386853,-6.752243e-05,0.99991846,1.446758e-10,-6.9717475e-11,-0.012776633,4
43993091,0.999996,-0.0024738514,-0.0013889107,4.333462e-05,0.99991846,1.446758e-10,-6.9717475e-11,-0.012776633,4
44038707,0.99999654,-0.0023013533,-0.0013324725,-2.6750084e-05,0.99991846,1.446758e-10,-6.9717475e-11,-0.012776633,4
44101306,0.99999577,-0.0021363467,-0.0019741931,1.2311884e-05,0.99991846,1.446758e-10,-6.9717475e-11,-0.012776633,4
44147156,0.9999968,-0.0020656586,-0.0015022623,-6.152192e-05,0.99991846,1.446758e-10,-6.9717475e-11,-0.012776633,4
44208482,0.9999965,-0.0017976626,-0.0019643947,1.8443315e-06,0.99991846,1.446758e-10,-6.9717475e-11,-0.012776633,4
44256343,0.9999961,-0.0018342051,-0.002125598,8.685276e-05,0.99991846,1.446758e-10,-6.9717475e-11,-0.012776633,4
44300066,0.9999973,-0.0016484719,-0.0016469038,3.715597e-05,0.99991846,1.446758e-10,-6.9717475e-11,-0.012776633,4
44361996,0.9999977,-0.0010180133,-0.0019301785,0.00015298184,0.99991846,1.446758e-10,-6.9717475e-11,-0.012776633,4
44407823,0.9999974,-0.0015831213,-0.0016674107,5.8753096e-05,0.99991846,1.446758e-10,-6.9717475e-11,-0.012776633,4
44467999,0.99999833,-0.0011983323,-0.0014303485,1.0448577e-05,0.99991846,1.446758e-10,-6.9717475e-11,-0.012776633,4
44515087,0.99999887,-0.0010638764,-0.0011203011,1.9501267e-05,0.99991846,1.446758e-10,-6.9717475e-11,-0.012776633,4
44574116,0.9999994,-0.0010008169,-0.0004938109,1.2400851e-05,0.99991846,1.446758e-10,-6.9717475e-11,-0.012776633,4
44619843,0.9999991,-0.0011680591,-0.0006219043,-5.86757e-06,0.99991846,1.446758e-10,-6.9717475e-11,-0.012776633,4
44680546,0.99999964,-0.00084611785,-0.00026985636,-1.3327775e-05,0.99991846,1.446758e-10,-6.9717475e-11,-0.012776633,4
44725709,0.9999991,-0.0013586766,-0.00022284461,-9.07156e-05,0.99991846,1.446758e-10,-6.9717475e-11,-0.012776633,4
44786390,0.9999994,-0.0011085856,6.552902e-05,-0.00021748991,0.99991846,1.446758e-10,-6.9717475e-11,-0.012776633,4
44833003,0.99999964,-0.00057513936,0.0005787477,-0.00022678757,0.99991846,1.446758e-10,-6.9717475e-11,-0.012776633,4
44877455,0.9999995,-0.0008150733,0.00066395337,-0.00016577404,0.99991846,1.446758e-10,-6.9717475e-11,-0.012776633,4
44937395,1.0,-0.0001279928,0.00029057148,-0.00018806396,0.99991846,1.446758e-10,-6.9717475e-11,-0.012776633,4
44984070,0.9999999,-0.00036183512,0.0004344032,-0.0002268435,0.99991846,1.446758e-10,-6.9717475e-11,-0.012776633,4
45044581,0.9999992,-0.0009052986,0.0008253731,-7.060837e-05,0.99991846,1.446758e-10,-6.9717475e-11,-0.012776633,4
45090793,0.99999976,-0.0005850002,0.0002751805,-0.00014188557,0.99991846,1.446758e-10,-6.9717475e-11,-0.012776633,4
45150554,0.9999994,-0.00073009706,0.000705064,-0.00031697485,0.99991846,1.446758e-10,-6.9717475e-11,-0.012776633,4
45197272,0.99999905,-0.0008541861,0.0010843348,-0.00038338912,0.99991846,1.446758e-10,-6.9717475e-11,-0.012776633,4
45258964,0.99999774,-0.0013964617,0.001565211,-0.00029210266,0.99991846,1.446758e-10,-6.9717475e-11,-0.012776633,4
45305475,0.99999714,-0.0014893651,0.0018473952,-0.0003503501,0.99991846,1.446758e-10,-6.9717475e-11,-0.012776633,4
45350850,0.9999969,-0.001614997,0.001863461,-0.00031308175,0.99991846,1.446758e-10,-6.9717475e-11,-0.012776633,4
45412031,0.9999959,-0.002222893,0.0018015563,-0.00027060875,0.99991846,1.446758e-10,-6.9717475e-11,-0.012776633,4
45459300,0.9999961,-0.0019697489,0.0019759801,-0.00019087727,0.99991846,1.446758e-10,-6.9717475e-11,-0.012776633,4
45516673,0.99999565,-0.0018092836,0.002365173,-0.00012382964,0.99991846,1.446758e-10,-6.9717475e-11,-0.012776633,4
45563946,0.9999953,-0.0019250589,0.0023862198,-2.9387342e-05,0.99991846,1.446758e-10,-6.9717475e-11,-0.012776633,4
45624160,0.9999958,-0.001380759,0.0025401951,2.0974445e-05,0.99991846,1.446758e-10,-6.9717475e-11,-0.012776633,4
45670219,0.9999969,-0.0014068362,0.0020799027,5.9088405e-05,0.99991846,1.446758e-10,-6.9717475e-11,-0.012776633,4
45731591,0.9999965,-0.00084572175,0.0025204895,6.3003645e-05,0.99991846,1.446758e-10,-6.9717475e-11,-0.012776633,4
45778358,0.99999785,-0.0005923746,0.0020254424,-3.278161e-05,0.99991846,1.446758e-10,-6.9717475e-11,-0.012776633,4
45823460,0.99999744,-0.00066388526,0.0021897317,-0.00019358011,0.99991846,1.446758e-10,-6.9717475e-11,-0.012776633,4
45884492,0.99999684,-0.0005159928,0.0024696817,-7.792871e-05,0.99991846,1.446758e-10,-6.9717475e-11,-0.012776633,4
45930239,0.99999684,-0.0006901848,0.0024425446,-2.1098647e-05,0.99991846,1.446758e-10,-6.9717475e-11,-0.012776633,4
45991096,0.99999464,-0.0008853476,0.003173839,-1.3133169e-05,0.99991846,1.446758e-10,-6.9717475e-11,-0.012776633,4
46036607,0.99999475,-0.0011439711,0.0030356837,2.9374392e-05,0.99991846,1.446758e-10,-6.9717475e-11,-0.012776633,4
46098752,0.9999938,-0.0014585981,0.0032317608,7.5567696e-05,0.99991846,1.446758e-10,-6.9717475e-11,-0.012776633,4
46145302,0.9999942,-0.0013476459,0.003145901,-9.3868395e-05,0.99991846,1.446758e-10,-6.9717475e-11,-0.012776633,4
46190249,0.9999943,-0.0012796522,0.0031147979,-0.000282955,0.99991846,1.446758e-10,-6.9717475e-11,-0.012776633,4
46255301,0.9999961,-0.0011941568,0.00249351,-0.00044311193,0.99991846,1.446758e-10,-6.9717475e-11,-0.012776633,4
46300306,0.99999607,-0.0011200783,0.0025465002,-0.0003060193,0.99991846,1.446758e-10,-6.9717475e-11,-0.012776633,4
46361346,0.9999967,-0.0010814026,0.0023229336,-0.00024916694,0.99991846,1.446758e-10,-6.9717475e-11,-0.012776633,4
46406754,0.99999756,-0.0005312282,0.0021395346,-0.00021794238,0.99991846,1.446758e-10,-6.9717475e-11,-0.012776633,4
46454306,0.999997,-0.0005144597,0.0023822496,-0.00015058757,0.99991846,1.446758e-10,-6.9717475e-11,-0.012776633,4
46514681,0.9999976,-0.00057050114,0.0021431458,-2.9195882e-05,0.99991846,1.446758e-10,-6.9717475e-11,-0.012776633,4
46558917,0.999997,-0.0005773348,0.0023707927,6.551317e-05,0.99991846,1.446758e-10,-6.9717475e-11,-0.012776633,4
46621306,0.999997,-0.0012522576,0.0021069057,2.1315234e-05,0.99991846,1.446758e-10,-6.9717475e-11,-0.012776633,4
46668396,0.9999976,-0.0015658744,0.0015224132,-7.118771e-05,0.99991846,1.446758e-10,-6.9717475e-11,-0.012776633,4
46727559,0.9999978,-0.0014658382,0.0015127932,5.7952842e-05,0.99991846,1.446758e-10,-6.9717475e-11,-0.012776633,4
46774383,0.9999983,-0.0014518593,0.0011962587,-9.129605e-05,0.99991846,1.446758e-10,-6.9717475e-11,-0.012776633,4
46833197,0.9999988,-0.0014404699,0.0005988451,0.00012378099,0.99991846,1.446758e-10,-6.9717475e-11,-0.012776633,4
46878548,0.99999905,-0.0012328591,0.00057509093,0.00015255943,0.99991846,1.446758e-10,-6.9717475e-11,-0.012776633,4
46925149,0.9999993,-0.0012119903,0.00015806987,0.00012322684,0.99991846,1.446758e-10,-6.9717475e-11,-0.012776633,4
46986576,0.99999946,-0.0010179708,0.00032438728,0.00013000616,0.99991846,1.446758e-10,-6.9717475e-11,-0.012776633,4
47032223,0.9999997,-0.00087711803,-3.3030537e-05,0.00014733644,0.99991846,1.446758e-10,-6.9717475e-11,-0.012776633,4
47095299,0.99999994,-0.00053599424,-5.8689577e-05,-8.438175e-06,0.99991846,1.446758e-10,-6.9717475e-11,-0.012776633,4
47138992,1.0,-0.00032888332,-7.7631856e-05,-8.773819e-05,0.99991846,1.446758e-10,-6.9717475e-11,-0.012776633,4
47199519,0.9999999,-0.00011856387,-0.0005726089,-0.00014121695,0.99991846,1.446758e-10,-6.9717475e-11,-0.012776633,4
47244935,0.9999999,0.0001831496,-0.00043696997,-0.00013550112,0.99991846,1.446758e-10,-6.9717475e-11,-0.012776633,4
47305041,0.9999999,0.0001245727,-0.0006107234,-0.00029355497,0.99991846,1.446758e-10,-6.9717475e-11,-0.012776633,4
47349801,0.9999998,0.00042704458,-0.00048714897,-0.00038166405,0.99991846,1.446758e-10,-6.9717475e-11,-0.012776633,4
47411299,0.9999992,0.00064357347,-0.0010300053,-0.00037181852,0.99991846,1.446758e-10,-6.9717475e-11,-0.012776633,4
47458328,0.99999857,0.000864703,-0.001438218,-0.00024996762,0.99991846,1.446758e-10,-6.9717475e-11,-0.012776633,4
47503352,0.9999984,0.0008907142,-0.0015589432,-0.00017495408,0.99991846,1.446758e-10,-6.9717475e-11,-0.012776633,4
47562567,0.9999983,0.0010311948,-0.0015955269,0.000101311765,0.99991846,1.446758e-10,-6.9717475e-11,-0.012776633,4
47609472,0.99999803,0.0010015252,-0.0017118581,0.00010037003,0.99991846,1.446758e-10,-6.9717475e-11,-0.012776633,4
47668805,0.99999815,0.0014154859,-0.0013003531,0.0002390501,0.99991846,1.446758e-10,-6.9717475e-11,-0.012776633,4
47714715,0.9999987,0.001405624,-0.0008417075,0.00029181124,0.99991846,1.446758e-10,-6.9717475e-11,-0.012776633,4
47775628,0.9999984,0.0014885535,-0.00097121764,0.0002936637,0.99991846,1.446758e-10,-6.9717475e-11,-0.012776633,4
47821830,0.99999815,0.0018093208,-0.0006517874,0.00021805053,0.99991846,1.446758e-10,-6.9717475e-11,-0.012776633,4
47882582,0.9999976,0.0020441134,-0.0007365491,0.00020621692,0.99991846,1.446758e-10,-6.9717475e-11,-0.012776633,4
47929311,0.99999595,0.0026464656,-0.0010071327,0.00022769615,0.99991846,1.446758e-10,-6.9717475e-11,-0.012776633,4
47974050,0.9999969,0.0024279363,-0.00045666876,0.000337293,0.99991846,1.446758e-10,-6.9717475e-11,-0.012776633,4
48036950,0.9999959,0.0028127648,-0.00054973445,0.00020498563,0.99991846,1.446758e-10,-6.9717475e-11,-0.012776633,4
48081820,0.9999959,0.0028367196,-0.0004468967,0.00027853463,0.99991846,1.446758e-10,-6.9717475e-11,-0.012776633,4
48144299,0.99999756,0.0021808187,0.00012793163,0.0003183777,0.99991846,1.446758e-10,-6.9717475e-11,-0.012776633,4
48188075,0.9999983,0.0018591435,0.00028879984,0.00024412428,0.99991846,1.446758e-10,-6.9717475e-11,-0.012776633,4
48249106,0.99999857,0.0016166732,0.0004600724,6.67851e-05,0.99991846,1.446758e-10,-6.9717475e-11,-0.012776633,4
48296127,0.9999989,0.0013861671,0.0005065654,3.927701e-05,0.99991846,1.446758e-10,-6.9717475e-11,-0.012776633,4
48341164,0.99999917,0.0012361953,0.0003534057,-2.075684e-05,0.99991846,1.446758e-10,-6.9717475e-11,-0.012776633,4
48403417,0.9999993,0.0011904717,8.8833707e-07,-1.2823904e-05,0.99991846,1.446758e-10,-6.9717475e-11,-0.012776633,4
48448532,0.99999917,0.001230656,0.00040656782,-4.3399014e-05,0.99991846,1.446758e-10,-6.9717475e-11,-0.012776633,4
48508695,0.9999991,0.0013395826,0.0002607891,-5.9804843e-05,0.99991846,1.446758e-10,-6.9717475e-11,-0.012776633,4
48555825,0.9999999,0.00047470102,-0.00027738456,-2.0460177e-05,0.99991846,1.446758e-10,-6.9717475e-11,-0.012776633,4
48616886,0.9999995,0.000978062,0.0003677769,-0.00012561072,0.99991846,1.446758e-10,-6.9717475e-11,-0.012776633,4
48660973,0.99999994,0.00035142814,-0.00017824922,9.6420816e-05,0.99991846,1.446758e-10,-6.9717475e-11,-0.012776633,4
48721368,0.9999998,0.00027630507,-0.0005060359,0.0002251845,0.99991846,1.446758e-10,-6.9717475e-11,-0.012776633,4
48767834,0.99999994,1.9730564e-05,-0.00032747124,0.0003071978,0.99991846,1.446758e-10,-6.9717475e-11,-0.012776633,4
48828781,0.9999998,-0.0005878236,-0.0002422362,0.00021828343,0.99991846,1.446758e-10,-6.9717475e-11,-0.012776633,4
48873986,0.99999964,-0.00086737494,-0.00030136193,0.00013086366,0.99991846,1.446758e-10,-6.9717475e-11,-0.012776633,4
48934438,0.9999994,-0.001043413,-0.00045542823,0.00020032606,0.99991846,1.446758e-10,-6.9717475e-11,-0.012776633,4
48979763,0.999999,-0.0012810281,-0.00054119254,0.00022800706,0.99991846,1.446758e-10,-6.9717475e-11,-0.012776633,4
49025858,0.999999,-0.0012654864,-0.0006847432,8.584805e-05,0.99991846,1.446758e-10,-6.9717475e-11,-0.012776633,4
49087803,0.999998,-0.0016824588,-0.0010999244,-0.00019576504,0.99991846,1.446758e-10,-6.9717475e-11,-0.012776633,4
49133864,0.9999977,-0.0018560911,-0.0011107503,-0.00017127977,0.99991846,1.446758e-10,-6.9717475e-11,-0.012776633,4
49193913,0.9999976,-0.0017735935,-0.0012977846,-0.00017658505,0.99991846,1.446758e-10,-6.9717475e-11,-0.012776633,4
49239465,0.9999974,-0.001992299,-0.0011528597,-9.795317e-05,0.99991846,1.446758e-10,-6.9717475e-11,-0.012776633,4
49284943,0.9999972,-0.0022372871,-0.0008466612,-0.00010905636,0.99991846,1.446758e-10,-6.9717475e-11,-0.012776633,4
49349300,0.9999962,-0.0026438783,-0.00087106164,-0.00023181361,0.99991846,1.446758e-10,-6.9717475e-11,-0.012776633,4
49391895,0.999996,-0.0027350734,-0.0007208457,-0.00015791033,0.99991846,1.446758e-10,-6.9717475e-11,-0.012776633,4
49454384,0.9999946,-0.0032035843,-0.00077756296,-8.525478e-05,0.99991846,1.446758e-10,-6.9717475e-11,-0.012776633,4
49498969,0.99999577,-0.0027991633,-0.0008849264,-4.632099e-05,0.99991846,1.446758e-10,-6.9717475e-11,-0.012776633,4
49559355,0.9999963,-0.002554689,-0.000992593,6.876368e-05,0.99991846,1.446758e-10,-6.9717475e-11,-0.012776633,4
49603700,0.999996,-0.0025839773,-0.0011295242,5.4322074e-05,0.99991846,1.446758e-10,-6.9717475e-11,-0.012776633,4
49664014,0.99999726,-0.0021472194,-0.0009729395,0.00011703929,0.99991846,1.446758e-10,-6.9717475e-11,-0.012776633,4
49708636,0.99999636,-0.002516992,-0.001047334,5.8040296e-05,0.99991846,1.446758e-10,-6.9717475e-11,-0.012776633,4
49769629,0.999996,-0.0025683674,-0.0011456684,-8.786618e-05,0.99991846,1.446758e-10,-6.9717475e-11,-0.012776633,4
49816573,0.9999942,-0.0030626424,-0.0014991413,-7.159246e-05,0.99991846,1.446758e-10,-6.9717475e-11,-0.012776633,4
49878328,0.9999945,-0.002916316,-0.0016114303,4.1393054e-05,0.99991846,1.446758e-10,-6.9717475e-11,-0.012776633,4
49922887,0.99999654,-0.0021962556,-0.001462644,0.00020766513,0.99991846,1.446758e-10,-6.9717475e-11,-0.012776633,4
49984136,0.999996,-0.0022534733,-0.0017415695,-2.2992244e-05,0.99991846,1.446758e-10,-6.9717475e-11,-0.012776633,4
50029896,0.99999815,-0.0014399831,-0.0012982484,-2.1640904e-05,0.99991846,1.446758e-10,-6.9717475e-11,-0.012776633,4
50075934,0.99999803,-0.0015891765,-0.0012308194,-3.463105e-05,0.99991846,1.446758e-10,-6.9717475e-11,-0.012776633,4
50138353,0.9999979,-0.0013488604,-0.0015433974,-3.753411e-05,0.99991846,1.446758e-10,-6.9717475e-11,-0.012776633,4
50181645,0.9999987,-0.0011734174,-0.0011534692,-3.9122944e-05,0.99991846,1.446758e-10,-6.9717475e-11,-0.012776633,4
50242814,0.99999785,-0.0017972385,-0.0011018821,-0.00012012786,0.99991846,1.446758e-10,-6.9717475e-11,-0.012776633,4
50290307,0.99999785,-0.0017269275,-0.0011207663,-0.00016248472,0.99991846,1.446758e-10,-6.9717475e-11,-0.012776633,4
50350142,0.99999833,-0.0015068983,-0.0010632797,-0.00010092597,0.99991846,1.446758e-10,-6.9717475e-11,-0.012776633,4
50394904,0.9999979,-0.001529098,-0.0013838017,6.0690392e-05,0.99991846,1.446758e-10,-6.9717475e-11,-0.012776633,4
50440817,0.9999976,-0.0015241156,-0.0015571943,8.760642e-05,0.99991846,1.446758e-10,-6.9717475e-11,-0.012776633,4
50500508,0.99999833,-0.0013410911,-0.0012611798,0.0001854513,0.99991846,1.446758e-10,-6.9717475e-11,-0.012776633,4
50545624,0.99999875,-0.00091531454,-0.0013340714,9.1388814e-05,0.99991846,1.446758e-10,-6.9717475e-11,-0.012776633,4
50609303,0.9999991,-0.000695653,-0.0011506722,0.00024513356,0.99991846,1.446758e-10,-6.9717475e-11,-0.012776633,4
50653606,0.9999995,-0.00026918476,-0.00096425886,0.00019876647,0.99991846,1.446758e-10,-6.9717475e-11,-0.012776633,4
50714306,0.9999992,0.00018494717,-0.0011972239,4.469041e-05,0.99991846,1.446758e-10,-6.9717475e-11,-0.012776633,4
50758746,0.99999946,0.00020342291,-0.0010519213,0.00019316675,0.99991846,1.446758e-10,-6.9717475e-11,-0.012776633,4
50820307,0.99999875,0.000430988,-0.0015526409,0.00023704194,0.99991846,1.446758e-10,-6.9717475e-11,-0.012776633,4
50863910,0.9999982,0.00082704396,-0.0017378845,0.0001942387,0.99991846,1.446758e-10,-6.9717475e-11,-0.012776633,4
50925674,0.9999975,0.0007919736,-0.0020817372,5.7334464e-06,0.99991846,1.446758e-10,-6.9717475e-11,-0.012776633,4
50974307,0.9999976,0.0010480423,-0.0019352774,8.275361e-06,0.99991846,1.446758e-10,-6.9717475e-11,-0.012776633,4
51032405,0.99999684,0.0010715775,-0.0022836383,3.919802e-05,0.99991846,1.446758e-10,-6.9717475e-11,-0.012776633,4
51077413,0.9999969,0.00074436923,-0.0023786456,-5.0536135e-05,0.99991846,1.446758e-10,-6.9717475e-11,-0.012776633,4
51126992,0.9999968,0.0009433122,-0.0023616676,-8.174975e-06,0.99991846,1.446758e-10,-6.9717475e-11,-0.012776633,4
51186116,0.99999595,0.00074764126,-0.0027749767,1.8838808e-05,0.99991846,1.446758e-10,-6.9717475e-11,-0.012776633,4
51231667,0.9999964,0.0010246905,-0.002465464,0.0002048781,0.99991846,1.446758e-10,-6.9717475e-11,-0.012776633,4
51292510,0.99999636,0.00063135516,-0.002636767,-1.25539955e-05,0.99991846,1.446758e-10,-6.9717475e-11,-0.012776633,4
51340305,0.9999956,0.00036081843,-0.002971249,2.7075625e-05,0.99991846,1.446758e-10,-6.9717475e-11,-0.012776633,4
51400762,0.99999547,0.00047600872,-0.0029889122,1.4244679e-05,0.99991846,1.446758e-10,-6.9717475e-11,-0.012776633,4
51445845,0.9999959,-0.00012800928,-0.0028823963,-4.388449e-05,0.99991846,1.446758e-10,-6.9717475e-11,-0.012776633,4
51491921,0.9999972,9.102939e-06,-0.002375362,-9.194421e-05,0.99991846,1.446758e-10,-6.9717475e-11,-0.012776633,4
51553715,0.999998,0.00015280212,-0.0020388486,-0.00019261768,0.99991846,1.446758e-10,-6.9717475e-11,-0.012776633,4
51599371,0.9999979,0.0001410846,-0.0020335112,-0.0001834362,0.99991846,1.446758e-10,-6.9717475e-11,-0.012776633,4
51661384,0.9999976,0.00026040451,-0.0021929315,-0.00017753392,0.99991846,1.446758e-10,-6.9717475e-11,-0.012776633,4
51705886,0.9999983,0.00010805296,-0.0018652916,-0.00018918906,0.99991846,1.446758e-10,-6.9717475e-11,-0.012776633,4
51766626,0.9999973,8.0100435e-05,-0.0023543066,-0.00014094262,0.99991846,1.446758e-10,-6.9717475e-11,-0.012776633,4
51812343,0.99999756,-0.00027580868,-0.0022338356,-0.00015706147,0.99991846,1.446758e-10,-6.9717475e-11,-0.012776633,4
51859092,0.9999978,-9.419738e-05,-0.0020953997,-8.9398185e-05,0.99991846,1.446758e-10,-6.9717475e-11,-0.012776633,4
51921948,0.9999972,7.537876e-05,-0.0023848927,-3.4845474e-05,0.99991846,1.446758e-10,-6.9717475e-11,-0.012776633,4
51966306,0.9999977,0.0001056319,-0.002146204,-0.000104390405,0.99991846,1.446758e-10,-6.9717475e-11,-0.012776633,4
52026181,0.99999744,-0.00013876334,-0.002272845,-0.0003207461,0.99991846,1.446758e-10,-6.9717475e-11,-0.012776633,4
52071850,0.9999975,0.00012682355,-0.0022456383,-0.00027972827,0.99991846,1.446758e-10,-6.9717475e-11,-0.012776633,4
52133604,0.999998,0.0004661417,-0.0019718648,-0.00019332388,0.99991846,1.446758e-10,-6.9717475e-11,-0.012776633,4
52180382,0.99999815,0.00015853305,-0.0019392613,7.99679e-06,0.99991846,1.446758e-10,-6.9717475e-11,-0.012776633,4
52240343,0.999999,0.00048412438,-0.0014002671,9.104316e-05,0.99991846,1.446758e-10,-6.9717475e-11,-0.012776633,4
52285826,0.99999964,0.00020356644,-0.00079502416,4.480768e-05,0.99991846,1.446758e-10,-6.9717475e-11,-0.012776633,4
52346438,0.9999996,0.0005183953,-0.00070967013,-1.6538795e-06,0.99991846,1.446758e-10,-6.9717475e-11,-0.012776633,4
52392117,0.9999998,0.00029059264,-0.0005424889,-2.7230206e-05,0.99991846,1.446758e-10,-6.9717475e-11,-0.012776633,4
52438794,1.0,0.00020133633,-0.00040872602,-9.227671e-06,0.99991846,1.446758e-10,-6.9717475e-11,-0.012776633,4
52499694,0.9999998,0.0006405061,-0.00028425409,0.00013636253,0.99991846,1.446758e-10,-6.9717475e-11,-0.012776633,4
52545321,1.0,0.0003376875,-0.000102612794,0.00017227905,0.99991846,1.446758e-10,-6.9717475e-11,-0.012776633,4
52605987,0.9999996,0.0008919332,-0.00021761529,0.00019264998,0.99991846,1.446758e-10,-6.9717475e-11,-0.012776633,4
52650983,0.9999999,0.00035487508,-0.00028522246,0.0002283203,0.99991846,1.446758e-10,-6.9717475e-11,-0.012776633,4
52711287,1.0,-6.8432055e-05,-0.00020842503,0.00012947831,0.99991846,1.446758e-10,-6.9717475e-11,-0.012776633,4
52756571,1.0,-0.00020043546,-1.3071274e-05,0.0001231699,0.99991846,1.446758e-10,-6.9717475e-11,-0.012776633,4
52803198,0.99999994,-3.9833103e-05,0.00038656383,9.758794e-05,0.99991846,1.446758e-10,-6.9717475e-11,-0.012776633,4
52864876,0.9999999,5.3628424e-05,0.0006525776,-9.6344025e-05,0.99991846,1.446758e-10,-6.9717475e-11,-0.012776633,4
52910809,0.9999997,0.00045482977,0.00067497307,-0.00019760261,0.99991846,1.446758e-10,-6.9717475e-11,-0.012776633,4
52971403,0.9999998,0.00030390808,0.00026191774,-0.00028260399,0.99991846,1.446758e-10,-6.9717475e-11,-0.012776633,4
53018327,0.9998806,-0.004798825,-0.014012823,0.0044054873,0.99991846,1.446758e-10,-6.9717475e-11,-0.012776633,4
53078350,0.99981093,0.00071989576,0.01497416,0.012383726,0.99991846,1.446758e-10,-6.9717475e-11,-0.012776633,4
53123326,0.99979484,0.001936215,0.01876457,0.0073904553,0.99991846,1.446758e-10,-6.9717475e-11,-0.012776633,4
53184472,0.99713415,0.07443095,-0.012135004,0.006026635,0.99991846,1.446758e-10,-6.9717475e-11,-0.012776633,4
53230011,0.99792975,0.06333338,-0.010803693,0.0029275666,0.99991846,1.446758e-10,-6.9717475e-11,-0.012776633,4
53290918,0.9998073,0.019196987,-0.0036316123,0.0018951731,0.99991846,1.446758e-10,-6.9717475e-11,-0.012776633,4
53336023,0.99966705,0.025069546,0.0022805096,0.0056852866,0.99991846,1.446758e-10,-6.9717475e-11,-0.012776633,4
53396802,0.9998596,-0.0029424715,-0.014182702,-0.008427516,0.99991846,1.446758e-10,-6.9717475e-11,-0.012776633,4
53442148,0.9983511,-0.05271555,-0.018756919,-0.012822131,0.99991846,1.446758e-10,-6.9717475e-11,-0.012776633,4
53488514,0.99777895,-0.064067535,0.01822694,-0.0005746805,0.99991846,1.446758e-10,-6.9717475e-11,-0.012776633,4
53548478,0.99709755,-0.0741334,0.015087942,-0.008553283,0.99991846,1.446758e-10,-6.9717475e-11,-0.012776633,4
53596305,0.9994365,-0.029301353,0.012248813,-0.010872077,0.99991846,1.446758e-10,-6.9717475e-11,-0.012776633,4
53655762,0.9995189,-0.027638836,0.007705983,-0.01178463,0.99991846,1.446758e-10,-6.9717475e-11,-0.012776633,4
53704386,0.9996678,-0.011397271,0.019921992,-0.0117252255,0.99991846,1.446758e-10,-6.9717475e-11,-0.012776633,4
53761383,0.9999238,0.005391602,-0.010744795,-0.0027922487,0.99991846,1.446758e-10,-6.9717475e-11,-0.012776633,4
53806578,0.9997434,-0.014314046,0.0037061484,0.017163781,0.99991846,1.446758e-10,-6.9717475e-11,-0.012776633,4
53867698,0.999757,0.0003925814,-0.003349705,0.021786138,0.99991846,1.446758e-10,-6.9717475e-11,-0.012776633,4
53914299,0.99965805,-0.023253167,-0.010620499,0.0055083823,0.99991846,1.446758e-10,-6.9717475e-11,-0.012776633,4
53973755,0.9995375,-0.02484499,-0.017447226,0.0017857398,0.99991846,1.446758e-10,-6.9717475e-11,-0.012776633,4
54020306,0.9996183,0.003413392,-0.025550587,-0.009941692,0.99991846,1.446758e-10,-6.9717475e-11,-0.012776633,4
54066299,0.9999071,0.002353622,-0.0046296637,-0.012606134,0.99991846,1.446758e-10,-6.9717475e-11,-0.012776633,4
54126307,0.9994573,-0.015204535,0.027544515,-0.0097617665,0.99991846,1.446758e-10,-6.9717475e-11,-0.012776633,4
54171874,0.9997854,0.0019046441,0.009603112,-0.01825606,0.99991846,1.446758e-10,-6.9717475e-11,-0.012776633,4
54233574,0.9998212,-0.0029735356,-0.016700087,-0.0083611235,0.99991846,1.446758e-10,-6.9717475e-11,-0.012776633,4
54278177,0.9995782,0.024027146,0.016046697,0.0029657204,0.99991846,1.446758e-10,-6.9717475e-11,-0.012776633,4
54338752,0.99988294,0.010584393,0.003058135,0.0106190285,0.99991846,1.446758e-10,-6.9717475e-11,-0.012776633,4
54383955,0.99934393,0.02584634,-0.010930302,0.022897365,0.99991846,1.446758e-10,-6.9717475e-11,-0.012776633,4
54445249,0.99924386,0.034830093,0.0012178776,0.017237829,0.99991846,1.446758e-10,-6.9717475e-11,-0.012776633,4
54490412,0.9997185,0.014517053,-0.005255861,0.01802041,0.99991846,1.446758e-10,-6.9717475e-11,-0.012776633,4
54551662,0.9995892,-0.01424493,-0.0052262545,0.024317747,0.99991846,1.446758e-10,-6.9717475e-11,-0.012776633,4
54597411,0.999765,-0.00049587194,0.02039361,0.0073451335,0.99991846,1.446758e-10,-6.9717475e-11,-0.012776633,4
54656275,0.99989396,-0.002667246,0.014009762,0.002966223,0.99991846,1.446758e-10,-6.9717475e-11,-0.012776633,4
54701489,0.9996331,0.014220561,0.01903996,-0.012998594,0.99991846,1.446758e-10,-6.9717475e-11,-0.012776633,4
54747651,0.99956423,0.02850975,-0.007597233,-0.0009068712,0.99991846,1.446758e-10,-6.9717475e-11,-0.012776633,4
54807929,0.999579,-0.02566049,-0.012253946,-0.005769079,0.99991846,1.446758e-10,-6.9717475e-11,-0.012776633,4
54852223,0.999654,-0.024324201,0.005334535,-0.008471458,0.99991846,1.446758e-10,-6.9717475e-11,-0.012776633,4
54913202,0.9996118,0.014619065,-0.023055822,-0.0055764383,0.99991846,1.446758e-10,-6.9717475e-11,-0.012776633,4
54958782,0.9996088,0.0071666003,-0.026695305,-0.0042856946,0.99991846,1.446758e-10,-6.9717475e-11,-0.012776633,4
55020305,0.99943656,0.021870537,-0.025435029,-0.0011888789,0.99991846,1.446758e-10,-6.9717475e-11,-0.012776633,4
55064212,0.9988105,0.014837337,-0.046314307,-0.0035479127,0.99991846,1.446758e-10,-6.9717475e-11,-0.012776633,4
55125498,0.9968935,0.06091898,-0.048357807,0.012406185,0.99991846,1.446758e-10,-6.9717475e-11,-0.012776633,4
55171233,0.99801534,0.045288615,-0.04234776,0.010999369,0.99991846,1.446758e-10,-6.9717475e-11,-0.012776633,4
55231913,0.9996142,0.0033115866,-0.027394915,0.0032007077,0.99991846,1.446758e-10,-6.9717475e-11,-0.012776633,4
55276821,0.99732834,0.028815532,-0.06364676,0.021329174,0.99991846,1.446758e-10,-6.9717475e-11,-0.012776633,4
55336522,0.99766314,0.03354513,-0.044435386,0.039604448,0.99991846,1.446758e-10,-6.9717475e-11,-0.012776633,4
55385299,0.9980124,0.003515913,-0.03181792,0.05428138,0.99991846,1.446758e-10,-6.9717475e-11,-0.012776633,4
55443149,0.9957528,0.037915565,-0.071765706,0.04345754,0.99991846,1.446758e-10,-6.9717475e-11,-0.012776633,4
55488868,0.994545,0.054512784,-0.05622634,0.0688998,0.99991846,1.446758e-10,-6.9717475e-11,-0.012776633,4
55534742,0.9952527,0.041969564,-0.05160021,0.07104949,0.99991846,1.446758e-10,-6.9717475e-11,-0.012776633,4
55597224,0.9915863,-0.011557785,-0.11540659,0.0574846,0.99991846,1.446758e-10,-6.9717475e-11,-0.012776633,4
55641967,0.9945273,0.0030648236,-0.09036605,0.05234664,0.99991846,1.446758e-10,-6.9717475e-11,-0.012776633,4
55702107,0.9956077,0.011922504,-0.082946986,0.041748412,0.99991846,1.446758e-10,-6.9717475e-11,-0.012776633,4
55748398,0.99035084,0.049654596,-0.1234461,0.038740046,0.99991846,1.446758e-10,-6.9717475e-11,-0.012776633,4
55809299,0.9925049,0.045579314,-0.10741949,0.036300156,0.99991846,1.446758e-10,-6.9717475e-11,-0.012776633,4
55853947,0.99528134,0.04925819,-0.07734038,0.031738725,0.99991846,1.446758e-10,-6.9717475e-11,-0.012776633,4
55916332,0.9884949,0.10251814,-0.106480956,0.032090593,0.99991846,1.446758e-10,-6.9717475e-11,-0.012776633,4
55959627,0.98955995,0.088172145,-0.110443585,0.028266827,0.99991846,1.446758e-10,-6.9717475e-11,-0.012776633,4
56005608,0.9836561,0.104486085,-0.14132078,0.039139822,0.99991846,1.446758e-10,-6.9717475e-11,-0.012776633,4
56066143,0.98211145,0.13291048,-0.12984972,0.03051135,0.99991846,1.446758e-10,-6.9717475e-11,-0.012776633,4
56112355,0.9809761,0.1326475,-0.13931955,0.026089733,0.99991846,1.446758e-10,-6.9717475e-11,-0.012776633,4
56173557,0.9891246,0.07386902,-0.12665464,0.011603213,0.99991846,1.446758e-10,-6.9717475e-11,-0.012776633,4
56218658,0.9876239,0.082733065,-0.13289393,0.00966928,0.99991846,1.446758e-10,-6.9717475e-11,-0.012776633,4
56281951,0.98134035,0.099235564,-0.16448238,0.008302074,0.99991846,1.446758e-10,-6.9717475e-11,-0.012776633,4
56325795,0.98446494,0.11152665,-0.13418616,0.01961593,0.99991846,1.446758e-10,-6.9717475e-11,-0.012776633,4
56385826,0.98897743,0.086813994,-0.1192982,0.012450363,0.99991846,1.446758e-10,-6.9717475e-11,-0.012776633,4
56432305,0.98895174,0.06471974,-0.13241136,-0.015911072,0.99991846,1.446758e-10,-6.9717475e-11,-0.012776633,4
56491696,0.9832212,0.07154001,-0.16392148,-0.03588818,0.99991846,1.446758e-10,-6.9717475e-11,-0.012776633,4
56537873,0.9842549,0.06911626,-0.1577618,-0.039704412,0.99991846,1.446758e-10,-6.9717475e-11,-0.012776633,4
56597799,0.98232985,0.079946265,-0.16433774,-0.04037166,0.99991846,1.446758e-10,-6.9717475e-11,-0.012776633,4
56642829,0.9792897,0.08378648,-0.18267073,-0.024556978,0.99991846,1.446758e-10,-6.9717475e-11,-0.012776633,4
56702942,0.9848881,0.11461201,-0.12953167,0.009008711,0.99991846,1.446758e-10,-6.9717475e-11,-0.012776633,4
56751301,0.974627,0.13372657,-0.176695,0.031594247,0.99991846,1.446758e-10,-6.9717475e-11,-0.012776633,4
56795011,0.97789204,0.112070344,-0.17365524,0.03180335,0.99991846,1.446758e-10,-6.9717475e-11,-0.012776633,4
56854441,0.9846056,0.07937497,-0.15421125,0.02168712,0.99991846,1.446758e-10,-6.9717475e-11,-0.012776633,4
56900905,0.9841926,0.071490705,-0.1619586,-0.0048565287,0.99991846,1.446758e-10,-6.9717475e-11,-0.012776633,4
56961121,0.9856215,0.058492444,-0.15487811,-0.033788964,0.99991846,1.446758e-10,-6.9717475e-11,-0.012776633,4
57006961,0.9811846,0.08112495,-0.17132433,-0.036655206,0.99991846,1.446758e-10,-6.9717475e-11,-0.012776633,4
57069300,0.9953911,0.02605692,-0.08542265,-0.034939244,0.99991846,1.446758e-10,-6.9717475e-11,-0.012776633,4
57113823,0.9968071,0.0112359505,-0.06237494,-0.04856879,0.99991846,1.446758e-10,-6.9717475e-11,-0.012776633,4
57175830,0.9971616,-0.06054975,-0.02359556,-0.038023937,0.99991846,1.446758e-10,-6.9717475e-11,-0.012776633,4
57220002,0.99596786,-0.083344266,-0.0314086,-0.010741344,0.99991846,1.446758e-10,-6.9717475e-11,-0.012776633,4
57280149,0.9982359,-0.05830736,-0.00019777178,0.011196652,0.99991846,1.446758e-10,-6.9717475e-11,-0.012776633,4
57326300,0.999378,-0.03306148,0.011976136,-0.002676223,0.99991846,1.446758e-10,-6.9717475e-11,-0.012776633,4
57372887,0.99985355,0.0020091266,-0.0012304016,0.01694985,0.99991846,1.446758e-10,-6.9717475e-11,-0.012776633,4
57432379,0.9995396,0.012256002,-0.014251965,0.023819152,0.99991846,1.446758e-10,-6.9717475e-11,-0.012776633,4
57477794,0.99925995,0.033437572,-0.016547829,0.009369465,0.99991846,1.446758e-10,-6.9717475e-11,-0.012776633,4
57539156,0.99922997,-0.014019983,0.034891617,0.0112031605,0.99991846,1.446758e-10,-6.9717475e-11,-0.012776633,4
57584172,0.99974537,-0.012444653,0.008436088,0.016832031,0.99991846,1.446758e-10,-6.9717475e-11,-0.012776633,4
57645293,0.9997457,0.017035378,-0.011330767,-0.009486566,0.99991846,1.446758e-10,-6.9717475e-11,-0.012776633,4
57692300,0.9990693,0.024189932,0.020842893,-0.029002974,0.99991846,1.446758e-10,-6.9717475e-11,-0.012776633,4
57754299,0.9994602,0.0021242052,0.023550265,-0.022808949,0.99991846,1.446758e-10,-6.9717475e-11,-0.012776633,4
57797852,0.9985078,0.05170187,0.0046348567,-0.016962321,0.99991846,1.446758e-10,-6.9717475e-11,-0.012776633,4
57858532,0.99960023,0.01565578,-0.021716708,-0.009089905,0.99991846,1.446758e-10,-6.9717475e-11,-0.012776633,4
57905455,0.99973226,0.022905972,0.0032747982,-0.000113935814,0.99991846,1.446758e-10,-6.9717475e-11,-0.012776633,4
57951337,0.9996376,0.008529524,-0.023653083,0.009619237,0.99991846,1.446758e-10,-6.9717475e-11,-0.012776633,4
58016307,0.99928504,0.029850084,-0.02309507,0.002261416,0.99991846,1.446758e-10,-6.9717475e-11,-0.012776633,4
58059300,0.9988249,0.047871426,0.0075261765,0.0008432895,0.99991846,1.446758e-10,-6.9717475e-11,-0.012776633,4
58118920,0.9986202,0.049279235,0.0039027568,-0.017718296,0.99991846,1.446758e-10,-6.9717475e-11,-0.012776633,4
58164620,0.99952656,0.020636596,0.00656892,-0.02185755,0.99991846,1.446758e-10,-6.9717475e-11,-0.012776633,4
58225669,0.9997286,0.006798795,0.008462901,-0.0206124,0.99991846,1.446758e-10,-6.9717475e-11,-0.012776633,4
58272305,0.99927914,-0.011279385,-0.027108526,-0.024065915,0.99991846,1.446758e-10,-6.9717475e-11,-0.012776633,4
58331427,0.99971634,-0.022577876,-0.007581251,-0.0004447242,0.99991846,1.446758e-10,-6.9717475e-11,-0.012776633,4
58379306,0.99709177,-0.042542253,-0.061100766,-0.01627864,0.99991846,1.446758e-10,-6.9717475e-11,-0.012776633,4
58423545,0.9971804,-0.028636117,-0.065282606,-0.023441726,0.99991846,1.446758e-10,-6.9717475e-11,-0.012776633,4
58483886,0.99840105,0.036461104,-0.034110587,-0.026505647,0.99991846,1.446758e-10,-6.9717475e-11,-0.012776633,4
58530337,0.9996352,0.01729771,-0.020395415,-0.003776381,0.99991846,1.446758e-10,-6.9717475e-11,-0.012776633,4
58592307,0.9996391,-0.004501905,0.009266836,0.024810007,0.99991846,1.446758e-10,-6.9717475e-11,-0.012776633,4
58636761,0.9989079,-0.021732815,0.006518157,0.04084375,0.99991846,1.446758e-10,-6.9717475e-11,-0.012776633,4
58698206,0.9988334,0.005344865,-0.013724339,0.04598805,0.99991846,1.446758e-10,-6.9717475e-11,-0.012776633,4
58743462,0.9973952,0.058481447,0.01003079,0.0410143,0.99991846,1.446758e-10,-6.9717475e-11,-0.012776633,4
58791305,0.9956854,0.07229485,-0.019070625,0.054957286,0.99991846,1.446758e-10,-6.9717475e-11,-0.012776633,4
58850360,0.99710405,0.05604397,-0.03860876,0.033940054,0.99991846,1.446758e-10,-6.9717475e-11,-0.012776633,4
58896798,0.9961401,0.050120875,-0.061945748,0.03681839,0.99991846,1.446758e-10,-6.9717475e-11,-0.012776633,4
58959119,0.99670345,0.03167956,-0.059721176,0.044857427,0.99991846,1.446758e-10,-6.9717475e-11,-0.012776633,4
59004833,0.9952308,0.06377261,-0.07137571,0.018823018,0.99991846,1.446758e-10,-6.9717475e-11,-0.012776633,4
59065873,0.99260455,0.10865555,-0.043580834,0.0321096,0.99991846,1.446758e-10,-6.9717475e-11,-0.012776633,4
59111396,0.98738146,0.14574955,-0.052001882,0.033629734,0.99991846,1.446758e-10,-6.9717475e-11,-0.012776633,4
59157615,0.98831004,0.1329639,-0.06405715,0.038218226,0.99991846,1.446758e-10,-6.9717475e-11,-0.012776633,4
59219312,0.98927534,0.13236782,-0.05443155,0.02916045,0.99991846,1.446758e-10,-6.9717475e-11,-0.012776633,4
59264071,0.9943457,0.098709606,-0.036624275,0.013844155,0.99991846,1.446758e-10,-6.9717475e-11,-0.012776633,4
59326347,0.9960378,0.08153152,-0.034595516,0.008040713,0.99991846,1.446758e-10,-6.9717475e-11,-0.012776633,4
59370486,0.99421704,0.094454676,-0.049302522,0.013416763,0.99991846,1.446758e-10,-6.9717475e-11,-0.012776633,4
59431366,0.9903537,0.1097104,-0.07885126,0.030751009,0.99991846,1.446758e-10,-6.9717475e-11,-0.012776633,4
59477118,0.9883061,0.13280787,-0.059405267,0.04565423,0.99991846,1.446758e-10,-6.9717475e-11,-0.012776633,4
59524415,0.98068464,0.17344303,-0.08900825,0.015897399,0.99991846,1.446758e-10,-6.9717475e-11,-0.012776633,4
59584989,0.9848195,0.15156074,-0.082358375,0.019416956,0.99991846,1.446758e-10,-6.9717475e-11,-0.012776633,4
59630235,0.9895445,0.13373937,-0.052770093,0.011441301,0.99991846,1.446758e-10,-6.9717475e-11,-0.012776633,4
59691468,0.990046,0.10273013,-0.09364371,-0.02205282,0.99991846,1.446758e-10,-6.9717475e-11,-0.012776633,4
59738549,0.9919234,0.10587924,-0.06240077,-0.031364676,0.99991846,1.446758e-10,-6.9717475e-11,-0.012776633,4
59797799,0.99348724,0.09960188,-0.03963211,-0.03862546,0.99991846,1.446758e-10,-6.9717475e-11,-0.012776633,4
59844344,0.99674565,0.05491631,-0.035813477,-0.046900302,0.99991846,1.446758e-10,-6.9717475e-11,-0.012776633,4
59889230,0.9972107,0.05268247,-0.028680932,-0.044416234,0.99991846,1.446758e-10,-6.9717475e-11,-0.012776633,4
59950286,0.9976236,0.033455543,-0.030570991,-0.051897414,0.99991846,1.446758e-10,-6.9717475e-11,-0.012776633,4
59994610,0.9936076,0.099985614,-0.013792368,-0.050563596,0.99991846,1.446758e-10,-6.9717475e-11,-0.012776633,4
60055591,0.9925523,0.10725003,-0.010889174,-0.056735348,0.99991846,1.446758e-10,-6.9717475e-11,-0.012776633,4
60100978,0.9957557,0.046238057,-0.015729763,-0.07800852,0.99991846,1.446758e-10,-6.9717475e-11,-0.012776633,4
60164308,0.99617046,0.0027919027,-0.018113239,-0.08548988,0.99991846,1.446758e-10,-6.9717475e-11,-0.012776633,4
60207569,0.9951596,-0.008257538,0.0068915607,-0.097681165,0.99991846,1.446758e-10,-6.9717475e-11,-0.012776633,4
60267884,0.9942601,0.026937105,-0.022042131,-0.101170644,0.99991846,1.446758e-10,-6.9717475e-11,-0.012776633,4
60315299,0.9955953,0.026722899,-0.011720318,-0.08909876,0.99991846,1.446758e-10,-6.9717475e-11,-0.012776633,4
60360634,0.99512225,0.06068188,-0.03600407,-0.06894354,0.99991846,1.446758e-10,-6.9717475e-11,-0.012776633,4
60421397,0.9925961,0.090031065,-0.051224597,-0.063431926,0.99991846,1.446758e-10,-6.9717475e-11,-0.012776633,4
60466688,0.9948316,0.0905531,-0.03451884,-0.030309513,0.99991846,1.446758e-10,-6.9717475e-11,-0.012776633,4
60529039,0.989849,0.123789914,-0.06818518,-0.015026638,0.99991846,1.446758e-10,-6.9717475e-11,-0.012776633,4
60574514,0.97634006,0.19165252,-0.100128725,-0.001922429,0.99991846,1.446758e-10,-6.9717475e-11,-0.012776633,4
60636346,0.97073436,0.21929604,-0.09696243,0.013503049,0.99991846,1.446758e-10,-6.9717475e-11,-0.012776633,4
60683359,0.9716452,0.2043699,-0.11827012,0.012276157,0.99991846,1.446758e-10,-6.9717475e-11,-0.012776633,4
60728825,0.9701886,0.20017904,-0.13142012,0.03729956,0.99991846,1.446758e-10,-6.9717475e-11,-0.012776633,4
60788558,0.96390045,0.23282635,-0.11570696,0.05744356,0.99991846,1.446758e-10,-6.9717475e-11,-0.012776633,4
60835628,0.95906085,0.24277736,-0.14113697,0.03663322,0.99991846,1.446758e-10,-6.9717475e-11,-0.012776633,4
60895524,0.96271473,0.2293644,-0.13963324,0.032787107,0.99991846,1.446758e-10,-6.9717475e-11,-0.012776633,4
60942301,0.9600609,0.24364322,-0.12893842,0.04791554,0.99991846,1.446758e-10,-6.9717475e-11,-0.012776633,4
61001552,0.95895356,0.24376373,-0.12621321,0.07111658,0.99991846,1.446758e-10,-6.9717475e-11,-0.012776633,4
61047938,0.9676945,0.19926776,-0.1420021,0.06078685,0.99991846,1.446758e-10,-6.9717475e-11,-0.012776633,4
61109145,0.9684251,0.19015668,-0.15236212,0.052716732,0.99991846,1.446758e-10,-6.9717475e-11,-0.012776633,4
61156305,0.9535036,0.24574107,-0.16667902,0.051578633,0.99991846,1.446758e-10,-6.9717475e-11,-0.012776633,4
61215922,0.9471659,0.26872265,-0.15432288,0.082761034,0.99991846,1.446758e-10,-6.9717475e-11,-0.012776633,4
61261139,0.94997096,0.25677416,-0.16665252,0.062040985,0.99991846,1.446758e-10,-6.9717475e-11,-0.012776633,4
61306994,0.94559014,0.26440942,-0.18070412,0.057386026,0.99991846,1.446758e-10,-6.9717475e-11,-0.012776633,4
61368486,0.9444903,0.29949382,-0.11756671,0.06648086,0.99991846,1.446758e-10,-6.9717475e-11,-0.012776633,4
61413628,0.93619305,0.31610283,-0.14434263,0.052790094,0.99991846,1.446758e-10,-6.9717475e-11,-0.012776633,4
61475306,0.93055755,0.32270932,-0.17199087,0.018454611,0.99991846,1.446758e-10,-6.9717475e-11,-0.012776633,4
61520300,0.9373263,0.31712085,-0.14070718,0.032485213,0.99991846,1.446758e-10,-6.9717475e-11,-0.012776633,4
61582385,0.9328375,0.31987834,-0.16291027,0.030861296,0.99991846,1.446758e-10,-6.9717475e-11,-0.012776633,4
61627339,0.92922753,0.32063365,-0.17920373,0.040204898,0.99991846,1.446758e-10,-6.9717475e-11,-0.012776633,4
61688329,0.94588256,0.27658188,-0.16531819,0.038452573,0.99991846,1.446758e-10,-6.9717475e-11,-0.012776633,4
61732791,0.95120203,0.25933692,-0.1626938,0.038596906,0.99991846,1.446758e-10,-6.9717475e-11,-0.012776633,4
61792316,0.9559487,0.22822887,-0.17346889,0.06310497,0.99991846,1.446758e-10,-6.9717475e-11,-0.012776633,4
61840300,0.954393,0.20467146,-0.20370857,0.07580584,0.99991846,1.446758e-10,-6.9717475e-11,-0.012776633,4
61898178,0.9636199,0.19107294,-0.16911143,0.07955664,0.99991846,1.446758e-10,-6.9717475e-11,-0.012776633,4
61943351,0.95278746,0.22661835,-0.17588782,0.09951695,0.99991846,1.446758e-10,-6.9717475e-11,-0.012776633,4
61990305,0.95216274,0.22517286,-0.18775177,0.086212754,0.99991846,1.446758e-10,-6.9717475e-11,-0.012776633,4
62050305,0.94968396,0.22654444,-0.19223143,0.099122286,0.99991846,1.446758e-10,-6.9717475e-11,-0.012776633,4
62096331,0.9466464,0.23531502,-0.19769904,0.09696681,0.99991846,1.446758e-10,-6.9717475e-11,-0.012776633,4
62158331,0.95657283,0.20881543,-0.16573074,0.11788952,0.99991846,1.446758e-10,-6.9717475e-11,-0.012776633,4
62201189,0.95395297,0.1877654,-0.2074506,0.1080838,0.99991846,1.446758e-10,-6.9717475e-11,-0.012776633,4
62261986,0.9680706,0.15168214,-0.1678908,0.10791019,0.99991846,1.446758e-10,-6.9717475e-11,-0.012776633,4
62307976,0.9691011,0.13599078,-0.18027955,0.09924282,0.99991846,1.446758e-10,-6.9717475e-11,-0.012776633,4
62352590,0.96992326,0.14133517,-0.17715086,0.08882971,0.99991846,1.446758e-10,-6.9717475e-11,-0.012776633,4
62415308,0.9681137,0.16438562,-0.16694222,0.088676944,0.99991846,1.446758e-10,-6.9717475e-11,-0.012776633,4
62458343,0.9702941,0.14730917,-0.18095852,0.06390192,0.99991846,1.446758e-10,-6.9717475e-11,-0.012776633,4
62519828,0.9635459,0.17232817,-0.19576034,0.059666485,0.99991846,1.446758e-10,-6.9717475e-11,-0.012776633,4
62565893,0.9718547,0.14045376,-0.18247133,0.049753614,0.99991846,1.446758e-10,-6.9717475e-11,-0.012776633,4
62625674,0.9853805,0.09141208,-0.13864686,0.03803063,0.99991846,1.446758e-10,-6.9717475e-11,-0.012776633,4
62670701,0.9857512,0.070933685,-0.15133473,0.018995767,0.99991846,1.446758e-10,-6.9717475e-11,-0.012776633,4
62730507,0.9902534,0.07944516,-0.11166912,0.02483425,0.99991846,1.446758e-10,-6.9717475e-11,-0.012776633,4
62776936,0.98174113,0.121108025,-0.14448182,0.025342138,0.99991846,1.446758e-10,-6.9717475e-11,-0.012776633,4
62838958,0.9793999,0.16205214,-0.118434586,0.02209648,0.99991846,1.446758e-10,-6.9717475e-11,-0.012776633,4
62884071,0.97825736,0.18314554,-0.09352716,0.02688978,0.99991846,1.446758e-10,-6.9717475e-11,-0.012776633,4
62944646,0.9837208,0.1343586,-0.118296474,0.015723603,0.99991846,1.446758e-10,-6.9717475e-11,-0.012776633,4
62991607,0.9924003,0.081395015,-0.09088076,0.016039817,0.99991846,1.446758e-10,-6.9717475e-11,-0.012776633,4
63038496,0.9957387,0.04354734,-0.08067568,0.009974613,0.99991846,1.446758e-10,-6.9717475e-11,-0.012776633,4
63098106,0.9982272,0.003009446,-0.059415527,0.001801118,0.99991846,1.446758e-10,-6.9717475e-11,-0.012776633,4
63143544,0.9982796,-0.028961949,-0.046023693,-0.021933135,0.99991846,1.446758e-10,-6.9717475e-11,-0.012776633,4
63190986,0.9990373,-0.00202134,-0.028858408,-0.03297844,0.99991846,1.446758e-10,-6.9717475e-11,-0.012776633,4
63251157,0.9990018,-0.009605592,0.005126807,-0.04332253,0.99991846,1.446758e-10,-6.9717475e-11,-0.012776633,4
63296752,0.99811983,-0.019881418,0.020267969,-0.054321654,0.99991846,1.446758e-10,-6.9717475e-11,-0.012776633,4
63359917,0.9980785,0.0068338094,-0.015773434,-0.0595302,0.99991846,1.446758e-10,-6.9717475e-11,-0.012776633,4
63404343,0.9981431,0.016513577,-0.011997904,-0.057392295,0.99991846,1.446758e-10,-6.9717475e-11,-0.012776633,4
63463741,0.99875057,0.009161355,0.03893169,-0.029964592,0.99991846,1.446758e-10,-6.9717475e-11,-0.012776633,4
63510312,0.99910927,-0.007519839,-0.021753658,-0.035370227,0.99991846,1.446758e-10,-6.9717475e-11,-0.012776633,4
63556091,0.99926597,-0.008148184,-0.012965443,-0.035114747,0.99991846,1.446758e-10,-6.9717475e-11,-0.012776633,4
63617771,0.99645436,-0.07542419,0.024718033,-0.02791089,0.99991846,1.446758e-10,-6.9717475e-11,-0.012776633,4
63663423,0.99243903,-0.122186735,-0.0045597767,-0.0106957,0.99991846,1.446758e-10,-6.9717475e-11,-0.012776633,4
63724961,0.991913,-0.12686028,-0.0038123801,0.00080060697,0.99991846,1.446758e-10,-6.9717475e-11,-0.012776633,4
63771866,0.9861673,-0.16064928,0.035536356,-0.020077491,0.99991846,1.446758e-10,-6.9717475e-11,-0.012776633,4
63819300,0.98864865,-0.145663,0.030478792,-0.020671902,0.99991846,1.446758e-10,-6.9717475e-11,-0.012776633,4
63877584,0.9843405,-0.17448413,0.024586676,-0.00497312,0.99991846,1.446758e-10,-6.9717475e-11,-0.012776633,4
63924304,0.97603405,-0.21416469,0.037583377,0.008856982,0.99991846,1.446758e-10,-6.9717475e-11,-0.012776633,4
63985331,0.97948635,-0.19384189,0.040044483,0.03779455,0.99991846,1.446758e-10,-6.9717475e-11,-0.012776633,4
64029508,0.9809309,-0.18513013,0.019811109,0.055758398,0.99991846,1.446758e-10,-6.9717475e-11,-0.012776633,4
64092307,0.9834391,-0.16256785,0.058722857,0.05450694,0.99991846,1.446758e-10,-6.9717475e-11,-0.012776633,4
64135967,0.985494,-0.14168286,0.06803107,0.06402712,0.99991846,1.446758e-10,-6.9717475e-11,-0.012776633,4
64197914,0.98089665,-0.16511768,0.05354501,0.08781161,0.99991846,1.446758e-10,-6.9717475e-11,-0.012776633,4
64244209,0.9767702,-0.18159719,0.0852346,0.07535072,0.99991846,1.446758e-10,-6.9717475e-11,-0.012776633,4
64289577,0.9787599,-0.16752365,0.09871748,0.06496042,0.99991846,1.446758e-10,-6.9717475e-11,-0.012776633,4
64351533,0.9808224,-0.17729042,0.046537008,0.06625771,0.99991846,1.446758e-10,-6.9717475e-11,-0.012776633,4
64398169,0.9772561,-0.1945128,0.06402389,0.055102777,0.99991846,1.446758e-10,-6.9717475e-11,-0.012776633,4
64458595,0.98204714,-0.16659059,0.06628404,0.05863027,0.99991846,1.446758e-10,-6.9717475e-11,-0.012776633,4
64503337,0.98223746,-0.17639926,0.033529542,0.054485373,0.99991846,1.446758e-10,-6.9717475e-11,-0.012776633,4
64564152,0.97180444,-0.22080709,0.05673659,0.060177416,0.99991846,1.446758e-10,-6.9717475e-11,-0.012776633,4
64610741,0.97045475,-0.22736569,0.027901405,0.07578968,0.99991846,1.446758e-10,-6.9717475e-11,-0.012776633,4
64656934,0.9741086,-0.2056508,0.061325435,0.07112958,0.99991846,1.446758e-10,-6.9717475e-11,-0.012776633,4
64718335,0.97966605,-0.17233223,0.07216707,0.07313014,0.99991846,1.446758e-10,-6.9717475e-11,-0.012776633,4
64764039,0.97735125,-0.19176152,0.05850604,0.06774362,0.99991846,1.446758e-10,-6.9717475e-11,-0.012776633,4
64823758,0.9717682,-0.22270453,0.05042454,0.059385072,0.99991846,1.446758e-10,-6.9717475e-11,-0.012776633,4
64870076,0.97313035,-0.2175409,0.037449777,0.065505244,0.99991846,1.446758e-10,-6.9717475e-11,-0.012776633,4
64930435,0.9724695,-0.21550718,0.059198357,0.06599453,0.99991846,1.446758e-10,-6.9717475e-11,-0.012776633,4
64978339,0.9822261,-0.16745797,0.06811655,0.050499063,0.99991846,1.446758e-10,-6.9717475e-11,-0.012776633,4
65021443,0.9897729,-0.1246983,0.034452718,0.06010798,0.99991846,1.446758e-10,-6.9717475e-11,-0.012776633,4
65083355,0.9885676,-0.12331546,0.080778636,0.031658716,0.99991846,1.446758e-10,-6.9717475e-11,-0.012776633,4
65129226,0.98928636,-0.1348822,0.047259837,0.029762678,0.99991846,1.446758e-10,-6.9717475e-11,-0.012776633,4
65190672,0.97651696,-0.20157424,0.075708255,0.0071180225,0.99991846,1.446758e-10,-6.9717475e-11,-0.012776633,4
65236647,0.9690923,-0.22351775,0.10242732,-0.020212281,0.99991846,1.446758e-10,-6.9717475e-11,-0.012776633,4
65297664,0.9778419,-0.19918461,0.061038483,-0.020617811,0.99991846,1.446758e-10,-6.9717475e-11,-0.012776633,4
65343434,0.9754579,-0.20982029,0.06331984,-0.021164821,0.99991846,1.446758e-10,-6.9717475e-11,-0.012776633,4
65404608,0.9690566,-0.24244896,0.04534596,-0.009575373,0.99991846,1.446758e-10,-6.9717475e-11,-0.012776633,4
65450897,0.96505433,-0.257643,0.04757683,-0.005173487,0.99991846,1.446758e-10,-6.9717475e-11,-0.012776633,4
65496438,0.94872135,-0.30723095,0.07329866,-0.0128157325,0.99991846,1.446758e-10,-6.9717475e-11,-0.012776633,4
65555211,0.9594336,-0.2695867,0.07878083,-0.024572352,0.99991846,1.446758e-10,-6.9717475e-11,-0.012776633,4
65599997,0.96630067,-0.24033716,0.09086839,-0.015621808,0.99991846,1.446758e-10,-6.9717475e-11,-0.012776633,4
65660664,0.96006167,-0.26822048,0.07833121,0.014271591,0.99991846,1.446758e-10,-6.9717475e-11,-0.012776633,4
65707299,0.968564,-0.23584987,0.06741511,0.041399013,0.99991846,1.446758e-10,-6.9717475e-11,-0.012776633,4
65767425,0.9721193,-0.21619944,0.084975,0.03195563,0.99991846,1.446758e-10,-6.9717475e-11,-0.012776633,4
65812958,0.9657232,-0.23443137,0.106112555,0.03407102,0.99991846,1.446758e-10,-6.9717475e-11,-0.012776633,4
65873560,0.9541489,-0.28227875,0.09534625,0.028773908,0.99991846,1.446758e-10,-6.9717475e-11,-0.012776633,4
65920300,0.94909674,-0.29045752,0.11955411,0.023594668,0.99991846,1.446758e-10,-6.9717475e-11,-0.012776633,4
65980649,0.96019787,-0.25232545,0.115314156,0.032474015,0.99991846,1.446758e-10,-6.9717475e-11,-0.012776633,4
66026699,0.96058416,-0.24840532,0.11256086,0.053879004,0.99991846,1.446758e-10,-6.9717475e-11,-0.012776633,4
66086971,0.9657441,-0.23992944,0.08295547,0.05376666,0.99991846,1.446758e-10,-6.9717475e-11,-0.012776633,4
66132779,0.9518211,-0.27358767,0.11901276,0.07086909,0.99991846,1.446758e-10,-6.9717475e-11,-0.012776633,4
66177926,0.93954426,-0.31108323,0.124438316,0.07070453,0.99991846,1.446758e-10,-6.9717475e-11,-0.012776633,4
66240300,0.9435079,-0.30556145,0.11440385,0.05776539,0.99991846,1.446758e-10,-6.9717475e-11,-0.012776633,4
66285107,0.94660753,-0.29748252,0.113659404,0.05019748,0.99991846,1.446758e-10,-6.9717475e-11,-0.012776633,4
66346706,0.9402931,-0.3202539,0.10801096,0.040250234,0.99991846,1.446758e-10,-6.9717475e-11,-0.012776633,4
66393464,0.9486731,-0.30304766,0.072488554,0.054100815,0.99991846,1.446758e-10,-6.9717475e-11,-0.012776633,4
66454038,0.96317524,-0.25171188,0.07198269,0.06126388,0.99991846,1.446758e-10,-6.9717475e-11,-0.012776633,4
66498329,0.9656854,-0.2388633,0.07794613,0.06572963,0.99991846,1.446758e-10,-6.9717475e-11,-0.012776633,4
66558472,0.9560559,-0.27986673,0.060185816,0.06331984,0.99991846,1.446758e-10,-6.9717475e-11,-0.012776633,4
66603800,0.9468613,-0.31031126,0.061481945,0.058144543,0.99991846,1.446758e-10,-6.9717475e-11,-0.012776633,4
66664122,0.9609411,-0.2613312,0.08575723,0.030726843,0.99991846,1.446758e-10,-6.9717475e-11,-0.012776633,4
66711300,0.9713488,-0.21866836,0.08661052,0.03412203,0.99991846,1.446758e-10,-6.9717475e-11,-0.012776633,4
66756017,0.9697669,-0.22775272,0.08187572,0.031260993,0.99991846,1.446758e-10,-6.9717475e-11,-0.012776633,4
66818046,0.96708965,-0.2467248,0.048036862,0.039459188,0.99991846,1.446758e-10,-6.9717475e-11,-0.012776633,4
66863181,0.9599544,-0.27448538,0.036349174,0.042710632,0.99991846,1.446758e-10,-6.9717475e-11,-0.012776633,4
66924418,0.9602926,-0.27076456,0.060045,0.030319767,0.99991846,1.446758e-10,-6.9717475e-11,-0.012776633,4
66974303,0.9613148,-0.26781008,0.0518358,0.038272433,0.99991846,1.446758e-10,-6.9717475e-11,-0.012776633,4
67031494,0.9670238,-0.2519616,0.025517944,0.027004065,0.99991846,1.446758e-10,-6.9717475e-11,-0.012776633,4
67078329,0.9690681,-0.24636011,0.01413317,0.0037352608,0.99991846,1.446758e-10,-6.9717475e-11,-0.012776633,4
67123661,0.96585286,-0.25873932,0.012978824,-0.0037316533,0.99991846,1.446758e-10,-6.9717475e-11,-0.012776633,4
67185075,0.97612494,-0.21538317,-0.02794208,0.0030814707,0.99991846,1.446758e-10,-6.9717475e-11,-0.012776633,4
67230672,0.97965914,-0.20032048,0.009512486,0.007014846,0.99991846,1.446758e-10,-6.9717475e-11,-0.012776633,4
67292308,0.9775416,-0.20514953,-0.040191773,0.026659315,0.99991846,1.446758e-10,-6.9717475e-11,-0.012776633,4
67336641,0.9857947,-0.1674263,-0.008174788,0.010514235,0.99991846,1.446758e-10,-6.9717475e-11,-0.012776633,4
67397411,0.9967825,-0.0642013,-0.046372008,0.012354949,0.99991846,1.446758e-10,-6.9717475e-11,-0.012776633,4
67442423,0.99862546,0.04167576,-0.026103156,0.018139351,0.99991846,1.446758e-10,-6.9717475e-11,-0.012776633,4
67503824,0.98851323,0.14255716,0.034957174,0.03601638,0.99991846,1.446758e-10,-6.9717475e-11,-0.012776633,4
67550640,0.9818243,0.18793955,0.024779232,0.009271202,0.99991846,1.446758e-10,-6.9717475e-11,-0.012776633,4
67596190,0.98301744,0.18009529,0.03524894,0.00012785997,0.99991846,1.446758e-10,-6.9717475e-11,-0.012776633,4
67657021,0.99478936,0.09174857,0.025290255,-0.03656163,0.99991846,1.446758e-10,-6.9717475e-11,-0.012776633,4
67702331,0.9983041,0.0521395,0.002716653,-0.025748527,0.99991846,1.446758e-10,-6.9717475e-11,-0.012776633,4
67762957,0.9997068,0.0021385525,0.009922195,-0.02198711,0.99991846,1.446758e-10,-6.9717475e-11,-0.012776633,4
67808680,0.9987526,-0.030302,0.018579885,-0.035069026,0.99991846,1.446758e-10,-6.9717475e-11,-0.012776633,4
67869097,0.998928,-0.02588291,-0.036160477,-0.012861736,0.99991846,1.446758e-10,-6.9717475e-11,-0.012776633,4
67914516,0.99889624,0.02457762,-0.039302196,-0.007592887,0.99991846,1.446758e-10,-6.9717475e-11,-0.012776633,4
67976590,0.9992417,0.036339495,0.0073932526,-0.01187244,0.99991846,1.446758e-10,-6.9717475e-11,-0.012776633,4
68022299,0.9995009,0.010653524,-0.017053436,-0.024367705,0.99991846,1.446758e-10,-6.9717475e-11,-0.012776633,4
68081315,0.9998712,-0.011277093,-0.0018626828,-0.011275436,0.99991846,1.446758e-10,-6.9717475e-11,-0.012776633,4
68128046,0.99988115,-0.011600713,0.004769098,0.008967039,0.99991846,1.446758e-10,-6.9717475e-11,-0.012776633,4
68173557,0.9987439,-0.042622056,-0.0148151135,0.02178868,0.99991846,1.446758e-10,-6.9717475e-11,-0.012776633,4
68236299,0.9991243,-0.03153307,-0.019056536,0.019830618,0.99991846,1.446758e-10,-6.9717475e-11,-0.012776633,4
68280559,0.9993606,0.0008071032,-0.024586752,0.025947297,0.99991846,1.446758e-10,-6.9717475e-11,-0.012776633,4
68340674,0.99937373,-0.001215474,0.034091637,-0.009405459,0.99991846,1.446758e-10,-6.9717475e-11,-0.012776633,4
68386874,0.9998064,-0.011536644,0.011789575,-0.010723865,0.99991846,1.446758e-10,-6.9717475e-11,-0.012776633,4
68434487,0.99915385,0.02248743,-0.029536255,-0.017711604,0.99991846,1.446758e-10,-6.9717475e-11,-0.012776633,4
68494765,0.9998371,-0.0076435246,0.011368039,-0.011754431,0.99991846,1.446758e-10,-6.9717475e-11,-0.012776633,4
68539764,0.99908054,-0.038258947,-0.0049476177,-0.018708209,0.99991846,1.446758e-10,-6.9717475e-11,-0.012776633,4
68600900,0.9993215,-0.033626355,-0.014356737,-0.0044490797,0.99991846,1.446758e-10,-6.9717475e-11,-0.012776633,4
68647062,0.99982166,-0.015397568,-0.010934196,-0.00024415756,0.99991846,1.446758e-10,-6.9717475e-11,-0.012776633,4
68707906,0.9982832,-0.056019694,0.01608699,-0.0058027506,0.99991846,1.446758e-10,-6.9717475e-11,-0.012776633,4
68754843,0.99585205,-0.08551246,0.017088328,-0.025970263,0.99991846,1.446758e-10,-6.9717475e-11,-0.012776633,4
68816995,0.9991385,-0.030412974,-0.026675455,-0.009271643,0.99991846,1.446758e-10,-6.9717475e-11,-0.012776633,4
68861696,0.99994355,-0.008422504,0.006473772,0.0003399287,0.99991846,1.446758e-10,-6.9717475e-11,-0.012776633,4
68908561,0.999505,-0.027888415,0.00019476534,-0.014557282,0.99991846,1.446758e-10,-6.9717475e-11,-0.012776633,4
68969488,0.9995638,-0.021033796,-0.020487348,-0.0031902927,0.99991846,1.446758e-10,-6.9717475e-11,-0.012776633,4
69014359,0.9994805,-0.027188146,-0.01690633,-0.00372189,0.99991846,1.446758e-10,-6.9717475e-11,-0.012776633,4
69078357,0.99987847,-0.0033133305,0.015206523,-0.0010066981,0.99991846,1.446758e-10,-6.9717475e-11,-0.012776633,4
69123626,0.99966145,0.013178243,-0.0035898949,0.022148963,0.99991846,1.446758e-10,-6.9717475e-11,-0.012776633,4
69183025,0.9996141,-0.015863616,-0.0030675728,0.02259846,0.99991846,1.446758e-10,-6.9717475e-11,-0.012776633,4
69228439,0.99882984,-0.046602592,0.008015189,-0.010140258,0.99991846,1.446758e-10,-6.9717475e-11,-0.012776633,4
69288855,0.99948305,-0.029117247,-0.008086436,-0.010982217,0.99991846,1.446758e-10,-6.9717475e-11,-0.012776633,4
69334839,0.99970573,-0.016840454,-0.010846603,-0.013682383,0.99991846,1.446758e-10,-6.9717475e-11,-0.012776633,4
69382306,0.99991494,-0.007944354,0.0070743975,-0.007544495,0.99991846,1.446758e-10,-6.9717475e-11,-0.012776633,4
69443326,0.999619,-0.021712888,0.0031402605,-0.016749986,0.99991846,1.446758e-10,-6.9717475e-11,-0.012776633,4
69488229,0.9988154,-0.043248273,-0.0075187976,-0.020996386,0.99991846,1.446758e-10,-6.9717475e-11,-0.012776633,4
69550427,0.99937123,-0.0011300608,-0.03095021,-0.017261913,0.99991846,1.446758e-10,-6.9717475e-11,-0.012776633,4
69595760,0.99927497,0.0040209773,0.023209896,-0.02991079,0.99991846,1.446758e-10,-6.9717475e-11,-0.012776633,4
69642300,0.99955136,-0.0019456558,0.01832057,-0.023615098,0.99991846,1.446758e-10,-6.9717475e-11,-0.012776633,4
69702109,0.9994987,0.0052664177,-0.004012772,-0.030962216,0.99991846,1.446758e-10,-6.9717475e-11,-0.012776633,4
69748867,0.99822354,-0.03500716,-0.035315875,-0.03282062,0.99991846,1.446758e-10,-6.9717475e-11,-0.012776633,4
69809720,0.9979522,-0.050200835,0.008554131,-0.038705803,0.99991846,1.446758e-10,-6.9717475e-11,-0.012776633,4
69856300,0.9988442,-0.0037747351,-0.0020332492,-0.04787339,0.99991846,1.446758e-10,-6.9717475e-11,-0.012776633,4
69917355,0.99786544,0.01171174,0.004529843,-0.06408615,0.99991846,1.446758e-10,-6.9717475e-11,-0.012776633,4
69961659,0.997638,0.0040056542,-0.014086127,-0.06711254,0.99991846,1.446758e-10,-6.9717475e-11,-0.012776633,4
70022203,0.99712276,0.004586468,-0.011729718,-0.0747501,0.99991846,1.446758e-10,-6.9717475e-11,-0.012776633,4
70068049,0.9963217,-0.022337621,0.036085844,-0.0744448,0.99991846,1.446758e-10,-6.9717475e-11,-0.012776633,4
70128825,0.9965722,-0.057227083,0.0020898192,-0.059704944,0.99991846,1.446758e-10,-6.9717475e-11,-0.012776633,4
70174270,0.9983392,-0.03536688,-0.022568598,-0.03948278,0.99991846,1.446758e-10,-6.9717475e-11,-0.012776633,4
70220093,0.9986304,-0.037843924,-0.00829615,-0.03516086,0.99991846,1.446758e-10,-6.9717475e-11,-0.012776633,4
70282385,0.999643,-0.007968553,0.005337373,-0.024936715,0.99991846,1.446758e-10,-6.9717475e-11,-0.012776633,4
70327956,0.9994709,-0.0035191046,-0.023153717,-0.022570258,0.99991846,1.446758e-10,-6.9717475e-11,-0.012776633,4
70388470,0.99973136,-0.020921571,0.009444336,0.0032141067,0.99991846,1.446758e-10,-6.9717475e-11,-0.012776633,4
70433174,0.999954,-0.007299545,-0.0009810328,0.006148514,0.99991846,1.446758e-10,-6.9717475e-11,-0.012776633,4
70493745,0.9987869,-0.03530019,0.011336179,0.032407764,0.99991846,1.446758e-10,-6.9717475e-11,-0.012776633,4
70538453,0.99767846,-0.051111974,0.0058600684,0.044621162,0.99991846,1.446758e-10,-6.9717475e-11,-0.012776633,4
70599008,0.99691975,-0.039816096,0.023503192,0.06335089,0.99991846,1.446758e-10,-6.9717475e-11,-0.012776633,4
70644286,0.99646074,-0.058777712,0.003364635,0.059999123,0.99991846,1.446758e-10,-6.9717475e-11,-0.012776633,4
70706305,0.9966712,-0.038157657,-0.026496174,0.066997096,0.99991846,1.446758e-10,-6.9717475e-11,-0.012776633,4
70753379,0.99797463,0.011381905,0.016824512,0.060282826,0.99991846,1.446758e-10,-6.9717475e-11,-0.012776633,4
70812886,0.9982104,-0.0072109555,0.0019848254,0.05933218,0.99991846,1.446758e-10,-6.9717475e-11,-0.012776633,4
70858140,0.9987619,0.007499435,0.0021829384,0.049130823,0.99991846,1.446758e-10,-6.9717475e-11,-0.012776633,4
70904456,0.9990737,0.02583008,0.007260676,0.0336455,0.99991846,1.446758e-10,-6.9717475e-11,-0.012776633,4
70963765,0.99865395,0.026305856,0.02241659,0.038676616,0.99991846,1.446758e-10,-6.9717475e-11,-0.012776633,4
71011307,0.9989635,0.0008940767,-0.02614489,0.03725298,0.99991846,1.446758e-10,-6.9717475e-11,-0.012776633,4
71071039,0.99893814,-0.03176846,-0.00144888,0.033337347,0.99991846,1.446758e-10,-6.9717475e-11,-0.012776633,4
71117729,0.99939615,-0.024489896,0.018423669,0.016378593,0.99991846,1.446758e-10,-6.9717475e-11,-0.012776633,4
71179307,0.9994951,-0.031412996,-0.004655811,0.0010501272,0.99991846,1.446758e-10,-6.9717475e-11,-0.012776633,4
71223519,0.9997483,-0.020561349,-0.0046637882,-0.0076669995,0.99991846,1.446758e-10,-6.9717475e-11,-0.012776633,4
71283432,0.9998668,-0.002601999,-0.013120592,0.009356366,0.99991846,1.446758e-10,-6.9717475e-11,-0.012776633,4
71329355,0.99982536,0.00974307,0.00023431802,0.015947249,0.99991846,1.446758e-10,-6.9717475e-11,-0.012776633,4
71390098,0.9999259,-0.01134082,-0.0030046958,-0.0032720207,0.99991846,1.446758e-10,-6.9717475e-11,-0.012776633,4
71434945,0.99868476,-0.04515626,-0.02107613,-0.012067836,0.99991846,1.446758e-10,-6.9717475e-11,-0.012776633,4
71480482,0.99655,-0.08248259,-0.006273088,-0.006743607,0.99991846,1.446758e-10,-6.9717475e-11,-0.012776633,4
71540916,0.9956737,-0.09246481,-0.0051004626,-0.00762283,0.99991846,1.446758e-10,-6.9717475e-11,-0.012776633,4
71587311,0.9978876,-0.06472519,0.0027837877,-0.0048158797,0.99991846,1.446758e-10,-6.9717475e-11,-0.012776633,4
71647492,0.99868023,-0.047564216,0.01867258,-0.0051743016,0.99991846,1.446758e-10,-6.9717475e-11,-0.012776633,4
71694306,0.9995472,-0.028930716,-0.008234328,-0.000788688,0.99991846,1.446758e-10,-6.9717475e-11,-0.012776633,4
71754960,0.99931425,-0.03381579,0.0054201824,0.014074622,0.99991846,1.446758e-10,-6.9717475e-11,-0.012776633,4
71801783,0.9993895,-0.014807868,-0.030913772,-0.00676499,0.99991846,1.446758e-10,-6.9717475e-11,-0.012776633,4
71848798,0.9995586,-0.019653596,-0.02128024,-0.0065977867,0.99991846,1.446758e-10,-6.9717475e-11,-0.012776633,4
71908966,0.99839634,-0.054976083,0.012666778,-0.004681062,0.99991846,1.446758e-10,-6.9717475e-11,-0.012776633,4
71953885,0.9984434,-0.05506135,0.0063318457,-0.0062341127,0.99991846,1.446758e-10,-6.9717475e-11,-0.012776633,4
72017305,0.9980117,-0.06288866,-0.0037894398,-0.0018253046,0.99991846,1.446758e-10,-6.9717475e-11,-0.012776633,4
72061040,0.9987791,-0.046563014,-0.015238402,0.006331947,0.99991846,1.446758e-10,-6.9717475e-11,-0.012776633,4
72123691,0.99914485,-0.024865938,0.0096975975,0.031577647,0.99991846,1.446758e-10,-6.9717475e-11,-0.012776633,4
72169743,0.9980421,-0.05944328,0.007307484,0.018029591,0.99991846,1.446758e-10,-6.9717475e-11,-0.012776633,4
72228215,0.997607,-0.0499603,-0.037566785,0.02954905,0.99991846,1.446758e-10,-6.9717475e-11,-0.012776633,4
72273093,0.99902606,-0.011869691,-0.024872197,0.034460302,0.99991846,1.446758e-10,-6.9717475e-11,-0.012776633,4
72334684,0.99785763,-0.010246407,-0.025744827,0.059265804,0.99991846,1.446758e-10,-6.9717475e-11,-0.012776633,4
72380138,0.99635255,-0.046935715,-0.046831142,0.053716026,0.99991846,1.446758e-10,-6.9717475e-11,-0.012776633,4
72426335,0.9969946,-0.049528334,-0.02330096,0.05482598,0.99991846,1.446758e-10,-6.9717475e-11,-0.012776633,4
72488791,0.99708426,-0.05106954,0.0057929093,0.056402564,0.99991846,1.446758e-10,-6.9717475e-11,-0.012776633,4
72534118,0.9979965,-0.050736688,-0.002105173,0.03774327,0.99991846,1.446758e-10,-6.9717475e-11,-0.012776633,4
72595239,0.99941367,0.004754173,0.00970451,0.03248919,0.99991846,1.446758e-10,-6.9717475e-11,-0.012776633,4
72639867,0.99930257,0.029249012,0.0060282275,0.0224206,0.99991846,1.446758e-10,-6.9717475e-11,-0.012776633,4
72700537,0.9992479,0.025057407,0.012579666,0.02678767,0.99991846,1.446758e-10,-6.9717475e-11,-0.012776633,4
72748353,0.99949235,0.00048124453,0.01927815,0.02536336,0.99991846,1.446758e-10,-6.9717475e-11,-0.012776633,4
72807513,0.9990263,0.0028674789,0.02096425,0.038713686,0.99991846,1.446758e-10,-6.9717475e-11,-0.012776633,4
72853537,0.9996074,0.005758609,-0.0014907562,0.027383504,0.99991846,1.446758e-10,-6.9717475e-11,-0.012776633,4
72898614,0.9989207,-0.035870876,0.005428621,0.029004658,0.99991846,1.446758e-10,-6.9717475e-11,-0.012776633,4
72959135,0.99907446,-0.030724911,-0.023809182,0.01842315,0.99991846,1.446758e-10,-6.9717475e-11,-0.012776633,4
73004228,0.99982375,-0.012909134,0.008622299,0.010554831,0.99991846,1.446758e-10,-6.9717475e-11,-0.012776633,4
73064476,0.99981874,-0.017798537,0.0062444974,-0.0025934887,0.99991846,1.446758e-10,-6.9717475e-11,-0.012776633,4
73112030,0.99937755,-0.028662525,-0.013738415,-0.01530398,0.99991846,1.446758e-10,-6.9717475e-11,-0.012776633,4
73172363,0.997976,-0.02480707,0.036588572,-0.045714077,0.99991846,1.446758e-10,-6.9717475e-11,-0.012776633,4
73218505,0.9991349,-0.018778684,0.0047370177,-0.036804393,0.99991846,1.446758e-10,-6.9717475e-11,-0.012776633,4
73280307,0.99835205,-0.007466162,-0.032401044,-0.046773735,0.99991846,1.446758e-10,-6.9717475e-11,-0.012776633,4
73325511,0.9979636,0.0075527583,0.0059615327,-0.06305702,0.99991846,1.446758e-10,-6.9717475e-11,-0.012776633,4
73370035,0.9978674,-0.003170224,0.028258642,-0.058755897,0.99991846,1.446758e-10,-6.9717475e-11,-0.012776633,4
73431102,0.9979119,-0.010983549,-0.0145974215,-0.061952773,0.99991846,1.446758e-10,-6.9717475e-11,-0.012776633,4
73477425,0.99831426,-0.015110655,-0.0040798024,-0.055890977,0.99991846,1.446758e-10,-6.9717475e-11,-0.012776633,4
73540306,0.9980972,-0.019622674,0.008678164,-0.057807166,0.99991846,1.446758e-10,-6.9717475e-11,-0.012776633,4
73584058,0.9975618,-0.018281458,0.029169759,-0.060707003,0.99991846,1.446758e-10,-6.9717475e-11,-0.012776633,4
73645491,0.9971041,-0.025039643,0.034529243,-0.06296252,0.99991846,1.446758e-10,-6.9717475e-11,-0.012776633,4
73694305,0.9959493,-0.02520982,0.030027106,-0.080918096,0.99991846,1.446758e-10,-6.9717475e-11,-0.012776633,4
73738496,0.9939188,-0.023759069,0.045127306,-0.09759433,0.99991846,1.446758e-10,-6.9717475e-11,-0.012776633,4
73798865,0.99560297,-0.0334958,0.027829986,-0.08293544,0.99991846,1.446758e-10,-6.9717475e-11,-0.012776633,4
73843621,0.99556285,-0.02023167,0.039574455,-0.08294089,0.99991846,1.446758e-10,-6.9717475e-11,-0.012776633,4
73904485,0.98653734,0.08921539,0.096897684,-0.09693118,0.99991846,1.446758e-10,-6.9717475e-11,-0.012776633,4
73948162,0.9591549,0.17808992,0.18390168,-0.12035823,0.99991846,1.446758e-10,-6.9717475e-11,-0.012776633,4
74008468,0.8937592,0.31014252,0.29850134,-0.12610781,0.99991846,1.446758e-10,-6.9717475e-11,-0.012776633,4
74054799,0.82552433,0.40426338,0.37318084,-0.12576538,0.99991846,1.446758e-10,-6.9717475e-11,-0.012776633,4
74114130,0.71236545,0.5154381,0.45159507,-0.15139675,0.99991846,1.446758e-10,-6.9717475e-11,-0.012776633,4
74159520,0.6133781,0.6033297,0.4884993,-0.14535797,0.99991846,1.446758e-10,-6.9717475e-11,-0.012776633,4
74220326,0.51133937,0.6966917,0.4685445,-0.18335445,0.99991846,1.446758e-10,-6.9717475e-11,-0.012776633,4
74266159,0.4462371,0.74048436,0.46194604,-0.1978922,0.99991846,1.446758e-10,-6.9717475e-11,-0.012776633,4
74330299,0.3524799,0.7937515,0.44608754,-0.21615379,0.99991846,1.446758e-10,-6.9717475e-11,-0.012776633,4
74379299,0.3020036,0.81718296,0.4417641,-0.21412724,0.99991846,1.446758e-10,-6.9717475e-11,-0.012776633,4
74434299,0.24317236,0.844905,0.4264996,-0.2123695,0.99991846,1.446758e-10,-6.9717475e-11,-0.012776633,4
74479299,0.17775488,0.8594986,0.42801172,-0.21557204,0.99991846,1.446758e-10,-6.9717475e-11,-0.012776633,4
74540308,0.08157881,0.8842749,0.4065466,-0.21476233,0.99991846,1.446758e-10,-6.9717475e-11,-0.012776633,4
74586306,0.035841923,0.887516,0.40393645,-0.21878356,0.99991846,1.446758e-10,-6.9717475e-11,-0.012776633,4
74635301,0.0036866388,0.89573264,0.3847947,-0.22267127,0.99991846,1.446758e-10,-6.9717475e-11,-0.012776633,4
74695305,-0.002025718,0.90044236,0.3827112,-0.20671687,0.99991846,1.446758e-10,-6.9717475e-11,-0.012776633,4
74739306,-0.008547927,0.90437084,0.37393805,-0.20545267,0.99991846,1.446758e-10,-6.9717475e-11,-0.012776633,4
