timestamp,vel_pos_innov[0],vel_pos_innov[1],vel_pos_innov[2],vel_pos_innov[3],vel_pos_innov[4],vel_pos_innov[5],mag_innov[0],mag_innov[1],mag_innov[2],heading_innov,airspeed_innov,beta_innov,flow_innov[0],flow_innov[1],hagl_innov,vel_pos_innov_var[0],vel_pos_innov_var[1],vel_pos_innov_var[2],vel_pos_innov_var[3],vel_pos_innov_var[4],vel_pos_innov_var[5],mag_innov_var[0],mag_innov_var[1],mag_innov_var[2],heading_innov_var,airspeed_innov_var,beta_innov_var,flow_innov_var[0],flow_innov_var[1],hagl_innov_var,output_tracking_error[0],output_tracking_error[1],output_tracking_error[2],drag_innov[0],drag_innov[1],drag_innov_var[0],drag_innov_var[1],aux_vel_innov[0],aux_vel_innov[1]
29666418,-0.02845549,-0.02680574,-0.04458618,-0.042685926,0.014706794,-0.038247526,0.0,0.0,0.0,-0.004605976,0.0,0.0,0.0,0.0,0.0,0.2780118,0.27801174,0.1444658,0.2750697,0.2750697,4.0311956,0.0,0.0,0.0,0.09076938,0.0,0.0,0.0,0.0,0.0,0.0003724606,0.0034707028,0.005927844,0.0,0.0,0.0,0.0,0.0,0.0
29888323,-0.040205427,0.026349373,-0.05353933,-0.060614817,-4.4703484e-08,-0.011088133,0.0,0.0,0.0,0.0015195705,0.0,0.0,0.0,0.0,0.0,0.27875865,0.27875862,0.14455645,0.27527484,0.2752748,4.0312033,0.0,0.0,0.0,0.090766564,0.0,0.0,0.0,0.0,0.0,0.000503229,0.010850834,0.015199554,0.0,0.0,0.0,0.0,0.0,0.0
30090317,-0.046866074,0.057750646,-0.09407495,0.0645971,-0.0067256577,-0.020525694,0.0,0.0,0.0,0.0011326814,0.0,0.0,0.0,0.0,0.0,0.2764191,0.27641907,0.14443749,0.27484515,0.27484512,4.031065,0.0,0.0,0.0,0.090775244,0.0,0.0,0.0,0.0,0.0,0.0009298799,0.015542811,0.019544575,0.0,0.0,0.0,0.0,0.0,0.0
30295302,-0.018089095,0.0149639025,-0.015337016,0.01054644,-0.038457073,-0.08087772,0.0,0.0,0.0,0.013903143,0.0,0.0,0.0,0.0,0.0,0.27457955,0.2745795,0.1444446,0.2747776,0.27477756,4.03131,0.0,0.0,0.0,0.090762675,0.0,0.0,0.0,0.0,0.0,0.0005079386,0.008391213,0.013187835,0.0,0.0,0.0,0.0,0.0,0.0
30494303,0.053727664,-0.012636354,0.035744384,0.046509266,0.04855926,-0.05430299,0.0,0.0,0.0,-0.0053105233,0.0,0.0,0.0,0.0,0.0,0.2745457,0.27454564,0.14441691,0.27457443,0.2745744,4.031094,0.0,0.0,0.0,0.09076851,0.0,0.0,0.0,0.0,0.0,0.00024989014,0.006128281,0.009062415,0.0,0.0,0.0,0.0,0.0,0.0
30700311,0.053204887,-0.022136766,-0.081623845,0.037945613,0.018768864,0.113919854,0.0,0.0,0.0,0.001041562,0.0,0.0,0.0,0.0,0.0,0.27516103,0.27516097,0.14446141,0.27469155,0.27469155,4.0311723,0.0,0.0,0.0,0.09077114,0.0,0.0,0.0,0.0,0.0,0.00066912704,0.01031609,0.011821468,0.0,0.0,0.0,0.0,0.0,0.0
30901302,0.0019011479,0.03586248,0.060187116,0.048798434,0.006718673,-0.094963014,0.0,0.0,0.0,0.004563256,0.0,0.0,0.0,0.0,0.0,0.2739147,0.27391464,0.14442348,0.2751714,0.2751714,4.0312033,0.0,0.0,0.0,0.090768434,0.0,0.0,0.0,0.0,0.0,0.0003341781,0.0064131245,0.007603854,0.0,0.0,0.0,0.0,0.0,0.0
31106498,0.0024314795,-0.050618786,0.0652377,-0.035472013,0.012061944,-0.054382443,0.0,0.0,0.0,0.0035275193,0.0,0.0,0.0,0.0,0.0,0.27200645,0.27200636,0.14434366,0.27493244,0.27493244,4.0309567,0.0,0.0,0.0,0.09076296,0.0,0.0,0.0,0.0,0.0,0.00025148745,0.003351164,0.004733453,0.0,0.0,0.0,0.0,0.0,0.0
31305381,0.02399407,-0.017020414,-0.068211846,0.04570942,-0.045097034,-0.020186841,0.0,0.0,0.0,-0.0015257073,0.0,0.0,0.0,0.0,0.0,0.27176028,0.27176023,0.14430286,0.27482918,0.27482915,4.0307713,0.0,0.0,0.0,0.09076525,0.0,0.0,0.0,0.0,0.0,0.00037918918,0.004822837,0.006583195,0.0,0.0,0.0,0.0,0.0,0.0
31513348,0.06158701,-0.02496326,0.025833007,-0.033760734,-0.036910236,-0.11417258,0.0,0.0,0.0,-0.013612051,0.0,0.0,0.0,0.0,0.0,0.27266636,0.27266628,0.14433451,0.27464232,0.2746423,4.0307674,0.0,0.0,0.0,0.09076232,0.0,0.0,0.0,0.0,0.0,0.00018956694,0.003910624,0.0038704036,0.0,0.0,0.0,0.0,0.0,0.0
31717303,0.0038259034,-0.0004299665,0.07714173,0.036638945,0.02655044,-0.068327785,0.0,0.0,0.0,-0.00017804326,0.0,0.0,0.0,0.0,0.0,0.2738534,0.2738533,0.1444228,0.27459347,0.27459344,4.0302935,0.0,0.0,0.0,0.09075449,0.0,0.0,0.0,0.0,0.0,0.00035213443,0.0064916,0.007470759,0.0,0.0,0.0,0.0,0.0,0.0
31919924,-0.0027764514,-0.004517798,0.011597736,0.0057686046,0.006864682,0.037867546,0.0,0.0,0.0,0.004382178,0.0,0.0,0.0,0.0,0.0,0.2752874,0.2752873,0.14456795,0.2747387,0.27473867,4.030446,0.0,0.0,0.0,0.090748705,0.0,0.0,0.0,0.0,0.0,0.00036561917,0.005102549,0.006741438,0.0,0.0,0.0,0.0,0.0,0.0
32122309,-0.05319019,0.012684035,-0.057347808,-0.059785083,-0.0070750155,-0.08768433,0.0,0.0,0.0,-0.002382798,0.0,0.0,0.0,0.0,0.0,0.2761493,0.27614927,0.14473645,0.2748793,0.2748793,4.0303073,0.0,0.0,0.0,0.09074077,0.0,0.0,0.0,0.0,0.0,0.00041895214,0.010454656,0.011665572,0.0,0.0,0.0,0.0,0.0,0.0
32322302,-0.0035327764,-0.0075368606,-0.0074206074,-0.019485995,0.0004935041,0.01762259,0.0,0.0,0.0,-0.0034284838,0.0,0.0,0.0,0.0,0.0,0.27623263,0.2762326,0.14492352,0.2747928,0.2747928,4.0301933,0.0,0.0,0.0,0.09073278,0.0,0.0,0.0,0.0,0.0,0.00039966087,0.0068084095,0.009094566,0.0,0.0,0.0,0.0,0.0,0.0
32527541,-0.034548342,-0.017320145,-0.11917827,0.050205365,-0.07053085,-0.019594908,0.0,0.0,0.0,-0.010122774,0.0,0.0,0.0,0.0,0.0,0.27599892,0.2759989,0.14513494,0.27490798,0.27490798,4.030101,0.0,0.0,0.0,0.09072291,0.0,0.0,0.0,0.0,0.0,0.0003010449,0.009656122,0.013069165,0.0,0.0,0.0,0.0,0.0,0.0
32726303,-0.022638258,-0.028751872,0.05526383,0.036942746,0.03344,0.064579725,0.0,0.0,0.0,0.010568869,0.0,0.0,0.0,0.0,0.0,0.27519444,0.2751944,0.14533336,0.27482027,0.27482027,4.0299354,0.0,0.0,0.0,0.090714395,0.0,0.0,0.0,0.0,0.0,0.00036579734,0.008140439,0.006692502,0.0,0.0,0.0,0.0,0.0,0.0
32930315,-0.00977155,-0.028345805,0.018605258,-0.028978553,-0.04192949,-0.08246446,0.0,0.0,0.0,0.00021428941,0.0,0.0,0.0,0.0,0.0,0.27472734,0.27472728,0.14558642,0.27515003,0.27515,4.03018,0.0,0.0,0.0,0.09070626,0.0,0.0,0.0,0.0,0.0,0.00030281214,0.01085866,0.012384059,0.0,0.0,0.0,0.0,0.0,0.0
33134303,-0.029550705,-0.047664333,0.0076996656,-0.0018354133,0.06442993,0.08652353,0.0,0.0,0.0,-0.002660363,0.0,0.0,0.0,0.0,0.0,0.27360842,0.27360836,0.14578791,0.27489763,0.27489763,4.029969,0.0,0.0,0.0,0.090701364,0.0,0.0,0.0,0.0,0.0,0.00016186576,0.0058331913,0.0071445866,0.0,0.0,0.0,0.0,0.0,0.0
33339318,0.026810424,0.0058760624,-0.09700394,0.05873985,-0.05024188,0.017785072,0.0,0.0,0.0,0.0029681388,0.0,0.0,0.0,0.0,0.0,0.27291593,0.27291587,0.1460475,0.2751721,0.2751721,4.030339,0.0,0.0,0.0,0.09069446,0.0,0.0,0.0,0.0,0.0,0.00019629044,0.0050176736,0.00712412,0.0,0.0,0.0,0.0,0.0,0.0
33542302,-0.04988915,-0.001982877,0.057493024,-0.049556404,-0.008721784,-0.06859571,0.0,0.0,0.0,0.0037586994,0.0,0.0,0.0,0.0,0.0,0.27170882,0.27170876,0.1462331,0.27503374,0.27503374,4.0300922,0.0,0.0,0.0,0.09068528,0.0,0.0,0.0,0.0,0.0,0.00013444832,0.004654043,0.0068672504,0.0,0.0,0.0,0.0,0.0,0.0
33745319,-0.021155626,0.057408668,0.0001958413,-0.03744504,0.059805192,-0.10895312,0.0,0.0,0.0,0.009302923,0.0,0.0,0.0,0.0,0.0,0.27049643,0.2704964,0.14640126,0.27483174,0.27483174,4.030204,0.0,0.0,0.0,0.09067681,0.0,0.0,0.0,0.0,0.0,0.0002686394,0.010719705,0.012433032,0.0,0.0,0.0,0.0,0.0,0.0
33949299,0.010224834,0.022676498,-0.05190758,0.02917277,0.030670363,-0.05570346,0.0,0.0,0.0,0.0021929177,0.0,0.0,0.0,0.0,0.0,0.26945156,0.26945153,0.14656991,0.2746923,0.2746923,4.030437,0.0,0.0,0.0,0.09067128,0.0,0.0,0.0,0.0,0.0,0.00041926553,0.007410939,0.009410699,0.0,0.0,0.0,0.0,0.0,0.0
34150305,-0.013065167,0.00094292685,-0.030230783,0.014277525,-0.012053087,-0.108735085,0.0,0.0,0.0,0.0057243127,0.0,0.0,0.0,0.0,0.0,0.26856586,0.26856583,0.14673078,0.27471155,0.27471155,4.0305934,0.0,0.0,0.0,0.090662844,0.0,0.0,0.0,0.0,0.0,0.00033781925,0.003742674,0.0070006354,0.0,0.0,0.0,0.0,0.0,0.0
34355322,0.019428456,0.018272158,0.043789174,0.0008668434,-0.0035974681,-0.031502843,0.0,0.0,0.0,0.0017491996,0.0,0.0,0.0,0.0,0.0,0.26770338,0.2677034,0.14686646,0.27466953,0.27466953,4.0307693,0.0,0.0,0.0,0.09065573,0.0,0.0,0.0,0.0,0.0,0.00030057627,0.005725162,0.007605539,0.0,0.0,0.0,0.0,0.0,0.0
34556302,0.012168745,-0.011218275,0.021234417,0.026507912,-0.015779004,-0.11647159,0.0,0.0,0.0,-0.003961046,0.0,0.0,0.0,0.0,0.0,0.26683322,0.26683325,0.14695661,0.2744168,0.2744168,4.030888,0.0,0.0,0.0,0.09064733,0.0,0.0,0.0,0.0,0.0,0.00011339795,0.0046141297,0.0071134903,0.0,0.0,0.0,0.0,0.0,0.0
34758348,-0.030207995,0.008612554,0.10982436,-0.041002586,0.025109649,-0.06985062,0.0,0.0,0.0,-0.0046601146,0.0,0.0,0.0,0.0,0.0,0.2661657,0.26616573,0.14705396,0.274306,0.274306,4.0310745,0.0,0.0,0.0,0.090640284,0.0,0.0,0.0,0.0,0.0,8.9269226e-05,0.0057580583,0.00691624,0.0,0.0,0.0,0.0,0.0,0.0
34962427,-0.0255692,-0.013013477,-0.042953093,0.05835304,0.05518441,-0.13495487,0.0,0.0,0.0,-0.0034466994,0.0,0.0,0.0,0.0,0.0,0.265455,0.26545504,0.14708555,0.27397603,0.27397603,4.031444,0.0,0.0,0.0,0.0906333,0.0,0.0,0.0,0.0,0.0,9.831985e-05,0.003973785,0.007623639,0.0,0.0,0.0,0.0,0.0,0.0
35166303,0.07183257,-0.023439867,-0.09213145,0.033611294,-0.022980914,-0.026648402,0.0,0.0,0.0,0.007235978,0.0,0.0,0.0,0.0,0.0,0.2650153,0.2650153,0.14714494,0.27401882,0.27401882,4.0315495,0.0,0.0,0.0,0.090622105,0.0,0.0,0.0,0.0,0.0,0.00027501272,0.008451425,0.01137969,0.0,0.0,0.0,0.0,0.0,0.0
35371296,0.037857726,-0.008385913,0.033579484,0.01348404,-0.014460448,-0.073945284,0.0,0.0,0.0,-0.0022804393,0.0,0.0,0.0,0.0,0.0,0.26455617,0.2645562,0.14717601,0.27375332,0.2737533,4.0316443,0.0,0.0,0.0,0.09061425,0.0,0.0,0.0,0.0,0.0,0.00035621403,0.007259867,0.010777711,0.0,0.0,0.0,0.0,0.0,0.0
35572298,-0.02432951,0.05272478,0.08313736,0.024970861,-0.035689652,-0.007567644,0.0,0.0,0.0,0.0032243899,0.0,0.0,0.0,0.0,0.0,0.2642846,0.26428458,0.14722522,0.2736918,0.2736918,4.0317197,0.0,0.0,0.0,0.09060655,0.0,0.0,0.0,0.0,0.0,0.00019143142,0.0038352709,0.0063733235,0.0,0.0,0.0,0.0,0.0,0.0
35775296,0.011199509,0.0524386,-0.030036436,-0.033622358,0.027098231,-0.04843235,0.0,0.0,0.0,-0.0012448389,0.0,0.0,0.0,0.0,0.0,0.26401842,0.2640184,0.1472401,0.27356088,0.27356088,4.031757,0.0,0.0,0.0,0.09059898,0.0,0.0,0.0,0.0,0.0,0.0002732003,0.004530792,0.0049088653,0.0,0.0,0.0,0.0,0.0,0.0
35974374,0.0027256636,-0.010093133,0.023667784,0.025393466,0.0484884,0.060021996,0.0,0.0,0.0,-0.0066289576,0.0,0.0,0.0,0.0,0.0,0.2638711,0.26387104,0.14724001,0.27337784,0.27337784,4.0320125,0.0,0.0,0.0,0.09059331,0.0,0.0,0.0,0.0,0.0,0.00024275007,0.003909342,0.005484949,0.0,0.0,0.0,0.0,0.0,0.0
36177314,0.023032263,0.030448899,0.049209986,-0.040149838,0.0062189773,-0.0588364,0.0,0.0,0.0,-0.004668029,0.0,0.0,0.0,0.0,0.0,0.26399988,0.26399973,0.14718303,0.2731881,0.2731881,4.0320716,0.0,0.0,0.0,0.09057539,0.0,0.0,0.0,0.0,0.0,6.4050306e-05,0.0011535892,0.00268621,0.0,0.0,0.0,0.0,0.0,0.0
36382379,-0.026865238,0.022622366,-0.032846704,-0.013788809,0.03359316,-0.04015118,0.0,0.0,0.0,0.0002673366,0.0,0.0,0.0,0.0,0.0,0.26417816,0.264178,0.14715584,0.2731514,0.27315137,4.0321703,0.0,0.0,0.0,0.09056708,0.0,0.0,0.0,0.0,0.0,0.00036635055,0.005537931,0.0076712104,0.0,0.0,0.0,0.0,0.0,0.0
36582310,0.034482997,-0.0025112554,0.029686276,-0.03753238,-0.018401079,0.05974543,0.0,0.0,0.0,0.0067784837,0.0,0.0,0.0,0.0,0.0,0.2641031,0.264103,0.14715949,0.27313104,0.273131,4.0323486,0.0,0.0,0.0,0.090558045,0.0,0.0,0.0,0.0,0.0,0.0002815208,0.0008086974,0.0010061931,0.0,0.0,0.0,0.0,0.0,0.0
36789296,0.045298595,-0.0012828978,0.047672946,0.076519445,-0.015905313,-0.037168205,0.0,0.0,0.0,0.0011770427,0.0,0.0,0.0,0.0,0.0,0.26399097,0.26399085,0.14715295,0.27304065,0.27304062,4.032538,0.0,0.0,0.0,0.090555795,0.0,0.0,0.0,0.0,0.0,0.00043379527,0.0040434594,0.0050981427,0.0,0.0,0.0,0.0,0.0,0.0
36991318,-0.0034340932,0.00088947266,0.032823175,-0.026912168,0.040108994,-0.020305395,0.0,0.0,0.0,-0.0007771293,0.0,0.0,0.0,0.0,0.0,0.26561907,0.2656189,0.14683262,0.27205467,0.27205467,4.0322733,0.0,0.0,0.0,0.090552606,0.0,0.0,0.0,0.0,0.0,0.00023618396,0.0029227934,0.004865893,0.0,0.0,0.0,0.0,0.0,0.0
37195296,-0.0037488304,0.070364505,0.018070411,0.07931186,0.06365654,-0.075740695,0.0,0.0,0.0,-0.002662038,0.0,0.0,0.0,0.0,0.0,0.26746634,0.26746613,0.1463361,0.27223352,0.2722335,4.0323772,0.0,0.0,0.0,0.09054772,0.0,0.0,0.0,0.0,0.0,0.00055114535,0.005848912,0.006366358,0.0,0.0,0.0,0.0,0.0,0.0
37396296,-0.00068522996,0.025885142,-0.020325936,-0.016385479,0.006219439,-0.0194695,0.0,0.0,0.0,-0.0029383982,0.0,0.0,0.0,0.0,0.0,0.2694325,0.2694323,0.14592135,0.2725548,0.27255479,4.0322657,0.0,0.0,0.0,0.09054557,0.0,0.0,0.0,0.0,0.0,0.00061573426,0.0047678407,0.004788534,0.0,0.0,0.0,0.0,0.0,0.0
37605310,0.019550648,0.029839117,0.06708478,-0.043326683,0.059541844,-0.054321468,0.0,0.0,0.0,0.0032458482,0.0,0.0,0.0,0.0,0.0,0.27108762,0.2710875,0.14558919,0.27277225,0.2727722,4.032262,0.0,0.0,0.0,0.09053781,0.0,0.0,0.0,0.0,0.0,0.00076329935,0.008839781,0.011411746,0.0,0.0,0.0,0.0,0.0,0.0
37803327,0.0030811555,0.011062267,-0.10898449,0.059183173,-0.027034957,-0.14419693,0.0,0.0,0.0,0.0055733607,0.0,0.0,0.0,0.0,0.0,0.2725345,0.27253437,0.14528885,0.27322796,0.2732279,4.0323067,0.0,0.0,0.0,0.090533346,0.0,0.0,0.0,0.0,0.0,0.00059883576,0.0062222863,0.009010305,0.0,0.0,0.0,0.0,0.0,0.0
38010309,0.030274661,-0.0013891587,0.0344487,-0.010886965,-0.04619962,-0.012314081,0.0,0.0,0.0,0.00041134004,0.0,0.0,0.0,0.0,0.0,0.27355495,0.27355486,0.14507884,0.27366102,0.273661,4.0322556,0.0,0.0,0.0,0.090528,0.0,0.0,0.0,0.0,0.0,0.00030862866,0.0012096446,0.0037088539,0.0,0.0,0.0,0.0,0.0,0.0
38210311,-0.01798122,0.013143442,-0.094175726,0.06296117,0.03525237,0.02510035,0.0,0.0,0.0,0.005101818,0.0,0.0,0.0,0.0,0.0,0.27433187,0.2743318,0.14496803,0.27388602,0.27388597,4.0322337,0.0,0.0,0.0,0.090523206,0.0,0.0,0.0,0.0,0.0,0.00050715,0.0057893475,0.008002022,0.0,0.0,0.0,0.0,0.0,0.0
38417302,0.011741128,0.027049381,-0.0613286,0.015518475,-0.029486872,-0.029116273,0.0,0.0,0.0,0.008051165,0.0,0.0,0.0,0.0,0.0,0.27479863,0.2747986,0.14492106,0.2741772,0.27417713,4.0321774,0.0,0.0,0.0,0.090515874,0.0,0.0,0.0,0.0,0.0,0.00054525555,0.0033303157,0.0043763043,0.0,0.0,0.0,0.0,0.0,0.0
38616296,-0.057705563,0.038228706,-0.11122993,0.000854034,-0.020868525,0.015148282,0.0,0.0,0.0,0.0031209427,0.0,0.0,0.0,0.0,0.0,0.27490583,0.27490577,0.14492506,0.27425712,0.2742571,4.032006,0.0,0.0,0.0,0.09051,0.0,0.0,0.0,0.0,0.0,0.0005990818,0.008574619,0.00921119,0.0,0.0,0.0,0.0,0.0,0.0
38816296,-0.0118189845,-0.009046724,0.050630294,0.014191469,-0.0055508427,-0.08440542,0.0,0.0,0.0,0.0010935552,0.0,0.0,0.0,0.0,0.0,0.2749755,0.27497542,0.14498892,0.2747254,0.27472538,4.0318675,0.0,0.0,0.0,0.09050426,0.0,0.0,0.0,0.0,0.0,0.000467289,0.0072472743,0.008284774,0.0,0.0,0.0,0.0,0.0,0.0
39022296,-0.007957794,-0.017394386,0.083579294,0.057443485,-0.031498615,-0.00042068958,0.0,0.0,0.0,-0.0009421231,0.0,0.0,0.0,0.0,0.0,0.27435002,0.27434993,0.14508478,0.27473223,0.2747322,4.031644,0.0,0.0,0.0,0.090496674,0.0,0.0,0.0,0.0,0.0,0.0003168225,0.007838442,0.011084976,0.0,0.0,0.0,0.0,0.0,0.0
39227306,-0.035854705,-0.0072980826,0.0064514186,-0.009585209,-0.008972183,0.002761364,0.0,0.0,0.0,-0.003687763,0.0,0.0,0.0,0.0,0.0,0.27356637,0.27356628,0.14521451,0.27475488,0.27475485,4.0315504,0.0,0.0,0.0,0.09049007,0.0,0.0,0.0,0.0,0.0,0.00043107622,0.010707322,0.01352932,0.0,0.0,0.0,0.0,0.0,0.0
39427942,-0.020393915,-0.025795527,0.023090838,0.012223069,0.037598364,0.00488472,0.0,0.0,0.0,4.201132e-05,0.0,0.0,0.0,0.0,0.0,0.27261502,0.27261493,0.14537156,0.2747906,0.27479059,4.031392,0.0,0.0,0.0,0.09048593,0.0,0.0,0.0,0.0,0.0,0.00033936356,0.007950993,0.00968634,0.0,0.0,0.0,0.0,0.0,0.0
39633347,-0.015678711,0.01864652,0.053061765,-0.048404995,0.022149816,-0.007044196,0.0,0.0,0.0,-0.0008600742,0.0,0.0,0.0,0.0,0.0,0.27177897,0.27177894,0.14555176,0.27505508,0.27505505,4.031407,0.0,0.0,0.0,0.09048031,0.0,0.0,0.0,0.0,0.0,0.0002965572,0.0072315396,0.010834416,0.0,0.0,0.0,0.0,0.0,0.0
39831302,0.017088685,0.026386,-0.097823896,0.066206045,-0.029467545,0.086927295,0.0,0.0,0.0,0.0029881978,0.0,0.0,0.0,0.0,0.0,0.27058676,0.27058676,0.14573361,0.2748651,0.27486506,4.0313554,0.0,0.0,0.0,0.090475865,0.0,0.0,0.0,0.0,0.0,0.00017248823,0.0060576773,0.009033269,0.0,0.0,0.0,0.0,0.0,0.0
40037296,-0.016888672,-0.013018947,-0.082763895,-0.050496303,-0.029700238,0.0035372972,0.0,0.0,0.0,0.00024618246,0.0,0.0,0.0,0.0,0.0,0.26949605,0.26949605,0.14592044,0.2746905,0.2746905,4.031325,0.0,0.0,0.0,0.090470806,0.0,0.0,0.0,0.0,0.0,0.00019703092,0.005417826,0.008006753,0.0,0.0,0.0,0.0,0.0,0.0
40241303,-0.040849872,0.02194035,0.03985502,0.03084849,0.02115658,-0.035728335,0.0,0.0,0.0,-0.010919924,0.0,0.0,0.0,0.0,0.0,0.26850456,0.2685046,0.14612836,0.27471244,0.27471244,4.0314565,0.0,0.0,0.0,0.09046841,0.0,0.0,0.0,0.0,0.0,8.625492e-05,0.0021291953,0.002216396,0.0,0.0,0.0,0.0,0.0,0.0
40443349,0.037890457,-0.020255951,0.05621008,0.048071653,-0.03940425,0.019151568,0.0,0.0,0.0,0.0052722385,0.0,0.0,0.0,0.0,0.0,0.26746088,0.26746085,0.14630513,0.27456126,0.27456123,4.0314865,0.0,0.0,0.0,0.090463385,0.0,0.0,0.0,0.0,0.0,4.391221e-05,0.0051998897,0.007761739,0.0,0.0,0.0,0.0,0.0,0.0
40650299,-0.010940397,0.0039971825,0.058165625,-0.00073841587,-0.019658383,0.10553467,0.0,0.0,0.0,-0.00038859883,0.0,0.0,0.0,0.0,0.0,0.26661536,0.26661524,0.14647664,0.27448124,0.27448124,4.0314465,0.0,0.0,0.0,0.09045843,0.0,0.0,0.0,0.0,0.0,0.00017141164,0.0078718215,0.013383396,0.0,0.0,0.0,0.0,0.0,0.0
40849302,-0.010739103,-0.036343433,0.3437873,0.00664985,0.0069885664,-0.046151817,0.0,0.0,0.0,0.00014535084,0.0,0.0,0.0,0.0,0.0,0.26569217,0.26569203,0.14661512,0.2742948,0.2742948,4.031467,0.0,0.0,0.0,0.09045258,0.0,0.0,0.0,0.0,0.0,0.00010176696,0.01721944,0.025972255,0.0,0.0,0.0,0.0,0.0,0.0
41056309,0.007497728,-0.03347424,0.3579477,-0.055824876,-0.041774098,-0.03585899,0.0,0.0,0.0,-0.002437409,0.0,0.0,0.0,0.0,0.0,0.26497084,0.26497072,0.14672452,0.27413186,0.27413186,4.0314865,0.0,0.0,0.0,0.09044789,0.0,0.0,0.0,0.0,0.0,0.00015453009,0.023407552,0.037080355,0.0,0.0,0.0,0.0,0.0,0.0
41258322,0.02463835,-0.012200352,0.22727764,0.041863892,-0.0057512466,-0.059186637,0.0,0.0,0.0,0.014714844,0.0,0.0,0.0,0.0,0.0,0.26427674,0.26427668,0.14682902,0.27391693,0.27391693,4.0315194,0.0,0.0,0.0,0.09044272,0.0,0.0,0.0,0.0,0.0,0.00016376928,0.020193035,0.032309894,0.0,0.0,0.0,0.0,0.0,0.0
41460381,0.022725184,-0.03918416,0.12535655,-0.009905771,0.020511618,-0.07109791,0.0,0.0,0.0,-0.0036887107,0.0,0.0,0.0,0.0,0.0,0.26362127,0.26362112,0.14692499,0.2737764,0.2737764,4.0316696,0.0,0.0,0.0,0.09043733,0.0,0.0,0.0,0.0,0.0,0.000115441115,0.010316551,0.016199032,0.0,0.0,0.0,0.0,0.0,0.0
41658000,-0.030538104,-0.025724068,0.18729448,0.011848321,-0.043538213,-0.08991444,0.0,0.0,0.0,0.001511962,0.0,0.0,0.0,0.0,0.0,0.26306072,0.26306066,0.14699742,0.2737233,0.27372327,4.031679,0.0,0.0,0.0,0.09043244,0.0,0.0,0.0,0.0,0.0,0.00013371397,0.010678476,0.0146898385,0.0,0.0,0.0,0.0,0.0,0.0
41857384,-0.010358434,-0.021012526,0.13793254,-0.051412582,-0.025453107,-0.16033983,0.0,0.0,0.0,0.0011101088,0.0,0.0,0.0,0.0,0.0,0.26273844,0.26273844,0.14702383,0.27348837,0.27348837,4.0316663,0.0,0.0,0.0,0.0904305,0.0,0.0,0.0,0.0,0.0,0.00016838837,0.007430216,0.009133306,0.0,0.0,0.0,0.0,0.0,0.0
42071300,-0.0062623657,-0.030735137,-0.083874464,0.08357294,-0.058043115,-0.13236988,0.0,0.0,0.0,-0.0070259017,0.0,0.0,0.0,0.0,0.0,0.26177967,0.2617798,0.14709252,0.27371445,0.27371442,4.0316367,0.0,0.0,0.0,0.09615254,0.0,0.0,0.0,0.0,0.0,0.0035908602,0.010615337,0.01817827,0.0,0.0,0.0,0.0,0.0,0.0
42264849,0.014605863,-0.03252631,-0.02200079,-0.0027887858,0.039334156,-0.20861685,0.0,0.0,0.0,0.0035642912,0.0,0.0,0.0,0.0,0.0,0.2610391,0.2610395,0.14711118,0.27350232,0.27350232,4.0328875,0.0,0.0,0.0,0.09436353,0.0,0.0,0.0,0.0,0.0,0.004681432,0.018012287,0.028581392,0.0,0.0,0.0,0.0,0.0,0.0
42464763,0.0151138585,0.01669104,-0.03021264,0.02206444,0.01351034,-0.011993527,0.0,0.0,0.0,0.0020128929,0.0,0.0,0.0,0.0,0.0,0.26106852,0.2610684,0.14710212,0.2731634,0.2731634,4.033806,0.0,0.0,0.0,0.09338087,0.0,0.0,0.0,0.0,0.0,0.0036016968,0.02292277,0.036738027,0.0,0.0,0.0,0.0,0.0,0.0
42674276,-0.022023154,0.014447069,-0.056223392,-0.032057017,0.034106113,-0.27186263,0.0,0.0,0.0,0.011440237,0.0,0.0,0.0,0.0,0.0,0.2616694,0.26167047,0.14711796,0.27298,0.27298003,4.034809,0.0,0.0,0.0,0.09293989,0.0,0.0,0.0,0.0,0.0,0.0014391148,0.023556251,0.04119515,0.0,0.0,0.0,0.0,0.0,0.0
42871154,-0.0038943756,0.019866394,-0.028270006,0.0026018734,0.0053103603,-0.13636863,0.0,0.0,0.0,-0.0005824091,0.0,0.0,0.0,0.0,0.0,0.26212642,0.2621283,0.14713398,0.27292022,0.27292025,4.0359187,0.0,0.0,0.0,0.0925279,0.0,0.0,0.0,0.0,0.0,0.0008657284,0.020161465,0.038006905,0.0,0.0,0.0,0.0,0.0,0.0
43085348,0.0056270175,-0.028786838,-0.09614372,0.05334562,0.032098066,-0.1627208,0.0,0.0,0.0,0.010938032,0.0,0.0,0.0,0.0,0.0,0.26313022,0.26313162,0.14708164,0.2726664,0.27266648,4.037046,0.0,0.0,0.0,0.0922175,0.0,0.0,0.0,0.0,0.0,0.0006565771,0.022073856,0.043263778,0.0,0.0,0.0,0.0,0.0,0.0
43281925,-0.01788942,0.031061862,-0.0317173,-0.023414288,-0.064284146,-0.1456958,0.0,0.0,0.0,-0.011989057,0.0,0.0,0.0,0.0,0.0,0.26423544,0.26423648,0.14708675,0.2726423,0.27264243,4.0378036,0.0,0.0,0.0,0.09201938,0.0,0.0,0.0,0.0,0.0,0.0009985699,0.017223837,0.034682002,0.0,0.0,0.0,0.0,0.0,0.0
43479093,0.012258403,-0.008697639,-0.08483124,-0.05033339,0.013696907,-0.027036786,0.0,0.0,0.0,-0.002465216,0.0,0.0,0.0,0.0,0.0,0.26526934,0.26526928,0.14705826,0.2727159,0.27271605,4.039082,0.0,0.0,0.0,0.09181679,0.0,0.0,0.0,0.0,0.0,0.00067291746,0.018105082,0.03559148,0.0,0.0,0.0,0.0,0.0,0.0
43693080,-0.023050614,-0.035744756,-0.023510695,-0.021810867,0.017318733,-0.20891011,0.0,0.0,0.0,-0.008240681,0.0,0.0,0.0,0.0,0.0,0.2660613,0.2660612,0.14701043,0.2727781,0.27277818,4.0395827,0.0,0.0,0.0,0.09165121,0.0,0.0,0.0,0.0,0.0,0.0004654746,0.016883235,0.035258647,0.0,0.0,0.0,0.0,0.0,0.0
43894306,0.01677366,0.021836739,-0.10540676,-0.038805872,0.008560411,-0.23400366,0.0,0.0,0.0,0.010038852,0.0,0.0,0.0,0.0,0.0,0.26659006,0.26659012,0.14697616,0.27300867,0.2730087,4.04023,0.0,0.0,0.0,0.091539316,0.0,0.0,0.0,0.0,0.0,0.0003587235,0.016628325,0.03454013,0.0,0.0,0.0,0.0,0.0,0.0
44090188,-0.039923124,0.0022352862,-0.0034766197,0.0535879,-0.046234086,-0.016638398,0.0,0.0,0.0,-0.003548683,0.0,0.0,0.0,0.0,0.0,0.26689234,0.26689285,0.14693663,0.273247,0.273247,4.041259,0.0,0.0,0.0,0.09141934,0.0,0.0,0.0,0.0,0.0,0.0004997301,0.010657793,0.021400388,0.0,0.0,0.0,0.0,0.0,0.0
44290355,-0.0022848882,-0.029754383,0.010579824,-0.009285856,-0.086248055,-0.14570343,0.0,0.0,0.0,0.00073846197,0.0,0.0,0.0,0.0,0.0,0.2669618,0.2669624,0.14689371,0.27347073,0.27347073,4.0422173,0.0,0.0,0.0,0.09133613,0.0,0.0,0.0,0.0,0.0,0.00049380586,0.0104843285,0.019628396,0.0,0.0,0.0,0.0,0.0,0.0
44504296,0.00580859,-0.032235365,0.008667946,0.039616834,0.037332296,-0.13086379,0.0,0.0,0.0,-0.0019238715,0.0,0.0,0.0,0.0,0.0,0.2667688,0.26676986,0.14688614,0.27374128,0.27374128,4.043148,0.0,0.0,0.0,0.09124521,0.0,0.0,0.0,0.0,0.0,0.00036864443,0.0061198813,0.012599817,0.0,0.0,0.0,0.0,0.0,0.0
44701931,0.033967763,-0.018609084,-0.06888604,0.06418649,-0.050282456,-0.17424643,0.0,0.0,0.0,0.012882064,0.0,0.0,0.0,0.0,0.0,0.26645115,0.26645166,0.1468202,0.2739144,0.27391443,4.043373,0.0,0.0,0.0,0.09116591,0.0,0.0,0.0,0.0,0.0,0.00048463928,0.009681966,0.0142147085,0.0,0.0,0.0,0.0,0.0,0.0
44899698,0.045658384,-0.026450615,-0.07471514,-0.030033793,-0.04450125,-0.1710316,0.0,0.0,0.0,-0.01221756,0.0,0.0,0.0,0.0,0.0,0.2662375,0.26623768,0.14681788,0.2740057,0.27400574,4.04376,0.0,0.0,0.0,0.09110969,0.0,0.0,0.0,0.0,0.0,0.00052922557,0.007944782,0.011597456,0.0,0.0,0.0,0.0,0.0,0.0
45113434,0.08331218,-0.006182053,-0.10883021,0.061689466,0.0113142915,-0.09326899,0.0,0.0,0.0,0.008573073,0.0,0.0,0.0,0.0,0.0,0.26574054,0.26574045,0.1467726,0.27403808,0.27403814,4.044146,0.0,0.0,0.0,0.091046706,0.0,0.0,0.0,0.0,0.0,0.0006302915,0.01097242,0.015567666,0.0,0.0,0.0,0.0,0.0,0.0
45312301,-0.0015212873,-0.055392593,0.045423985,0.036049828,0.027958872,-0.16297877,0.0,0.0,0.0,0.0053631803,0.0,0.0,0.0,0.0,0.0,0.26521558,0.26521456,0.14674386,0.27414694,0.27414697,4.0448403,0.0,0.0,0.0,0.09099081,0.0,0.0,0.0,0.0,0.0,0.0005367121,0.0073418478,0.012255315,0.0,0.0,0.0,0.0,0.0,0.0
45509241,-0.024202548,0.001907602,-0.014664412,-0.029242009,0.00414183,-0.11441004,0.0,0.0,0.0,-0.0068025882,0.0,0.0,0.0,0.0,0.0,0.26465905,0.26465765,0.14673324,0.2741191,0.27411908,4.045047,0.0,0.0,0.0,0.09095038,0.0,0.0,0.0,0.0,0.0,0.00047555985,0.005186754,0.009078944,0.0,0.0,0.0,0.0,0.0,0.0
45723740,-0.019740552,-0.033585597,-0.023427248,0.05199662,-0.027637143,-0.14663756,0.0,0.0,0.0,-0.0046184855,0.0,0.0,0.0,0.0,0.0,0.2641304,0.26412818,0.14670134,0.2740977,0.27409762,4.0456634,0.0,0.0,0.0,0.09090446,0.0,0.0,0.0,0.0,0.0,0.0004304371,0.0024837907,0.005307,0.0,0.0,0.0,0.0,0.0,0.0
45926384,0.032048594,-0.04929033,-0.19505548,-0.046131838,-0.026900105,-0.064205766,0.0,0.0,0.0,-0.006325989,0.0,0.0,0.0,0.0,0.0,0.2635589,0.26355618,0.14667405,0.27406558,0.2740654,4.045822,0.0,0.0,0.0,0.090870954,0.0,0.0,0.0,0.0,0.0,0.00061696296,0.008384629,0.013562752,0.0,0.0,0.0,0.0,0.0,0.0
46127305,0.053756192,0.014847282,-0.39709115,-0.016527068,-0.05479304,-0.02597773,0.0,0.0,0.0,0.0013753126,0.0,0.0,0.0,0.0,0.0,0.26275563,0.2627536,0.1466767,0.27399266,0.27399242,4.0466785,0.0,0.0,0.0,0.090840004,0.0,0.0,0.0,0.0,0.0,0.0008243352,0.026418298,0.046102423,0.0,0.0,0.0,0.0,0.0,0.0
46325300,0.006395275,-0.012314927,-0.26870155,0.04803842,0.03936072,-0.0051819086,0.0,0.0,0.0,0.01063819,0.0,0.0,0.0,0.0,0.0,0.2619413,0.26193982,0.14662969,0.27387688,0.27387658,4.0465865,0.0,0.0,0.0,0.09080423,0.0,0.0,0.0,0.0,0.0,0.000832997,0.029089173,0.053362582,0.0,0.0,0.0,0.0,0.0,0.0
46526363,0.007268713,-0.032443773,-0.09790945,0.005460702,-0.020261452,-0.07412493,0.0,0.0,0.0,-0.0042881067,0.0,0.0,0.0,0.0,0.0,0.26132903,0.26132813,0.1466303,0.27364677,0.27364644,4.0469837,0.0,0.0,0.0,0.09077178,0.0,0.0,0.0,0.0,0.0,0.0006361855,0.017382799,0.033309706,0.0,0.0,0.0,0.0,0.0,0.0
46727796,-0.008798106,0.03722263,-0.11241293,0.060022607,0.03914126,0.107077956,0.0,0.0,0.0,0.010794281,0.0,0.0,0.0,0.0,0.0,0.26113,0.2611292,0.1466177,0.27362043,0.27362007,4.047092,0.0,0.0,0.0,0.09074784,0.0,0.0,0.0,0.0,0.0,0.0005196013,0.007397562,0.01348479,0.0,0.0,0.0,0.0,0.0,0.0
46939999,0.06651105,-0.044415615,-0.101650536,-0.035502326,-0.041298546,0.09865606,0.0,0.0,0.0,-0.014441215,0.0,0.0,0.0,0.0,0.0,0.2608052,0.26080504,0.14663748,0.27350312,0.27350283,4.0475583,0.0,0.0,0.0,0.09072013,0.0,0.0,0.0,0.0,0.0,0.0002839235,0.0012390759,0.0024968043,0.0,0.0,0.0,0.0,0.0,0.0
47139385,0.014777218,-0.07771257,0.010537565,0.0568631,-0.0012744796,0.17568243,0.0,0.0,0.0,-0.00070674415,0.0,0.0,0.0,0.0,0.0,0.26049772,0.260498,0.14661609,0.2732854,0.27328512,4.0475283,0.0,0.0,0.0,0.09069952,0.0,0.0,0.0,0.0,0.0,0.00042845722,0.0073427595,0.020087074,0.0,0.0,0.0,0.0,0.0,0.0
47337487,-0.0040363576,-0.016868996,-0.009715736,-0.020296078,-0.0069953017,-0.010079026,0.0,0.0,0.0,-0.008456669,0.0,0.0,0.0,0.0,0.0,0.26024345,0.26024452,0.14659515,0.27307147,0.27307126,4.0475144,0.0,0.0,0.0,0.090680204,0.0,0.0,0.0,0.0,0.0,0.0004933709,0.008015392,0.023139378,0.0,0.0,0.0,0.0,0.0,0.0
47533562,0.032493062,-0.0018571271,-0.09407401,0.03467093,-0.040784582,-0.008940339,0.0,0.0,0.0,0.00396318,0.0,0.0,0.0,0.0,0.0,0.26003927,0.26004085,0.14660223,0.2728756,0.27287555,4.047819,0.0,0.0,0.0,0.090657696,0.0,0.0,0.0,0.0,0.0,0.00043727338,0.0063966205,0.02116076,0.0,0.0,0.0,0.0,0.0,0.0
47745990,0.040007852,-0.0061890474,0.039817125,-0.013520006,-0.06089878,0.1549238,0.0,0.0,0.0,0.0013449028,0.0,0.0,0.0,0.0,0.0,0.2599006,0.25990206,0.14658527,0.27269852,0.27269858,4.047762,0.0,0.0,0.0,0.09063666,0.0,0.0,0.0,0.0,0.0,0.0004571433,0.0077132396,0.024941,0.0,0.0,0.0,0.0,0.0,0.0
47942079,-0.00031493232,-0.03146963,0.055451542,0.049291838,-0.0022565909,-0.033996224,0.0,0.0,0.0,-0.002426008,0.0,0.0,0.0,0.0,0.0,0.25975984,0.25976095,0.14653985,0.2724908,0.27249098,4.0474186,0.0,0.0,0.0,0.090616964,0.0,0.0,0.0,0.0,0.0,0.00048722548,0.010728181,0.03042162,0.0,0.0,0.0,0.0,0.0,0.0
48154177,0.048385262,0.017610367,-0.020522177,0.008980088,-0.008491281,-0.0042368174,0.0,0.0,0.0,-0.0063017067,0.0,0.0,0.0,0.0,0.0,0.25970006,0.2597014,0.14655538,0.2723454,0.27234566,4.048045,0.0,0.0,0.0,0.09060244,0.0,0.0,0.0,0.0,0.0,0.0003361178,0.0060599903,0.021369379,0.0,0.0,0.0,0.0,0.0,0.0
48351998,0.026220953,-0.0019292766,0.079247385,0.05510059,0.02305842,0.117182136,0.0,0.0,0.0,-0.016871465,0.0,0.0,0.0,0.0,0.0,0.2596482,0.25964928,0.14654455,0.27221382,0.27221414,4.047589,0.0,0.0,0.0,0.0905854,0.0,0.0,0.0,0.0,0.0,0.00038211734,0.011718269,0.031478297,0.0,0.0,0.0,0.0,0.0,0.0
48549637,0.02350779,0.009563552,0.017043158,0.01974393,0.021414312,0.1947397,0.0,0.0,0.0,0.010090888,0.0,0.0,0.0,0.0,0.0,0.25963926,0.25964,0.14653906,0.27211654,0.2721169,4.047948,0.0,0.0,0.0,0.09056916,0.0,0.0,0.0,0.0,0.0,0.000435496,0.011186366,0.030223208,0.0,0.0,0.0,0.0,0.0,0.0
48762600,-0.004453916,-0.004443804,0.012186125,0.05769596,0.0503989,0.15576398,0.0,0.0,0.0,-0.0036476343,0.0,0.0,0.0,0.0,0.0,0.25965112,0.25965157,0.14651357,0.2720471,0.27204743,4.047638,0.0,0.0,0.0,0.09055396,0.0,0.0,0.0,0.0,0.0,0.00048318706,0.010291857,0.026987279,0.0,0.0,0.0,0.0,0.0,0.0
48958730,-0.007381037,-0.021518882,0.0007202625,0.056676224,0.01693518,0.060317397,0.0,0.0,0.0,-0.00180671,0.0,0.0,0.0,0.0,0.0,0.25965878,0.259659,0.14652528,0.27201393,0.27201426,4.047584,0.0,0.0,0.0,0.09054278,0.0,0.0,0.0,0.0,0.0,0.00039062797,0.0074931863,0.020952474,0.0,0.0,0.0,0.0,0.0,0.0
49157386,0.009200422,0.0030043311,0.09201963,-0.01740034,-0.042798042,0.108168006,0.0,0.0,0.0,-8.362462e-05,0.0,0.0,0.0,0.0,0.0,0.2596906,0.25969076,0.14651054,0.2718712,0.27187148,4.0471754,0.0,0.0,0.0,0.09052919,0.0,0.0,0.0,0.0,0.0,0.0003566798,0.009861406,0.025605801,0.0,0.0,0.0,0.0,0.0,0.0
49371171,-0.034363348,-0.00913799,-0.068764225,0.059355624,-0.041208204,0.16400945,0.0,0.0,0.0,0.0059891315,0.0,0.0,0.0,0.0,0.0,0.2597153,0.25971544,0.14648888,0.2718303,0.27183053,4.047219,0.0,0.0,0.0,0.09051407,0.0,0.0,0.0,0.0,0.0,0.00025401698,0.005310805,0.016589148,0.0,0.0,0.0,0.0,0.0,0.0
49569296,-0.0071552955,-0.006066421,0.08842184,0.015655098,0.024555963,0.011236548,0.0,0.0,0.0,0.003966337,0.0,0.0,0.0,0.0,0.0,0.25979483,0.2597949,0.14649059,0.2717957,0.27179587,4.0468683,0.0,0.0,0.0,0.09050463,0.0,0.0,0.0,0.0,0.0,0.000102171005,0.00558064,0.01572883,0.0,0.0,0.0,0.0,0.0,0.0
49767307,0.008982597,0.027612764,0.041435897,0.0017219298,-0.03332798,0.12560403,0.0,0.0,0.0,-0.002522746,0.0,0.0,0.0,0.0,0.0,0.25984678,0.25984693,0.14651674,0.2717801,0.27178025,4.047145,0.0,0.0,0.0,0.09049372,0.0,0.0,0.0,0.0,0.0,0.00011450953,0.008436224,0.020294433,0.0,0.0,0.0,0.0,0.0,0.0
49979306,-0.005236756,0.003913857,0.08815183,0.031742766,-0.040615648,0.16233289,0.0,0.0,0.0,-0.00912927,0.0,0.0,0.0,0.0,0.0,0.25990427,0.2599043,0.14651957,0.27179086,0.271791,4.0470953,0.0,0.0,0.0,0.09048545,0.0,0.0,0.0,0.0,0.0,0.00014228912,0.010176029,0.02377721,0.0,0.0,0.0,0.0,0.0,0.0
50177301,-0.017530207,0.010277076,-0.0026430506,0.070092574,0.036806583,0.0017932653,0.0,0.0,0.0,0.008862682,0.0,0.0,0.0,0.0,0.0,0.26000267,0.26000252,0.14652818,0.2718397,0.27183983,4.0474963,0.0,0.0,0.0,0.09047528,0.0,0.0,0.0,0.0,0.0,0.00015484063,0.007287384,0.016722435,0.0,0.0,0.0,0.0,0.0,0.0
50375720,-0.020116786,0.031275436,0.041335333,-0.06359401,0.031855494,0.1551317,0.0,0.0,0.0,-0.0043803737,0.0,0.0,0.0,0.0,0.0,0.26000947,0.26000902,0.14652328,0.27181262,0.27181274,4.047081,0.0,0.0,0.0,0.09046606,0.0,0.0,0.0,0.0,0.0,0.00016635316,0.009597034,0.021819608,0.0,0.0,0.0,0.0,0.0,0.0
50588569,0.048050895,0.023614855,0.014843837,0.061648466,-0.046582058,-0.024976373,0.0,0.0,0.0,0.010047156,0.0,0.0,0.0,0.0,0.0,0.2600707,0.26006985,0.14652812,0.27186438,0.27186447,4.0477076,0.0,0.0,0.0,0.09045908,0.0,0.0,0.0,0.0,0.0,8.2167804e-05,0.0034517618,0.008970852,0.0,0.0,0.0,0.0,0.0,0.0
50788789,0.02570134,0.054402914,0.080554284,-0.025063882,-0.015366958,0.14914644,0.0,0.0,0.0,0.0035223356,0.0,0.0,0.0,0.0,0.0,0.26012936,0.2601287,0.14655417,0.2719076,0.27190763,4.047979,0.0,0.0,0.0,0.09045079,0.0,0.0,0.0,0.0,0.0,0.00014636369,0.0077570863,0.016867978,0.0,0.0,0.0,0.0,0.0,0.0
50988103,0.020687187,0.036492757,-0.035568587,0.022720357,-0.0074093323,0.0075238943,0.0,0.0,0.0,0.0012186846,0.0,0.0,0.0,0.0,0.0,0.26015103,0.26015037,0.14653893,0.27190918,0.27190915,4.047585,0.0,0.0,0.0,0.090444274,0.0,0.0,0.0,0.0,0.0,0.0003212895,0.0027264012,0.0057270424,0.0,0.0,0.0,0.0,0.0,0.0
51201744,0.009718571,0.08286707,-0.08579272,-0.040751837,-0.019691883,0.14037645,0.0,0.0,0.0,0.00036095132,0.0,0.0,0.0,0.0,0.0,0.26019052,0.26018983,0.14653562,0.2719195,0.27191943,4.047833,0.0,0.0,0.0,0.09043681,0.0,0.0,0.0,0.0,0.0,0.0003245517,0.0049154987,0.008145416,0.0,0.0,0.0,0.0,0.0,0.0
51398384,-0.0118304975,0.026901951,-0.07388319,0.03538207,0.026530355,-0.022545457,0.0,0.0,0.0,0.0039511146,0.0,0.0,0.0,0.0,0.0,0.2602533,0.26025313,0.14656182,0.27198112,0.271981,4.047785,0.0,0.0,0.0,0.09043115,0.0,0.0,0.0,0.0,0.0,0.00039876407,0.007041989,0.011827314,0.0,0.0,0.0,0.0,0.0,0.0
51598335,-0.040299427,3.1087548e-05,0.04151728,0.0115887225,0.031007629,0.07932794,0.0,0.0,0.0,-0.00746546,0.0,0.0,0.0,0.0,0.0,0.260277,0.26027662,0.1465491,0.27195513,0.27195498,4.0479054,0.0,0.0,0.0,0.090424374,0.0,0.0,0.0,0.0,0.0,0.00034728323,0.004563574,0.008323587,0.0,0.0,0.0,0.0,0.0,0.0
51809260,0.0011510514,0.01419979,-0.017135296,-0.0021074908,-0.016778126,0.17410886,0.0,0.0,0.0,0.0003312419,0.0,0.0,0.0,0.0,0.0,0.26032028,0.26032037,0.14652734,0.27187446,0.27187428,4.047757,0.0,0.0,0.0,0.09041923,0.0,0.0,0.0,0.0,0.0,0.00033391317,0.0033020505,0.0056913854,0.0,0.0,0.0,0.0,0.0,0.0
52008327,-0.010728087,0.0075673074,0.008497691,-0.022945719,-0.03514865,-0.0042654276,0.0,0.0,0.0,-0.006291838,0.0,0.0,0.0,0.0,0.0,0.26032484,0.26032495,0.14649253,0.27184847,0.27184832,4.0470405,0.0,0.0,0.0,0.09041101,0.0,0.0,0.0,0.0,0.0,0.00029559582,0.0037373684,0.0064939754,0.0,0.0,0.0,0.0,0.0,0.0
52204481,-0.01234846,0.031277888,-0.0076986626,-0.007836859,0.00507674,0.06433523,0.0,0.0,0.0,-0.0020981748,0.0,0.0,0.0,0.0,0.0,0.2603562,0.260356,0.14652294,0.271914,0.2719139,4.047656,0.0,0.0,0.0,0.09040645,0.0,0.0,0.0,0.0,0.0,0.00035824362,0.005768357,0.010098216,0.0,0.0,0.0,0.0,0.0,0.0
52417622,-0.022875676,0.025377799,0.08761302,-0.008415799,-0.027380394,0.12160432,0.0,0.0,0.0,-0.004465203,0.0,0.0,0.0,0.0,0.0,0.26034933,0.26034907,0.14650889,0.27184674,0.27184662,4.047512,0.0,0.0,0.0,0.09040075,0.0,0.0,0.0,0.0,0.0,0.00035102546,0.004149002,0.006147835,0.0,0.0,0.0,0.0,0.0,0.0
52616300,-0.005888371,0.059575193,0.03156707,-0.004626762,-0.005394377,0.13734949,0.0,0.0,0.0,0.005217164,0.0,0.0,0.0,0.0,0.0,0.26036543,0.26036498,0.14651947,0.2719433,0.27194315,4.047137,0.0,0.0,0.0,0.09039562,0.0,0.0,0.0,0.0,0.0,0.00038083305,0.0051192087,0.0077776024,0.0,0.0,0.0,0.0,0.0,0.0
52813580,2.3015775e-05,-0.01456271,-0.009012636,-0.020161761,-0.038028724,-0.008762956,0.0,0.0,0.0,0.009810519,0.0,0.0,0.0,0.0,0.0,0.2604016,0.26040134,0.14652885,0.27201954,0.2720194,4.047508,0.0,0.0,0.0,0.090390295,0.0,0.0,0.0,0.0,0.0,0.0003471495,0.0047525438,0.0093497215,0.0,0.0,0.0,0.0,0.0,0.0
53014306,0.038345776,0.02967892,-0.013044786,0.026883826,0.00155361,0.058965087,0.0,0.0,0.0,-0.00623029,0.0,0.0,0.0,0.0,0.0,0.2603893,0.26038903,0.14651482,0.27201584,0.2720157,4.0474505,0.0,0.0,0.0,0.090386614,0.0,0.0,0.0,0.0,0.0,0.00019862241,0.0012175764,0.00394064,0.0,0.0,0.0,0.0,0.0,0.0
53224301,-0.025779696,-0.025335101,0.02181866,-0.023259567,0.07006924,0.16166818,0.0,0.0,0.0,-0.0070122643,0.0,0.0,0.0,0.0,0.0,0.26039216,0.260392,0.1465343,0.2720108,0.27201065,4.047621,0.0,0.0,0.0,0.09038222,0.0,0.0,0.0,0.0,0.0,0.00011729263,0.0020489674,0.0049027046,0.0,0.0,0.0,0.0,0.0,0.0
53422597,-0.009372878,0.0221306,0.062097915,-0.021560341,-0.030978533,0.115043044,0.0,0.0,0.0,-0.0012678875,0.0,0.0,0.0,0.0,0.0,0.26039934,0.2603993,0.14653899,0.2720709,0.27207077,4.047571,0.0,0.0,0.0,0.0903789,0.0,0.0,0.0,0.0,0.0,0.00023536451,0.0039539468,0.007669366,0.0,0.0,0.0,0.0,0.0,0.0
53620951,-0.039314117,0.033123642,-0.027165696,0.012378646,0.0672396,0.16320646,0.0,0.0,0.0,-0.00015846535,0.0,0.0,0.0,0.0,0.0,0.2603611,0.2603611,0.14652637,0.27202997,0.27202988,4.047479,0.0,0.0,0.0,0.09037572,0.0,0.0,0.0,0.0,0.0,0.00037262085,0.004054466,0.007921918,0.0,0.0,0.0,0.0,0.0,0.0
53833896,0.025913404,-0.041142408,0.08792048,-0.037617467,0.023710262,0.0810045,0.0,0.0,0.0,-0.011545248,0.0,0.0,0.0,0.0,0.0,0.26034814,0.26034796,0.14655143,0.2720713,0.27207118,4.0476766,0.0,0.0,0.0,0.090371944,0.0,0.0,0.0,0.0,0.0,0.0003255352,0.004723152,0.010341583,0.0,0.0,0.0,0.0,0.0,0.0
54034310,-0.027348118,0.0015581269,0.0880319,-0.0061517693,-0.00317467,0.005896926,0.0,0.0,0.0,0.0080870595,0.0,0.0,0.0,0.0,0.0,0.26038194,0.26038185,0.14655906,0.27216125,0.27216116,4.0476084,0.0,0.0,0.0,0.09036909,0.0,0.0,0.0,0.0,0.0,0.00024174376,0.005211204,0.0096761305,0.0,0.0,0.0,0.0,0.0,0.0
54243691,-0.021846915,0.017735366,-0.024105407,0.014277059,-0.02735279,0.03548181,0.0,0.0,0.0,-0.010239729,0.0,0.0,0.0,0.0,0.0,0.2604415,0.26044145,0.14654094,0.27209082,0.27209073,4.047493,0.0,0.0,0.0,0.09036541,0.0,0.0,0.0,0.0,0.0,0.00017483048,0.0027470544,0.0055714054,0.0,0.0,0.0,0.0,0.0,0.0
54442062,-0.022879824,0.0047558416,0.038309857,-0.053366967,0.030958287,0.0705179,0.0,0.0,0.0,0.00023562956,0.0,0.0,0.0,0.0,0.0,0.26042998,0.2604301,0.14652349,0.27202412,0.27202407,4.047601,0.0,0.0,0.0,0.09036218,0.0,0.0,0.0,0.0,0.0,0.0002723909,0.0038035414,0.0054497765,0.0,0.0,0.0,0.0,0.0,0.0
54639566,-0.0378571,0.014312681,0.07568844,0.013080629,0.04916886,0.01853025,0.0,0.0,0.0,0.0113835465,0.0,0.0,0.0,0.0,0.0,0.2604289,0.26042902,0.14655237,0.2721034,0.27210334,4.0472765,0.0,0.0,0.0,0.09035861,0.0,0.0,0.0,0.0,0.0,0.00039881156,0.0053622527,0.008697471,0.0,0.0,0.0,0.0,0.0,0.0
54850015,-0.01714289,-0.004049102,0.11672348,0.003184609,-0.051942885,0.11824262,0.0,0.0,0.0,-0.0024862362,0.0,0.0,0.0,0.0,0.0,0.26042855,0.26042864,0.14652331,0.27209613,0.2720961,4.047807,0.0,0.0,0.0,0.09035631,0.0,0.0,0.0,0.0,0.0,0.00032020643,0.006112236,0.008948982,0.0,0.0,0.0,0.0,0.0,0.0
55047928,-0.028094316,-0.004870681,0.039483458,0.042330313,-0.031939834,0.043464065,0.0,0.0,0.0,0.002227072,0.0,0.0,0.0,0.0,0.0,0.2604128,0.26041293,0.14654236,0.2720897,0.2720897,4.0479965,0.0,0.0,0.0,0.0903536,0.0,0.0,0.0,0.0,0.0,0.00033116076,0.005045185,0.008497649,0.0,0.0,0.0,0.0,0.0,0.0
55243958,0.041595474,0.01764678,0.011070192,-0.005382754,-0.0008550539,-0.062489152,0.0,0.0,0.0,0.0010891733,0.0,0.0,0.0,0.0,0.0,0.26041314,0.2604132,0.14652793,0.27208754,0.27208757,4.0475855,0.0,0.0,0.0,0.090350464,0.0,0.0,0.0,0.0,0.0,0.00018051839,0.0021645273,0.004775805,0.0,0.0,0.0,0.0,0.0,0.0
55457310,0.021430641,-0.024268156,0.054672718,-0.036058,0.04861334,0.05931604,0.0,0.0,0.0,-0.0037079153,0.0,0.0,0.0,0.0,0.0,0.26036203,0.260362,0.14652522,0.27207887,0.2720789,4.0469737,0.0,0.0,0.0,0.09034721,0.0,0.0,0.0,0.0,0.0,1.3549297e-05,0.002193365,0.003914951,0.0,0.0,0.0,0.0,0.0,0.0
55653597,0.04291697,0.030446433,0.08884665,0.043262973,0.0056863613,-0.10148299,0.0,0.0,0.0,0.012299035,0.0,0.0,0.0,0.0,0.0,0.2603402,0.26034,0.14650641,0.27209353,0.2720936,4.047233,0.0,0.0,0.0,0.09034497,0.0,0.0,0.0,0.0,0.0,0.00016268247,0.004758876,0.006393874,0.0,0.0,0.0,0.0,0.0,0.0
55853325,-0.0023078043,-0.008899194,-0.0691175,-0.025211584,-0.02991454,-0.073479295,0.0,0.0,0.0,-0.0011505901,0.0,0.0,0.0,0.0,0.0,0.26034248,0.26034218,0.14653262,0.27210832,0.27210838,4.0471735,0.0,0.0,0.0,0.09034329,0.0,0.0,0.0,0.0,0.0,0.0001791634,0.0046382234,0.009965645,0.0,0.0,0.0,0.0,0.0,0.0
56063404,0.0033973716,0.027600707,-0.1381468,0.060602896,-0.003989276,0.011214614,0.0,0.0,0.0,0.010702737,0.0,0.0,0.0,0.0,0.0,0.26022622,0.2602261,0.14654578,0.27219075,0.2721908,4.0474806,0.0,0.0,0.0,0.09034132,0.0,0.0,0.0,0.0,0.0,0.00018519037,0.010886075,0.020730026,0.0,0.0,0.0,0.0,0.0,0.0
56259400,0.012684025,-0.010898731,-0.010471348,-0.008887795,0.0010654319,-0.06506884,0.0,0.0,0.0,-0.0034928531,0.0,0.0,0.0,0.0,0.0,0.26012644,0.26012608,0.14654414,0.2721745,0.27217457,4.0474067,0.0,0.0,0.0,0.090339825,0.0,0.0,0.0,0.0,0.0,0.00014342413,0.007237109,0.016232723,0.0,0.0,0.0,0.0,0.0,0.0
56472363,0.017956935,-0.013551093,-0.023297515,-0.03188248,0.030068668,0.05692804,0.0,0.0,0.0,0.000682313,0.0,0.0,0.0,0.0,0.0,0.26006907,0.2600686,0.14656137,0.27213317,0.2721332,4.047297,0.0,0.0,0.0,0.09033774,0.0,0.0,0.0,0.0,0.0,0.00017019683,0.0066945697,0.014949951,0.0,0.0,0.0,0.0,0.0,0.0
56669989,-0.014641324,0.0063645756,0.02197521,-0.044097733,-0.007993951,-0.039756417,0.0,0.0,0.0,0.004983254,0.0,0.0,0.0,0.0,0.0,0.26007277,0.26007238,0.14653617,0.27211335,0.27211332,4.0472603,0.0,0.0,0.0,0.090335794,0.0,0.0,0.0,0.0,0.0,7.38648e-05,0.0039373953,0.010798895,0.0,0.0,0.0,0.0,0.0,0.0
56869773,0.015606095,0.046260294,0.04314716,-0.023709401,0.01791937,0.0021880865,0.0,0.0,0.0,0.009008828,0.0,0.0,0.0,0.0,0.0,0.26002368,0.26002356,0.14654763,0.27203512,0.2720351,4.04782,0.0,0.0,0.0,0.090334564,0.0,0.0,0.0,0.0,0.0,0.00011700693,0.0014888193,0.003581163,0.0,0.0,0.0,0.0,0.0,0.0
57068174,0.028458335,0.021486176,-0.066761084,0.060886927,-0.033981808,0.1671499,0.0,0.0,0.0,-0.008490456,0.0,0.0,0.0,0.0,0.0,0.26007044,0.26007035,0.14655268,0.27207384,0.27207378,4.0477543,0.0,0.0,0.0,0.09033341,0.0,0.0,0.0,0.0,0.0,0.00010905595,0.005301764,0.010295609,0.0,0.0,0.0,0.0,0.0,0.0
57279121,-0.017577475,0.035761673,0.025871739,0.042388167,-0.035504855,-0.045442224,0.0,0.0,0.0,-0.010539243,0.0,0.0,0.0,0.0,0.0,0.26006055,0.26006067,0.14652184,0.27200714,0.27200705,4.0471597,0.0,0.0,0.0,0.09032995,0.0,0.0,0.0,0.0,0.0,0.00020823673,0.003335158,0.0074043386,0.0,0.0,0.0,0.0,0.0,0.0
57476862,0.012411553,0.05725597,0.02034314,0.038842656,-0.033583578,0.11031568,0.0,0.0,0.0,-0.001836486,0.0,0.0,0.0,0.0,0.0,0.2600909,0.26009104,0.14651807,0.27204174,0.27204165,4.0471253,0.0,0.0,0.0,0.090328984,0.0,0.0,0.0,0.0,0.0,0.0002212834,0.0031933188,0.0075748716,0.0,0.0,0.0,0.0,0.0,0.0
57676302,-0.016273938,0.07725586,-0.0710056,0.025416123,0.031031456,0.079191566,0.0,0.0,0.0,0.0057469797,0.0,0.0,0.0,0.0,0.0,0.2600902,0.26009065,0.14653802,0.27200872,0.27200866,4.0470924,0.0,0.0,0.0,0.09032808,0.0,0.0,0.0,0.0,0.0,0.000310836,0.004647597,0.0070480676,0.0,0.0,0.0,0.0,0.0,0.0
57888882,0.025965001,-0.009717269,0.03836505,0.029824069,-0.022859659,0.12367666,0.0,0.0,0.0,0.008049595,0.0,0.0,0.0,0.0,0.0,0.26010644,0.26010713,0.14653848,0.27200973,0.2720097,4.0471067,0.0,0.0,0.0,0.09032618,0.0,0.0,0.0,0.0,0.0,0.0001578058,0.0013357416,0.0036741437,0.0,0.0,0.0,0.0,0.0,0.0
58086692,0.034052942,0.04242444,0.04734215,0.015524061,0.011837134,0.011780143,0.0,0.0,0.0,0.0059248595,0.0,0.0,0.0,0.0,0.0,0.26014054,0.26014122,0.14654504,0.27204412,0.27204412,4.047084,0.0,0.0,0.0,0.09032543,0.0,0.0,0.0,0.0,0.0,0.00022655219,0.0042251586,0.00813382,0.0,0.0,0.0,0.0,0.0,0.0
58299300,0.023722852,0.019091893,0.07712093,-0.031296413,0.028493473,0.07889402,0.0,0.0,0.0,0.0030443906,0.0,0.0,0.0,0.0,0.0,0.26015568,0.2601564,0.14651874,0.2720265,0.27202657,4.0467415,0.0,0.0,0.0,0.09032387,0.0,0.0,0.0,0.0,0.0,0.0003449773,0.0062085437,0.012589056,0.0,0.0,0.0,0.0,0.0,0.0
58496268,-0.001949816,0.01540955,0.10090594,-0.032033987,0.0132438615,0.09798849,0.0,0.0,0.0,0.001828074,0.0,0.0,0.0,0.0,0.0,0.26018345,0.26018396,0.14654556,0.27204528,0.27204537,4.047028,0.0,0.0,0.0,0.09032309,0.0,0.0,0.0,0.0,0.0,0.00026289088,0.008748038,0.017329745,0.0,0.0,0.0,0.0,0.0,0.0
58693942,0.0014251452,-0.012709334,0.043474086,-0.0045074206,-0.008129496,0.006373763,0.0,0.0,0.0,-0.0034193601,0.0,0.0,0.0,0.0,0.0,0.26016694,0.26016736,0.1465402,0.27202532,0.27202544,4.0469866,0.0,0.0,0.0,0.09032251,0.0,0.0,0.0,0.0,0.0,0.00017215914,0.0073813116,0.015381963,0.0,0.0,0.0,0.0,0.0,0.0
58908058,0.030976584,-0.060227685,0.026499912,0.06865167,0.042550586,-0.029642701,0.0,0.0,0.0,0.009713558,0.0,0.0,0.0,0.0,0.0,0.2601697,0.26017022,0.14653388,0.27200606,0.2720062,4.047225,0.0,0.0,0.0,0.09032185,0.0,0.0,0.0,0.0,0.0,0.00013901822,0.0037644824,0.0088108955,0.0,0.0,0.0,0.0,0.0,0.0
59105712,0.06813681,0.008475357,-0.0097249895,0.009195153,-0.05178616,0.041470885,0.0,0.0,0.0,0.011959246,0.0,0.0,0.0,0.0,0.0,0.26018596,0.26018643,0.14655691,0.2720291,0.27202928,4.047805,0.0,0.0,0.0,0.09032137,0.0,0.0,0.0,0.0,0.0,0.00027217003,0.0048564915,0.006057645,0.0,0.0,0.0,0.0,0.0,0.0
59303945,0.034786154,-0.017145948,-0.036484703,0.07164881,-0.010381556,0.10001409,0.0,0.0,0.0,-0.0011619098,0.0,0.0,0.0,0.0,0.0,0.2602048,0.2602051,0.14655265,0.2720407,0.27204087,4.047709,0.0,0.0,0.0,0.09032093,0.0,0.0,0.0,0.0,0.0,0.00045869144,0.008015393,0.0130049465,0.0,0.0,0.0,0.0,0.0,0.0
59517386,-0.00648705,-0.01307736,-0.0065697283,0.049133617,-0.031710774,0.010301948,0.0,0.0,0.0,0.018043427,0.0,0.0,0.0,0.0,0.0,0.26021296,0.26021308,0.14655067,0.27207297,0.27207315,4.0479493,0.0,0.0,0.0,0.09032045,0.0,0.0,0.0,0.0,0.0,0.00053837744,0.007846344,0.01495103,0.0,0.0,0.0,0.0,0.0,0.0
59715192,-0.0097578745,-0.033956483,0.09748692,-0.009943321,-0.00012032129,0.01253736,0.0,0.0,0.0,0.015125759,0.0,0.0,0.0,0.0,0.0,0.2602376,0.2602377,0.14655851,0.2720707,0.27207085,4.0478487,0.0,0.0,0.0,0.0903201,0.0,0.0,0.0,0.0,0.0,0.00046870337,0.004166563,0.0075950045,0.0,0.0,0.0,0.0,0.0,0.0
59912239,0.013059997,-0.022410043,0.08319922,1.0665506e-05,-0.06935355,0.0753988,0.0,0.0,0.0,-0.012289826,0.0,0.0,0.0,0.0,0.0,0.26026165,0.26026177,0.14655131,0.27207512,0.2720753,4.047513,0.0,0.0,0.0,0.09031904,0.0,0.0,0.0,0.0,0.0,0.00044804136,0.005492796,0.009958402,0.0,0.0,0.0,0.0,0.0,0.0
60127970,-0.0125810895,-0.054425545,-0.018887289,0.010269668,-0.0069759367,0.08569276,0.0,0.0,0.0,-0.008230907,0.0,0.0,0.0,0.0,0.0,0.260254,0.2602542,0.14654735,0.27207994,0.2720801,4.0477204,0.0,0.0,0.0,0.09031872,0.0,0.0,0.0,0.0,0.0,0.00031334016,0.0046437136,0.008275039,0.0,0.0,0.0,0.0,0.0,0.0
60326048,-0.035113268,-0.02608407,-0.08201293,-0.062384967,-0.004077127,0.11816919,0.0,0.0,0.0,-0.004423996,0.0,0.0,0.0,0.0,0.0,0.26027888,0.26027927,0.1465228,0.27209938,0.27209952,4.0470786,0.0,0.0,0.0,0.09031739,0.0,0.0,0.0,0.0,0.0,0.00028181105,0.006998754,0.012774009,0.0,0.0,0.0,0.0,0.0,0.0
60523779,0.03823902,-0.00024159811,-0.10946301,0.06262509,-0.031048957,0.06746614,0.0,0.0,0.0,-0.0019706697,0.0,0.0,0.0,0.0,0.0,0.2602802,0.26028064,0.14655757,0.27217585,0.27217603,4.0474105,0.0,0.0,0.0,0.09031722,0.0,0.0,0.0,0.0,0.0,0.00025497674,0.008258145,0.015956629,0.0,0.0,0.0,0.0,0.0,0.0
60736659,-0.01984765,0.032742243,0.066574834,-0.014854863,-0.036150195,-0.02741301,0.0,0.0,0.0,0.0014079114,0.0,0.0,0.0,0.0,0.0,0.26029497,0.26029533,0.14655952,0.27220657,0.27220675,4.0473533,0.0,0.0,0.0,0.0903171,0.0,0.0,0.0,0.0,0.0,0.00029208628,0.005259226,0.013918098,0.0,0.0,0.0,0.0,0.0,0.0
60934965,0.014900619,-0.017652025,0.015547939,0.017753799,0.046934713,0.07502878,0.0,0.0,0.0,0.013592588,0.0,0.0,0.0,0.0,0.0,0.26027638,0.26027635,0.14654385,0.2721169,0.2721171,4.0472417,0.0,0.0,0.0,0.09031661,0.0,0.0,0.0,0.0,0.0,0.00029872943,0.0019656925,0.0060782447,0.0,0.0,0.0,0.0,0.0,0.0
61131383,-0.02013819,-0.020414803,-0.017427266,0.036477037,-0.011947498,0.018332839,0.0,0.0,0.0,0.0025980743,0.0,0.0,0.0,0.0,0.0,0.26030028,0.26029995,0.14654315,0.27213806,0.27213824,4.0478315,0.0,0.0,0.0,0.09031656,0.0,0.0,0.0,0.0,0.0,0.00037976546,0.003183005,0.007130938,0.0,0.0,0.0,0.0,0.0,0.0
61344713,-0.013232706,0.00042360462,0.004321046,-0.013440214,-0.04061178,0.02129209,0.0,0.0,0.0,-0.0012493174,0.0,0.0,0.0,0.0,0.0,0.26028588,0.2602852,0.1465621,0.27213776,0.27213788,4.0471344,0.0,0.0,0.0,0.09031579,0.0,0.0,0.0,0.0,0.0,0.00022780758,0.0031904352,0.007117228,0.0,0.0,0.0,0.0,0.0,0.0
61545514,-0.007863706,-0.0047032665,-0.020682342,-0.012155384,0.049166776,-0.09613955,0.0,0.0,0.0,-0.00810647,0.0,0.0,0.0,0.0,0.0,0.26029542,0.2602947,0.14653473,0.2721131,0.27211314,4.047436,0.0,0.0,0.0,0.09031507,0.0,0.0,0.0,0.0,0.0,0.00014457988,0.005359104,0.011447381,0.0,0.0,0.0,0.0,0.0,0.0
61744511,-0.00040345266,-0.06831636,0.0301041,0.05793155,0.03408896,0.11593473,0.0,0.0,0.0,0.009265087,0.0,0.0,0.0,0.0,0.0,0.26026714,0.26026645,0.14652036,0.2720967,0.2720967,4.0473943,0.0,0.0,0.0,0.09031512,0.0,0.0,0.0,0.0,0.0,0.00012475213,0.0010028346,0.0039800676,0.0,0.0,0.0,0.0,0.0,0.0
61942408,0.042058162,-0.012945328,-0.017008925,-0.029514607,0.008921837,-0.06926024,0.0,0.0,0.0,0.0030027372,0.0,0.0,0.0,0.0,0.0,0.26030493,0.26030448,0.14653037,0.27215505,0.27215496,4.047103,0.0,0.0,0.0,0.090314485,0.0,0.0,0.0,0.0,0.0,0.00016848317,0.0037107742,0.009031537,0.0,0.0,0.0,0.0,0.0,0.0
62142308,0.067709595,0.016104741,-0.049879134,-0.006405929,0.04028029,-0.06877673,0.0,0.0,0.0,-0.0016254468,0.0,0.0,0.0,0.0,0.0,0.26030004,0.26029968,0.1465293,0.2721453,0.27214518,4.0470605,0.0,0.0,0.0,0.09031459,0.0,0.0,0.0,0.0,0.0,0.00014603883,0.004708491,0.010457201,0.0,0.0,0.0,0.0,0.0,0.0
62353835,0.04108139,-0.03864054,-0.05739481,-0.023130758,-0.048614472,-0.09055865,0.0,0.0,0.0,0.011792236,0.0,0.0,0.0,0.0,0.0,0.26032075,0.26032084,0.1465249,0.27211982,0.27211967,4.04703,0.0,0.0,0.0,0.09031403,0.0,0.0,0.0,0.0,0.0,0.0003144358,0.0044220705,0.009047428,0.0,0.0,0.0,0.0,0.0,0.0
62552363,-0.0033758674,-0.031149343,-0.052753337,-0.026349219,-0.0043079145,0.08698022,0.0,0.0,0.0,0.013834725,0.0,0.0,0.0,0.0,0.0,0.26030937,0.26030964,0.14653353,0.27217057,0.27217042,4.0470166,0.0,0.0,0.0,0.0903142,0.0,0.0,0.0,0.0,0.0,0.00030057284,0.003377364,0.0068044774,0.0,0.0,0.0,0.0,0.0,0.0
62752300,-0.0021857386,0.053562805,-0.109394096,0.04291026,0.041499153,0.07481611,0.0,0.0,0.0,-0.0021646263,0.0,0.0,0.0,0.0,0.0,0.2603004,0.26030073,0.14655253,0.2721489,0.2721488,4.0476203,0.0,0.0,0.0,0.09031438,0.0,0.0,0.0,0.0,0.0,0.00017213303,0.0071967267,0.013751779,0.0,0.0,0.0,0.0,0.0,0.0
62948998,-0.024754148,0.014598007,-0.014553923,-0.022400254,-0.06994517,0.0536741,0.0,0.0,0.0,0.00021502783,0.0,0.0,0.0,0.0,0.0,0.26027727,0.2602775,0.14655113,0.27215862,0.27215853,4.047592,0.0,0.0,0.0,0.09031425,0.0,0.0,0.0,0.0,0.0,0.00017911251,0.004588945,0.010001682,0.0,0.0,0.0,0.0,0.0,0.0
63160720,-0.05119247,-0.018516257,-0.031524334,-0.021536319,-0.014563091,0.062668204,0.0,0.0,0.0,0.0046597477,0.0,0.0,0.0,0.0,0.0,0.26028928,0.26028952,0.1465265,0.27214724,0.2721472,4.0472913,0.0,0.0,0.0,0.09031377,0.0,0.0,0.0,0.0,0.0,0.0001846173,0.0053292704,0.008990677,0.0,0.0,0.0,0.0,0.0,0.0
63360593,-0.010559449,0.0129052345,0.015176874,0.031281818,-0.005913388,-0.017099977,0.0,0.0,0.0,-0.010804989,0.0,0.0,0.0,0.0,0.0,0.2602889,0.260289,0.14654867,0.27213985,0.27213982,4.047548,0.0,0.0,0.0,0.090314075,0.0,0.0,0.0,0.0,0.0,0.00024679638,0.004207707,0.006961949,0.0,0.0,0.0,0.0,0.0,0.0
63572116,-0.029659204,0.00047479197,-0.038544286,-0.002283752,0.011835632,-0.022721887,0.0,0.0,0.0,-0.014667438,0.0,0.0,0.0,0.0,0.0,0.2602763,0.2602763,0.14652777,0.27216545,0.27216542,4.0472474,0.0,0.0,0.0,0.09031364,0.0,0.0,0.0,0.0,0.0,0.0002903048,0.0059208972,0.010416549,0.0,0.0,0.0,0.0,0.0,0.0
63769301,-0.034529526,0.00025477074,0.0039729783,-0.06672202,-0.007224476,0.047912955,0.0,0.0,0.0,-0.0004753415,0.0,0.0,0.0,0.0,0.0,0.2602792,0.26027924,0.14654164,0.27217725,0.27217725,4.0472274,0.0,0.0,0.0,0.09031361,0.0,0.0,0.0,0.0,0.0,0.00029990487,0.004890403,0.008568741,0.0,0.0,0.0,0.0,0.0,0.0
63968334,0.00821253,0.049365476,0.01251984,-0.028005296,-0.061335094,-0.08106673,0.0,0.0,0.0,-0.0027640085,0.0,0.0,0.0,0.0,0.0,0.2602648,0.26026484,0.1465334,0.27211964,0.2721196,4.046852,0.0,0.0,0.0,0.09031351,0.0,0.0,0.0,0.0,0.0,0.00020446016,0.0020883305,0.00523886,0.0,0.0,0.0,0.0,0.0,0.0
64180310,-0.008028969,0.056352932,0.021754226,-0.0035026148,0.019720702,-0.101178765,0.0,0.0,0.0,-0.00568259,0.0,0.0,0.0,0.0,0.0,0.26024124,0.2602413,0.14649627,0.2720118,0.2720118,4.046871,0.0,0.0,0.0,0.09031322,0.0,0.0,0.0,0.0,0.0,9.566001e-05,0.0023872668,0.003484272,0.0,0.0,0.0,0.0,0.0,0.0
64376807,-0.008537397,-0.014084098,-0.020191992,-0.027681129,0.051217187,0.024276137,0.0,0.0,0.0,-0.0028556017,0.0,0.0,0.0,0.0,0.0,0.26024473,0.26024488,0.14652666,0.27204663,0.27204666,4.0468225,0.0,0.0,0.0,0.09031355,0.0,0.0,0.0,0.0,0.0,0.00012463027,0.0047079185,0.008900458,0.0,0.0,0.0,0.0,0.0,0.0
64573781,0.0013580397,0.038207244,-0.05087646,-0.036903996,0.015959656,-0.114940286,0.0,0.0,0.0,-0.011792733,0.0,0.0,0.0,0.0,0.0,0.26023325,0.2602334,0.14652827,0.27205932,0.27205935,4.046789,0.0,0.0,0.0,0.0903139,0.0,0.0,0.0,0.0,0.0,0.00021888438,0.005312139,0.0102542415,0.0,0.0,0.0,0.0,0.0,0.0
64788331,0.007883841,0.036395207,-0.10236407,-0.01451068,-0.045647666,0.026452422,0.0,0.0,0.0,0.0038704097,0.0,0.0,0.0,0.0,0.0,0.2602368,0.26023686,0.14653546,0.27211988,0.2721199,4.0470877,0.0,0.0,0.0,0.09031435,0.0,0.0,0.0,0.0,0.0,0.00021585595,0.00557332,0.009081806,0.0,0.0,0.0,0.0,0.0,0.0
64984835,0.0056843995,0.04679646,0.014023173,0.03145563,0.0378675,-0.015770555,0.0,0.0,0.0,-0.00078265916,0.0,0.0,0.0,0.0,0.0,0.26023087,0.26023093,0.14653087,0.27209786,0.2720979,4.0470757,0.0,0.0,0.0,0.090314426,0.0,0.0,0.0,0.0,0.0,0.00022554726,0.0044615734,0.007023665,0.0,0.0,0.0,0.0,0.0,0.0
65183111,-0.03891409,0.038130965,-0.08494852,0.035505395,0.028838567,0.05066812,0.0,0.0,0.0,-0.0053856354,0.0,0.0,0.0,0.0,0.0,0.26024154,0.26024163,0.14653632,0.27213907,0.2721391,4.0467916,0.0,0.0,0.0,0.09031411,0.0,0.0,0.0,0.0,0.0,0.00022199539,0.005603699,0.009742958,0.0,0.0,0.0,0.0,0.0,0.0
65396513,-0.031928737,-0.039224178,-0.059866685,-0.00028792303,-0.03760213,-0.08221972,0.0,0.0,0.0,-0.003526961,0.0,0.0,0.0,0.0,0.0,0.26024258,0.2602426,0.14653042,0.27210733,0.27210736,4.047421,0.0,0.0,0.0,0.090314515,0.0,0.0,0.0,0.0,0.0,8.8362074e-05,0.002455125,0.0050566993,0.0,0.0,0.0,0.0,0.0,0.0
65596687,-0.0019149985,0.0076329876,0.028320288,-0.011875424,0.067305885,-0.15511191,0.0,0.0,0.0,0.011086302,0.0,0.0,0.0,0.0,0.0,0.26022983,0.26022965,0.14655326,0.27211785,0.27211788,4.047665,0.0,0.0,0.0,0.09031501,0.0,0.0,0.0,0.0,0.0,0.00018348868,0.0032053406,0.00771805,0.0,0.0,0.0,0.0,0.0,0.0
65792500,-0.02683527,0.010827503,-0.11631761,-0.022878015,0.027401336,0.060236335,0.0,0.0,0.0,0.012449074,0.0,0.0,0.0,0.0,0.0,0.2602423,0.260242,0.14654014,0.27211794,0.272118,4.047626,0.0,0.0,0.0,0.09031542,0.0,0.0,0.0,0.0,0.0,0.00021792411,0.0033084396,0.0066691553,0.0,0.0,0.0,0.0,0.0,0.0
66005794,0.053240884,-0.009804483,-0.094452314,0.0317378,-0.038167365,-0.017228723,0.0,0.0,0.0,-0.0075559807,0.0,0.0,0.0,0.0,0.0,0.2602493,0.2602488,0.1465404,0.27213338,0.2721334,4.0475326,0.0,0.0,0.0,0.09031551,0.0,0.0,0.0,0.0,0.0,0.00012588386,0.0049261134,0.010227915,0.0,0.0,0.0,0.0,0.0,0.0
66204976,-0.0228085,0.013943432,0.045123942,0.04872076,-0.029579347,-0.025120378,0.0,0.0,0.0,0.013981658,0.0,0.0,0.0,0.0,0.0,0.2602282,0.26022762,0.1465321,0.27209234,0.2720923,4.0472207,0.0,0.0,0.0,0.09031524,0.0,0.0,0.0,0.0,0.0,0.00017244223,0.0017265666,0.005757344,0.0,0.0,0.0,0.0,0.0,0.0
66404838,0.013542384,0.0094976295,-0.009271288,-0.019464632,-0.0265632,0.023909926,0.0,0.0,0.0,-0.0010229519,0.0,0.0,0.0,0.0,0.0,0.26023808,0.2602375,0.14652497,0.27204937,0.27204934,4.046894,0.0,0.0,0.0,0.09031497,0.0,0.0,0.0,0.0,0.0,0.00020354659,0.003464797,0.0069702216,0.0,0.0,0.0,0.0,0.0,0.0
66616932,-0.025674617,0.067068726,0.01664877,0.011626409,0.044346444,0.026561141,0.0,0.0,0.0,-0.005727789,0.0,0.0,0.0,0.0,0.0,0.2602446,0.26024416,0.14653063,0.2720824,0.27208233,4.046661,0.0,0.0,0.0,0.090314426,0.0,0.0,0.0,0.0,0.0,0.0002466158,0.0041913236,0.0064702355,0.0,0.0,0.0,0.0,0.0,0.0
66813987,-0.041651268,0.055270284,-0.099091925,0.023790259,0.035509314,-0.10309279,0.0,0.0,0.0,0.005310307,0.0,0.0,0.0,0.0,0.0,0.2602545,0.26025403,0.14650959,0.27207297,0.27207285,4.046046,0.0,0.0,0.0,0.09031376,0.0,0.0,0.0,0.0,0.0,0.00035455122,0.006136742,0.010669251,0.0,0.0,0.0,0.0,0.0,0.0
67012686,-0.023001943,-0.013399929,0.063905075,-0.004067092,-0.04008672,-0.11710608,0.0,0.0,0.0,-0.004418782,0.0,0.0,0.0,0.0,0.0,0.26024497,0.26024473,0.14650968,0.2720303,0.27203017,4.04582,0.0,0.0,0.0,0.09031355,0.0,0.0,0.0,0.0,0.0,0.00033332704,0.003945612,0.0050827665,0.0,0.0,0.0,0.0,0.0,0.0
67212778,0.05435357,0.04145729,0.0048775487,-0.051394038,0.030996896,-0.13715231,0.0,0.0,0.0,0.0020092835,0.0,0.0,0.0,0.0,0.0,0.26024574,0.26024565,0.14649938,0.27207324,0.27207312,4.0464783,0.0,0.0,0.0,0.09031402,0.0,0.0,0.0,0.0,0.0,0.00034113403,0.0042705312,0.00641199,0.0,0.0,0.0,0.0,0.0,0.0
67424156,-0.018432003,-0.016454486,0.022417288,0.052565105,0.033047464,-0.028149247,0.0,0.0,0.0,-0.0024344772,0.0,0.0,0.0,0.0,0.0,0.26025802,0.26025796,0.14652303,0.2720513,0.27205116,4.046802,0.0,0.0,0.0,0.09031461,0.0,0.0,0.0,0.0,0.0,0.0002857034,0.005662169,0.010392703,0.0,0.0,0.0,0.0,0.0,0.0
67622481,-0.011444144,0.033554994,-0.0017496571,0.03308481,-0.0043036006,-0.007122636,0.0,0.0,0.0,-0.010631027,0.0,0.0,0.0,0.0,0.0,0.26024243,0.26024228,0.14652899,0.2720779,0.27207777,4.046785,0.0,0.0,0.0,0.09031509,0.0,0.0,0.0,0.0,0.0,0.00018788596,0.0037743326,0.008474687,0.0,0.0,0.0,0.0,0.0,0.0
67821304,-0.025737962,0.016272007,-0.009511273,0.020061987,-0.012253707,-0.12329066,0.0,0.0,0.0,-0.013620362,0.0,0.0,0.0,0.0,0.0,0.26025513,0.26025504,0.14653222,0.27202684,0.2720267,4.047098,0.0,0.0,0.0,0.09031568,0.0,0.0,0.0,0.0,0.0,0.000116629686,0.0023324979,0.0059039122,0.0,0.0,0.0,0.0,0.0,0.0
68033326,0.016405724,-0.0053464286,0.06782919,-0.05098977,-0.033384364,-0.0662781,0.0,0.0,0.0,-0.009327799,0.0,0.0,0.0,0.0,0.0,0.26023132,0.26023117,0.14651383,0.27206227,0.27206215,4.0468483,0.0,0.0,0.0,0.09031547,0.0,0.0,0.0,0.0,0.0,0.0001684147,0.0035048441,0.0065933047,0.0,0.0,0.0,0.0,0.0,0.0
68229481,-0.009152377,-0.038331587,-0.0069149546,0.021107933,0.054928154,0.0027154684,0.0,0.0,0.0,0.0018307813,0.0,0.0,0.0,0.0,0.0,0.26023605,0.26023597,0.14651799,0.27207083,0.27207068,4.046537,0.0,0.0,0.0,0.09031524,0.0,0.0,0.0,0.0,0.0,0.00018078892,0.0029846258,0.004182351,0.0,0.0,0.0,0.0,0.0,0.0
68442117,0.010384044,-0.0070805214,-0.06586076,0.010843651,0.029466167,-0.026110291,0.0,0.0,0.0,0.002865795,0.0,0.0,0.0,0.0,0.0,0.26021618,0.2602161,0.1465139,0.27202943,0.27202928,4.046568,0.0,0.0,0.0,0.09031544,0.0,0.0,0.0,0.0,0.0,0.000120093035,0.0015913439,0.0017815868,0.0,0.0,0.0,0.0,0.0,0.0
68640800,0.03373101,0.00839003,-0.048376508,-0.032969423,-0.033751875,-0.039473176,0.0,0.0,0.0,-0.006853786,0.0,0.0,0.0,0.0,0.0,0.2602235,0.26022357,0.14651886,0.2720439,0.2720438,4.0463195,0.0,0.0,0.0,0.09031523,0.0,0.0,0.0,0.0,0.0,5.416099e-05,0.002740626,0.0053959787,0.0,0.0,0.0,0.0,0.0,0.0
68838897,-0.019715235,0.019207902,0.016565446,-0.02284986,0.063799776,-0.14463198,0.0,0.0,0.0,0.016989604,0.0,0.0,0.0,0.0,0.0,0.2602171,0.26021716,0.14652371,0.27206227,0.27206218,4.04635,0.0,0.0,0.0,0.09031572,0.0,0.0,0.0,0.0,0.0,0.00015558692,0.0031679138,0.004966221,0.0,0.0,0.0,0.0,0.0,0.0
69051499,-0.014518583,0.00069699436,-0.02054002,0.04364185,0.0060119787,0.04129255,0.0,0.0,0.0,-0.00055646646,0.0,0.0,0.0,0.0,0.0,0.2602313,0.2602315,0.14652519,0.27205747,0.2720574,4.0462427,0.0,0.0,0.0,0.090315595,0.0,0.0,0.0,0.0,0.0,0.00027849077,0.0042354153,0.007866565,0.0,0.0,0.0,0.0,0.0,0.0
69249582,-0.008501703,0.034336783,-0.01848045,0.0074359085,-0.047790904,-0.11374247,0.0,0.0,0.0,-0.006222748,0.0,0.0,0.0,0.0,0.0,0.26029405,0.26029417,0.1462922,0.27182257,0.27182257,4.0451736,0.0,0.0,0.0,0.090313874,0.0,0.0,0.0,0.0,0.0,0.00022976499,0.0033779899,0.0069205794,0.0,0.0,0.0,0.0,0.0,0.0
69449184,-0.026146047,-0.009451382,-0.01237691,0.0056419447,0.0122226905,-0.039270997,0.0,0.0,0.0,-0.005951475,0.0,0.0,0.0,0.0,0.0,0.26052532,0.26052535,0.14615825,0.27195525,0.27195525,4.0459156,0.0,0.0,0.0,0.09031442,0.0,0.0,0.0,0.0,0.0,0.00017413561,0.0021555996,0.0048232377,0.0,0.0,0.0,0.0,0.0,0.0
69648580,-0.02824615,-0.0032691397,-0.029464787,-0.02476,-0.0061402316,-0.13904536,0.0,0.0,0.0,-0.00079819513,0.0,0.0,0.0,0.0,0.0,0.260863,0.26086307,0.1460735,0.27202836,0.2720284,4.0462465,0.0,0.0,0.0,0.09031505,0.0,0.0,0.0,0.0,0.0,0.00010845469,0.0020405904,0.0034920282,0.0,0.0,0.0,0.0,0.0,0.0
69862215,0.056731958,0.022708189,0.056571797,-0.05839756,-0.045540664,-0.028223634,0.0,0.0,0.0,-0.008760768,0.0,0.0,0.0,0.0,0.0,0.2612949,0.2612949,0.14600816,0.27216706,0.2721671,4.046295,0.0,0.0,0.0,0.09031557,0.0,0.0,0.0,0.0,0.0,0.00017922357,0.005536044,0.012071728,0.0,0.0,0.0,0.0,0.0,0.0
70060275,0.040309038,0.0074420567,0.041086625,0.012551149,0.06887402,-0.006984353,0.0,0.0,0.0,-0.0029041471,0.0,0.0,0.0,0.0,0.0,0.26154277,0.2615427,0.14598787,0.27218854,0.2721886,4.0463204,0.0,0.0,0.0,0.09031579,0.0,0.0,0.0,0.0,0.0,0.00016641266,0.0034868284,0.008118009,0.0,0.0,0.0,0.0,0.0,0.0
70260635,-0.02984056,0.0020528093,0.0044728853,-0.022600304,-0.010546157,-0.050085664,0.0,0.0,0.0,0.008104791,0.0,0.0,0.0,0.0,0.0,0.26197287,0.26197276,0.1459513,0.2722962,0.27229625,4.046283,0.0,0.0,0.0,0.09031627,0.0,0.0,0.0,0.0,0.0,0.00021552984,0.0019069082,0.0043652207,0.0,0.0,0.0,0.0,0.0,0.0
70461311,0.033496916,0.020102672,0.044206142,0.033900663,-0.007291655,-0.09339011,0.0,0.0,0.0,0.0032506525,0.0,0.0,0.0,0.0,0.0,0.26237285,0.2623727,0.14592966,0.27237505,0.27237508,4.046269,0.0,0.0,0.0,0.090316474,0.0,0.0,0.0,0.0,0.0,0.00024522614,0.0014875452,0.0023815548,0.0,0.0,0.0,0.0,0.0,0.0
70672374,0.004407566,0.013783187,-0.034145605,0.012896729,0.07375678,-0.061101556,0.0,0.0,0.0,0.011500334,0.0,0.0,0.0,0.0,0.0,0.26275948,0.26275924,0.14590648,0.27248248,0.27248254,4.0459576,0.0,0.0,0.0,0.09031625,0.0,0.0,0.0,0.0,0.0,0.0004693538,0.004642577,0.0073688836,0.0,0.0,0.0,0.0,0.0,0.0
70870487,-0.0020677904,-0.00042898767,0.040536027,-0.039046712,-0.006807917,0.0031903982,0.0,0.0,0.0,-0.0041598817,0.0,0.0,0.0,0.0,0.0,0.26304746,0.26304725,0.14592482,0.27264524,0.27264524,4.045687,0.0,0.0,0.0,0.09031604,0.0,0.0,0.0,0.0,0.0,0.00039379092,0.0033796087,0.0071443906,0.0,0.0,0.0,0.0,0.0,0.0
71081173,0.030873707,-0.0007469449,-0.03438941,-0.02691066,-0.047916,0.035434127,0.0,0.0,0.0,0.0061351354,0.0,0.0,0.0,0.0,0.0,0.26323986,0.26323956,0.14594711,0.27277243,0.2727724,4.045927,0.0,0.0,0.0,0.090316646,0.0,0.0,0.0,0.0,0.0,0.00036604665,0.0013203977,0.001296217,0.0,0.0,0.0,0.0,0.0,0.0
71280575,-0.018092848,-0.0017627617,0.019480173,-0.013172581,0.04893212,-0.03680861,0.0,0.0,0.0,0.0062781917,0.0,0.0,0.0,0.0,0.0,0.2633667,0.26336658,0.14597706,0.27289572,0.2728957,4.0456266,0.0,0.0,0.0,0.090316415,0.0,0.0,0.0,0.0,0.0,0.0003861484,0.0021149747,0.0031578485,0.0,0.0,0.0,0.0,0.0,0.0
71478385,-0.009360602,-0.0025734496,0.06521342,-0.05109291,-0.009877354,-0.11030066,0.0,0.0,0.0,-0.0047026975,0.0,0.0,0.0,0.0,0.0,0.2633306,0.26333064,0.14600804,0.27297622,0.2729762,4.0460896,0.0,0.0,0.0,0.09031687,0.0,0.0,0.0,0.0,0.0,0.0003564778,0.007162633,0.012109824,0.0,0.0,0.0,0.0,0.0,0.0
71675524,0.024133269,-0.03678955,-0.037792843,0.06976576,-0.047803804,-0.011837602,0.0,0.0,0.0,0.012874837,0.0,0.0,0.0,0.0,0.0,0.26331398,0.263314,0.14607391,0.27313462,0.2731346,4.0463686,0.0,0.0,0.0,0.090317465,0.0,0.0,0.0,0.0,0.0,0.00039563412,0.0064598513,0.009749296,0.0,0.0,0.0,0.0,0.0,0.0
71889475,-0.008733752,-0.008462116,0.034176975,-0.020091262,-0.054244526,-0.0889622,0.0,0.0,0.0,0.0026386785,0.0,0.0,0.0,0.0,0.0,0.26318732,0.2631873,0.14611813,0.27325556,0.27325553,4.0463414,0.0,0.0,0.0,0.09031793,0.0,0.0,0.0,0.0,0.0,0.0004411413,0.008872027,0.013277503,0.0,0.0,0.0,0.0,0.0,0.0
72089361,0.03731874,0.028055616,0.004477463,0.059805244,0.046854474,0.05068052,0.0,0.0,0.0,0.0044465703,0.0,0.0,0.0,0.0,0.0,0.2630903,0.26309034,0.14610052,0.27321488,0.27321485,4.045795,0.0,0.0,0.0,0.090316966,0.0,0.0,0.0,0.0,0.0,0.00048073867,0.004295881,0.008508861,0.0,0.0,0.0,0.0,0.0,0.0
72288327,-0.04583755,0.023997879,-0.0062420545,0.0540063,0.043033198,0.08962858,0.0,0.0,0.0,-0.00045066775,0.0,0.0,0.0,0.0,0.0,0.26292524,0.26292533,0.14616965,0.27330598,0.27330598,4.045795,0.0,0.0,0.0,0.09031742,0.0,0.0,0.0,0.0,0.0,0.00042137763,0.0014081666,0.0054168445,0.0,0.0,0.0,0.0,0.0,0.0
72503324,0.011094243,-0.014916763,0.037923362,0.05444477,-0.06081199,-0.0411793,0.0,0.0,0.0,-0.0014345116,0.0,0.0,0.0,0.0,0.0,0.26273558,0.26273564,0.14621937,0.2733879,0.27338788,4.0461035,0.0,0.0,0.0,0.090318,0.0,0.0,0.0,0.0,0.0,0.00040122136,0.0058879144,0.012284105,0.0,0.0,0.0,0.0,0.0,0.0
72700965,-0.030257307,-0.015719445,0.021795126,0.013124878,0.043777127,-0.076635,0.0,0.0,0.0,0.008180694,0.0,0.0,0.0,0.0,0.0,0.26250443,0.2625045,0.14626615,0.2734447,0.2734447,4.0461087,0.0,0.0,0.0,0.09031845,0.0,0.0,0.0,0.0,0.0,0.00034243034,0.0023999983,0.003280536,0.0,0.0,0.0,0.0,0.0,0.0
72898864,-0.020361397,-0.0139949005,0.0047883764,-0.029992737,0.00034748018,0.002579093,0.0,0.0,0.0,0.0036567703,0.0,0.0,0.0,0.0,0.0,0.262276,0.26227605,0.14629467,0.27337265,0.27337265,4.0460296,0.0,0.0,0.0,0.090318546,0.0,0.0,0.0,0.0,0.0,0.00042960493,0.0054869493,0.007933948,0.0,0.0,0.0,0.0,0.0,0.0
73095941,-0.032700393,-0.03178472,0.077985495,0.0186342,0.016766319,0.035683036,0.0,0.0,0.0,0.012704239,0.0,0.0,0.0,0.0,0.0,0.2620423,0.26204228,0.14635707,0.27339196,0.27339196,4.046621,0.0,0.0,0.0,0.09031899,0.0,0.0,0.0,0.0,0.0,0.00050589256,0.0057740062,0.008269977,0.0,0.0,0.0,0.0,0.0,0.0
73310044,-0.019834064,0.017011957,0.04834166,-0.025383757,0.025365755,0.056794524,0.0,0.0,0.0,0.005580587,0.0,0.0,0.0,0.0,0.0,0.261804,0.26180384,0.14636569,0.2733065,0.2733065,4.046075,0.0,0.0,0.0,0.09031797,0.0,0.0,0.0,0.0,0.0,0.00040583048,0.0042466247,0.006405016,0.0,0.0,0.0,0.0,0.0,0.0
73508828,-0.01268094,0.002298979,-0.042185947,-0.0613572,0.03149255,0.0026859045,0.0,0.0,0.0,0.014601134,0.0,0.0,0.0,0.0,0.0,0.2615858,0.2615854,0.14637531,0.27321982,0.2732198,4.045817,0.0,0.0,0.0,0.090317674,0.0,0.0,0.0,0.0,0.0,0.0003665066,0.00588401,0.01064029,0.0,0.0,0.0,0.0,0.0,0.0
73721383,-0.027184565,0.024197742,0.024084726,0.029165367,-0.07682441,-0.042387605,0.0,0.0,0.0,0.015098591,0.0,0.0,0.0,0.0,0.0,0.26139545,0.261395,0.14643256,0.2731896,0.27318957,4.046166,0.0,0.0,0.0,0.0903182,0.0,0.0,0.0,0.0,0.0,0.0004016898,0.003456387,0.005979493,0.0,0.0,0.0,0.0,0.0,0.0
73919091,-0.008695953,-0.011652296,0.07442135,-0.070238106,-0.0005790368,0.10273683,0.0,0.0,0.0,-0.007458357,0.0,0.0,0.0,0.0,0.0,0.26118597,0.2611854,0.14644654,0.27302757,0.2730275,4.0461187,0.0,0.0,0.0,0.09031859,0.0,0.0,0.0,0.0,0.0,0.0002925506,0.005404958,0.0114958035,0.0,0.0,0.0,0.0,0.0,0.0
74114993,-0.030613635,-0.016015032,0.11186647,-0.018195678,0.0058593377,-0.00829947,0.0,0.0,0.0,0.0037062187,0.0,0.0,0.0,0.0,0.0,0.2611185,0.2611179,0.14647867,0.27305788,0.27305782,4.0464296,0.0,0.0,0.0,0.09031908,0.0,0.0,0.0,0.0,0.0,0.0003043321,0.005183664,0.010337796,0.0,0.0,0.0,0.0,0.0,0.0
74329298,-0.040625278,0.0006794054,0.043778602,0.047516197,-0.025953365,0.015182853,0.0,0.0,0.0,0.008897509,0.0,0.0,0.0,0.0,0.0,0.26096988,0.26096958,0.14649317,0.27293834,0.27293825,4.046474,0.0,0.0,0.0,0.090319164,0.0,0.0,0.0,0.0,0.0,0.00026891168,0.0037869797,0.008292787,0.0,0.0,0.0,0.0,0.0,0.0
74529918,0.0095721735,-0.045852065,-0.010216652,0.013231296,-0.042316586,-0.051820397,0.0,0.0,0.0,0.0063652396,0.0,0.0,0.0,0.0,0.0,0.2608038,0.26080367,0.14651018,0.27285597,0.27285588,4.046464,0.0,0.0,0.0,0.09031954,0.0,0.0,0.0,0.0,0.0,0.00030443442,0.004068249,0.006641372,0.0,0.0,0.0,0.0,0.0,0.0
74729448,-0.007748505,-0.028958395,-0.011751296,-0.008699618,-0.045388438,-0.0063825846,0.0,0.0,0.0,-0.009232077,0.0,0.0,0.0,0.0,0.0,0.26068857,0.26068896,0.14653337,0.27282256,0.27282247,4.0462174,0.0,0.0,0.0,0.090319194,0.0,0.0,0.0,0.0,0.0,0.00034926657,0.004133788,0.007685781,0.0,0.0,0.0,0.0,0.0,0.0
74930306,-0.016886989,0.032886017,-0.5874756,-0.039199542,-0.038290642,0.002045989,0.0,0.0,0.0,0.0030483352,0.0,0.0,0.0,0.0,0.0,0.26057917,0.26057953,0.1465526,0.27277723,0.27277717,4.04625,0.0,0.0,0.0,0.090319246,0.0,0.0,0.0,0.0,0.0,0.0003784653,0.023324843,0.039583974,0.0,0.0,0.0,0.0,0.0,0.0
75130306,0.009758018,0.029192753,-1.1272175,0.016183786,0.010729602,0.029042602,0.0,0.0,0.0,0.012906555,0.0,0.0,0.0,0.0,0.0,0.2597529,0.25975332,0.1465212,0.27246076,0.27246076,4.0456133,0.0,0.0,0.0,0.09031846,0.0,0.0,0.0,0.0,0.0,0.00024301263,0.07347618,0.12397205,0.0,0.0,0.0,0.0,0.0,0.0
