timestamp,indicated_airspeed_m_s,true_airspeed_m_s,air_temperature_celsius,confidence
43314229,-0.47798425,-0.4862695,0.0,0.0
43336200,-0.47798425,-0.4862695,0.0,0.0
43346581,-0.6061691,-0.61667633,0.0,0.0
43361079,0.58356667,0.59368,0.0,0.0
43376049,0.58356667,0.59368,0.0,0.0
43393338,0.3843428,0.39100856,0.0,0.0
43408062,0.9076543,0.92339706,0.0,0.0
43421953,-0.80002934,-0.81390494,0.0,0.0
43437296,-0.7423651,-0.7552359,0.0,0.0
43451481,-0.7423651,-0.7552359,0.0,0.0
43467057,0.69024086,0.7022055,0.0,0.0
43482041,0.69024086,0.7022055,0.0,0.0
43497380,-0.7741104,-0.78753597,0.0,0.0
43514297,0.92347115,0.93948805,0.0,0.0
43527986,0.92347115,0.93948805,0.0,0.0
43543103,0.087835304,0.08935842,0.0,0.0
43558385,0.9587261,0.9753489,0.0,0.0
43573932,-1.0273979,-1.0452029,0.0,0.0
43589111,-0.84311986,-0.85773236,0.0,0.0
43604513,-0.100054696,-0.10178958,0.0,0.0
43620082,-0.37210953,-0.37855905,0.0,0.0
43646302,-0.37210953,-0.37855905,0.0,0.0
43650952,-0.7194278,-0.731905,0.0,0.0
43666519,-0.7194278,-0.731905,0.0,0.0
43683324,-0.7402591,-0.75309384,0.0,0.0
43696977,-0.3422654,-0.34819764,0.0,0.0
43712039,-0.3422654,-0.34819764,0.0,0.0
43726961,0.8753781,0.89055204,0.0,0.0
43742438,-0.6832938,-0.69513637,0.0,0.0
43759407,-0.5785679,-0.58859813,0.0,0.0
43773341,0.49762276,0.5062526,0.0,0.0
43788104,0.87803733,0.8932563,0.0,0.0
43803565,-0.44813174,-0.45590183,0.0,0.0
43820259,-0.7377653,-0.75055265,0.0,0.0
43833890,0.6200089,0.63075984,0.0,0.0
43848456,0.24810937,0.2524113,0.0,0.0
43863972,-0.27726632,-0.2820749,0.0,0.0
43880095,0.7114377,0.72376883,0.0,0.0
43894785,0.7114377,0.72376883,0.0,0.0
43913350,-0.42366725,-0.43101418,0.0,0.0
43926170,-0.6090329,-0.6195936,0.0,0.0
43940792,-0.6090329,-0.6195936,0.0,0.0
43956022,-0.66265535,-0.6741417,0.0,0.0
43970901,0.40911838,0.4162143,0.0,0.0
43985469,0.9352918,0.9515122,0.0,0.0
44002107,0.19954962,0.20300834,0.0,0.0
44015903,0.8271332,0.8414717,0.0,0.0
44031977,-0.6214764,-0.6322503,0.0,0.0
44047957,-0.18716694,-0.19041203,0.0,0.0
44062559,-0.18716694,-0.19041203,0.0,0.0
44080302,-0.92492306,-0.9409561,0.0,0.0
44095475,-0.58644587,-0.59661084,0.0,0.0
44109340,-0.7631916,-0.776425,0.0,0.0
44124929,-0.7631916,-0.776425,0.0,0.0
44139410,0.41687614,0.42410317,0.0,0.0
44154689,1.0242797,1.042041,0.0,0.0
44169666,-0.507652,-0.51645434,0.0,0.0
44185286,-1.0270534,-1.0448533,0.0,0.0
44203038,-1.0270534,-1.0448533,0.0,0.0
44216024,0.38096005,0.38756418,0.0,0.0
44231510,-0.95820934,-0.97482806,0.0,0.0
44246180,0.851604,0.8663631,0.0,0.0
44262497,-0.9779919,-0.99494356,0.0,0.0
44278329,0.26038164,0.26489782,0.0,0.0
44292564,0.5445175,0.5539601,0.0,0.0
44308153,0.5742109,0.5841639,0.0,0.0
44323339,0.5742109,0.5841639,0.0,0.0
44338987,-0.37580395,-0.382317,0.0,0.0
44355302,0.65186065,0.6631583,0.0,0.0
44371297,-0.8594271,-0.8743238,0.0,0.0
44384204,-0.8594271,-0.8743238,0.0,0.0
44400012,0.31286412,0.31828722,0.0,0.0
44414519,0.48759583,0.49605107,0.0,0.0
44429446,-0.82295173,-0.8372138,0.0,0.0
44446303,-0.39657846,-0.4034559,0.0,0.0
44459447,-0.92910403,-0.94520754,0.0,0.0
44476311,-0.8539343,-0.8687364,0.0,0.0
44490134,-0.8539343,-0.8687364,0.0,0.0
44505505,-0.84138805,-0.8559697,0.0,0.0
44521762,0.8030055,0.81692624,0.0,0.0
44538349,0.8030055,0.81692624,0.0,0.0
44550559,0.52809507,0.5372526,0.0,0.0
44567113,-0.3003782,-0.3055877,0.0,0.0
44582297,-1.0088412,-1.0263252,0.0,0.0
44595938,0.9269472,0.9430115,0.0,0.0
44611145,-0.21406382,-0.21777523,0.0,0.0
44625981,-0.21406382,-0.21777523,0.0,0.0
44641439,-0.7432559,-0.75614446,0.0,0.0
44657534,-0.7432559,-0.75614446,0.0,0.0
44671898,-0.7354835,-0.74822956,0.0,0.0
44686924,-0.8495794,-0.86430824,0.0,0.0
44701361,0.93442196,0.9506173,0.0,0.0
44716730,0.59782743,0.6081889,0.0,0.0
44732339,0.59782743,0.6081889,0.0,0.0
44748327,0.5024155,0.511128,0.0,0.0
44763336,-1.0202782,-1.037964,0.0,0.0
44776347,0.9679155,0.9846998,0.0,0.0
44791944,-0.7987204,-0.81256837,0.0,0.0
44808323,-0.7987204,-0.81256837,0.0,0.0
44824304,1.0002915,1.0176389,0.0,0.0
44838425,1.0002915,1.0176389,0.0,0.0
44855308,0.94283134,0.9591823,0.0,0.0
44868400,0.8247653,0.83906984,0.0,0.0
44883879,0.8247653,0.83906984,0.0,0.0
44899288,0.7119927,0.7243336,0.0,0.0
44914826,0.7119927,0.7243336,0.0,0.0
44930582,0.561845,0.5715882,0.0,0.0
44945710,-0.8122383,-0.8263235,0.0,0.0
44962306,0.847023,0.86171204,0.0,0.0
44977307,-0.47207624,-0.4802605,0.0,0.0
44990556,0.7629594,0.77618754,0.0,0.0
45007297,-0.9829403,-0.999983,0.0,0.0
45022304,0.63939327,0.6504765,0.0,0.0
45038330,0.36845863,0.3748458,0.0,0.0
45051138,0.33931264,0.3451973,0.0,0.0
45065948,0.33931264,0.3451973,0.0,0.0
45084297,-0.15864398,-0.161395,0.0,0.0
45097303,0.8867907,0.9021686,0.0,0.0
45111495,0.7039442,0.7161508,0.0,0.0
45129297,0.7039442,0.7161508,0.0,0.0
45141187,-0.88212997,-0.89741945,0.0,0.0
45156040,-0.96053225,-0.9771867,0.0,0.0
45171223,0.31751806,0.32302472,0.0,0.0
45186726,0.31751806,0.32302472,0.0,0.0
45201944,0.11156993,0.11350486,0.0,0.0
45218347,0.11156993,0.11350486,0.0,0.0
45233010,-0.89081746,-0.90626335,0.0,0.0
45249303,0.96579176,0.98253393,0.0,0.0
45262536,0.61910176,0.62983924,0.0,0.0
45278482,-0.87594754,-0.8911332,0.0,0.0
45295304,-0.6804701,-0.69226307,0.0,0.0
45308498,0.8445514,0.8591974,0.0,0.0
45323875,-0.97177756,-0.9886212,0.0,0.0
45338745,-0.97177756,-0.9886212,0.0,0.0
45355035,-0.2117649,-0.21543641,0.0,0.0
45369446,0.26596564,0.27057722,0.0,0.0
45384354,0.26596564,0.27057722,0.0,0.0
45400328,-0.76482105,-0.77807724,0.0,0.0
45416906,-0.76482105,-0.77807724,0.0,0.0
45432303,0.47181776,0.4799964,0.0,0.0
45447297,0.47181776,0.4799964,0.0,0.0
45461226,0.96459347,0.9813128,0.0,0.0
45476493,-0.2084289,-0.21204215,0.0,0.0
45491878,-0.2084289,-0.21204215,0.0,0.0
45506510,-0.97665566,-0.9935949,0.0,0.0
45522291,-0.77860206,-0.79210556,0.0,0.0
45537401,-0.77860206,-0.79210556,0.0,0.0
45553535,0.46173292,0.46973532,0.0,0.0
45568324,0.7162361,0.7286526,0.0,0.0
45583345,-0.5851262,-0.59527457,0.0,0.0
45598429,0.7820142,0.7955724,0.0,0.0
45613837,-0.87405455,-0.88920987,0.0,0.0
45628575,-0.9937163,-1.0109481,0.0,0.0
45645305,0.8977454,0.913315,0.0,0.0
45659004,0.27827013,0.2830944,0.0,0.0
45673747,0.81406796,0.8281779,0.0,0.0
45689835,-0.7072904,-0.71955067,0.0,0.0
45703759,0.70368177,0.71588296,0.0,0.0
45720724,0.70368177,0.71588296,0.0,0.0
45737297,0.40829718,0.41537362,0.0,0.0
45750805,-0.2366599,-0.24076329,0.0,0.0
45766248,-0.2366599,-0.24076329,0.0,0.0
45782311,-0.94681406,-0.96322846,0.0,0.0
45797798,-0.13213935,-0.13442956,0.0,0.0
45813339,-0.13213935,-0.13442956,0.0,0.0
45829371,-0.7522364,-0.7652808,0.0,0.0
45842554,-0.9786878,-0.99565494,0.0,0.0
45857517,-0.96862376,-0.9854104,0.0,0.0
45872565,0.96465325,0.9813805,0.0,0.0
45887723,-0.7556316,-0.7687368,0.0,0.0
45902781,-0.7556316,-0.7687368,0.0,0.0
45918190,0.81904167,0.8332373,0.0,0.0
45935304,0.81904167,0.8332373,0.0,0.0
45949579,-0.1396865,-0.14210817,0.0,0.0
45964580,-0.1396865,-0.14210817,0.0,0.0
45982306,-0.24147522,-0.24566264,0.0,0.0
45995691,-0.9610977,-0.977764,0.0,0.0
46011070,0.9687566,0.9855482,0.0,0.0
46026621,0.9687566,0.9855482,0.0,0.0
46041728,0.95122206,0.96771336,0.0,0.0
46057647,0.9575144,0.9741186,0.0,0.0
46072413,0.9575144,0.9741186,0.0,0.0
46088521,-0.846535,-0.8612067,0.0,0.0
46105310,0.43446872,0.44199908,0.0,0.0
46119740,0.43446872,0.44199908,0.0,0.0
46134622,-0.7212408,-0.7337446,0.0,0.0
46149224,-0.8438769,-0.8585073,0.0,0.0
46165053,-0.8438769,-0.8585073,0.0,0.0
46179980,-0.83335775,-0.84780186,0.0,0.0
46195629,-0.9303564,-0.94648874,0.0,0.0
46210558,-0.8243413,-0.83863807,0.0,0.0
46225607,0.8386054,0.85314786,0.0,0.0
46240697,-0.49329406,-0.50184613,0.0,0.0
46255983,-0.49329406,-0.50184613,0.0,0.0
46270765,-0.7004416,-0.71259016,0.0,0.0
46286384,0.7788348,0.79233605,0.0,0.0
46301915,0.7788348,0.79233605,0.0,0.0
46317862,0.85456026,0.8693797,0.0,0.0
46332189,0.8849244,0.90026397,0.0,0.0
46348739,0.3310122,0.33674982,0.0,0.0
46363387,0.9620025,0.97868323,0.0,0.0
46379034,0.8441256,0.85876083,0.0,0.0
46394824,0.93198746,0.9481463,0.0,0.0
46411310,0.60561615,0.6161118,0.0,0.0
46424484,0.60561615,0.6161118,0.0,0.0
46441862,0.7963751,0.8101821,0.0,0.0
46456066,0.7963751,0.8101821,0.0,0.0
46470973,0.65187716,0.6631834,0.0,0.0
46487169,-0.9328829,-0.9490536,0.0,0.0
46501540,-0.91721296,-0.9331086,0.0,0.0
46517046,-0.91721296,-0.9331086,0.0,0.0
46534302,-0.44983515,-0.45763388,0.0,0.0
46547820,-0.87261355,-0.8877414,0.0,0.0
46565305,-0.909106,-0.9248637,0.0,0.0
46579169,-0.87598115,-0.8911729,0.0,0.0
46594536,0.6450972,0.6562848,0.0,0.0
46608530,0.87776965,0.89299077,0.0,0.0
46625297,0.43750238,0.4450895,0.0,0.0
46639132,-0.7953226,-0.8091138,0.0,0.0
46654973,-0.7953226,-0.8091138,0.0,0.0
46670379,0.87292415,0.8880629,0.0,0.0
46687305,0.2214227,0.22526094,0.0,0.0
46700860,0.70965827,0.72196597,0.0,0.0
46717305,0.70965827,0.72196597,0.0,0.0
46731444,-0.2860672,-0.2910262,0.0,0.0
46746896,-0.21056484,-0.21421486,0.0,0.0
46762533,0.64851713,0.65976274,0.0,0.0
46780304,0.64851713,0.65976274,0.0,0.0
46795297,1.012337,1.0298836,0.0,0.0
46808174,1.012337,1.0298836,0.0,0.0
46823892,0.76167226,0.77487445,0.0,0.0
46839782,0.807832,0.82183367,0.0,0.0
46855196,-0.76402515,-0.7772753,0.0,0.0
46870759,-0.76402515,-0.7772753,0.0,0.0
46885430,0.43299416,0.4405031,0.0,0.0
46902385,-0.8910819,-0.90652674,0.0,0.0
46917050,0.9836505,1.0007105,0.0,0.0
46930512,-0.53192353,-0.54114926,0.0,0.0
46946380,-0.24577989,-0.2500412,0.0,0.0
46964650,-0.24577989,-0.2500412,0.0,0.0
46975975,-1.0138006,-1.031374,0.0,0.0
46993325,-1.0138006,-1.031374,0.0,0.0
47006551,-0.59618527,-0.6065246,0.0,0.0
47024297,0.9305697,0.9467094,0.0,0.0
47037813,0.9305697,0.9467094,0.0,0.0
47053347,-0.6318136,-0.6427704,0.0,0.0
47068545,-0.31438476,-0.31983495,0.0,0.0
47083675,0.58697397,0.59714955,0.0,0.0
47099497,-0.4028123,-0.40979725,0.0,0.0
47114606,0.35370904,0.35984045,0.0,0.0
47128945,-0.78841496,-0.8020787,0.0,0.0
47144585,-0.78841496,-0.8020787,0.0,0.0
47163325,-0.9731483,-0.9900254,0.0,0.0
47175438,-0.9731483,-0.9900254,0.0,0.0
47191652,0.90423566,0.91991216,0.0,0.0
47205768,-0.58756924,-0.5977533,0.0,0.0
47225304,0.6054505,0.61594707,0.0,0.0
47237488,-0.9908297,-1.0080135,0.0,0.0
47252582,-0.49453023,-0.50310737,0.0,0.0
47267399,0.77099854,0.7843608,0.0,0.0
47282432,0.6035601,0.6140277,0.0,0.0
47297765,-0.20982814,-0.21346532,0.0,0.0
47313513,-0.20982814,-0.21346532,0.0,0.0
47329427,0.8710341,0.88614035,0.0,0.0
47344267,-0.82165205,-0.8358963,0.0,0.0
47359918,0.74958944,0.7625856,0.0,0.0
47376365,0.82543224,0.839738,0.0,0.0
47390031,0.82543224,0.839738,0.0,0.0
47405009,0.80170727,0.81560856,0.0,0.0
47422913,-0.16127977,-0.16407645,0.0,0.0
47436113,-0.16127977,-0.16407645,0.0,0.0
47450974,0.48084706,0.48918256,0.0,0.0
47465976,-0.43798664,-0.44557744,0.0,0.0
47482304,-0.8549749,-0.8698035,0.0,0.0
47497296,-0.9770333,-0.9939753,0.0,0.0
47511020,-0.9770333,-0.9939753,0.0,0.0
47527296,-0.5215422,-0.5305833,0.0,0.0
47544306,0.8872868,0.90266544,0.0,0.0
47558350,-0.8669602,-0.8819968,0.0,0.0
47574303,0.5810913,0.59116507,0.0,0.0
47587820,0.5810913,0.59116507,0.0,0.0
47604303,-0.26679608,-0.27142012,0.0,0.0
47618375,0.8383584,0.8528881,0.0,0.0
47635300,0.8383584,0.8528881,0.0,0.0
47649236,-0.43669042,-0.44425896,0.0,0.0
47664595,-0.43669042,-0.44425896,0.0,0.0
47679520,-0.4068051,-0.41385812,0.0,0.0
47696303,-0.4068051,-0.41385812,0.0,0.0
47712296,-0.5325462,-0.54178154,0.0,0.0
47725914,-0.5325462,-0.54178154,0.0,0.0
47740790,0.9794668,0.99644566,0.0,0.0
47757296,0.70400697,0.7162114,0.0,0.0
47773348,0.70400697,0.7162114,0.0,0.0
47786397,-0.7929746,-0.80671924,0.0,0.0
47801961,-0.9576629,-0.9742689,0.0,0.0
47817618,-0.43546206,-0.44301108,0.0,0.0
47832580,-0.43546206,-0.44301108,0.0,0.0
47848194,0.92408925,0.9401091,0.0,0.0
47862910,0.9724486,0.9893146,0.0,0.0
47880302,0.8645699,0.87955314,0.0,0.0
47894723,-0.38152283,-0.38813487,0.0,0.0
47910296,0.50382733,0.512561,0.0,0.0
47924820,0.44719818,0.45494965,0.0,0.0
47940495,-1.015151,-1.0327575,0.0,0.0
47954931,-0.9813781,-0.99839556,0.0,0.0
47972302,-0.5884839,-0.59868926,0.0,0.0
47986681,-0.8564511,-0.8713026,0.0,0.0
48001465,0.27656463,0.2813608,0.0,0.0
48016080,0.27656463,0.2813608,0.0,0.0
48030314,0.78974265,0.8034322,0.0,0.0
48046049,0.78974265,0.8034322,0.0,0.0
48061311,0.8342378,0.84870356,0.0,0.0
48076125,0.63332397,0.64430344,0.0,0.0
48091877,0.63332397,0.64430344,0.0,0.0
48107206,0.2649469,0.26954198,0.0,0.0
48124304,0.2649469,0.26954198,0.0,0.0
48137548,-1.0174341,-1.0350809,0.0,0.0
48152573,-0.65190744,-0.6632065,0.0,0.0
48169302,-0.8484907,-0.86319745,0.0,0.0
48183041,-0.8484907,-0.86319745,0.0,0.0
48198554,0.3296377,0.33535326,0.0,0.0
48213190,-0.92833793,-0.94443846,0.0,0.0
48228746,-0.41426107,-0.42144063,0.0,0.0
48243627,0.76294243,0.7761648,0.0,0.0
48260208,0.8186391,0.8328288,0.0,0.0
48274392,0.8186391,0.8328288,0.0,0.0
48289852,-0.8736842,-0.88882846,0.0,0.0
48305189,1.0078487,1.0253204,0.0,0.0
48322431,0.2339518,0.2380064,0.0,0.0
48335630,1.0019978,1.0193634,0.0,0.0
48350945,0.8682323,0.88328904,0.0,0.0
48365993,0.8682323,0.88328904,0.0,0.0
48381808,0.37289748,0.37936044,0.0,0.0
48397379,0.37289748,0.37936044,0.0,0.0
48413322,0.5301879,0.53938353,0.0,0.0
48428328,-0.73298407,-0.7456925,0.0,0.0
48441633,-0.73298407,-0.7456925,0.0,0.0
48457286,-0.4789023,-0.48720834,0.0,0.0
48472165,-0.5243386,-0.53342605,0.0,0.0
48487789,-0.5243386,-0.53342605,0.0,0.0
48503470,0.55066544,0.56021315,0.0,0.0
48518950,0.7683128,0.7816357,0.0,0.0
48534446,-0.93126184,-0.9474092,0.0,0.0
48551383,-0.995688,-1.012953,0.0,0.0
48565130,-0.995688,-1.012953,0.0,0.0
48580060,0.5331924,0.5424347,0.0,0.0
48595414,1.012521,1.0300708,0.0,0.0
48610212,0.6901211,0.7020835,0.0,0.0
48625808,0.8269131,0.8412482,0.0,0.0
48644297,0.8269131,0.8412482,0.0,0.0
48655821,-0.66837573,-0.67995983,0.0,0.0
48672304,-1.0118223,-1.0293719,0.0,0.0
48685446,-0.84082943,-0.85540307,0.0,0.0
48704298,-0.9908895,-1.0080751,0.0,0.0
48717383,-0.9908895,-1.0080751,0.0,0.0
48730965,-0.7850534,-0.7986603,0.0,0.0
48746530,-0.86694014,-0.88197106,0.0,0.0
48761959,-0.9919316,-1.0091296,0.0,0.0
48776663,0.7137645,0.726141,0.0,0.0
48791511,0.72827756,0.74090195,0.0,0.0
48806371,0.72827756,0.74090195,0.0,0.0
48824303,-0.92257553,-0.93857175,0.0,0.0
48839297,-0.6845056,-0.69637036,0.0,0.0
48852311,-0.7734161,-0.78682333,0.0,0.0
48867349,-0.094088815,-0.095720075,0.0,0.0
48883046,-0.094088815,-0.095720075,0.0,0.0
48898485,-0.46474567,-0.472806,0.0,0.0
48914785,0.34548378,0.35147193,0.0,0.0
48928424,0.23024951,0.23424268,0.0,0.0
48943821,-0.63896245,-0.6500387,0.0,0.0
48960303,-1.0087984,-1.0262867,0.0,0.0
48974966,-0.8669072,-0.8819411,0.0,0.0
48988505,-0.8669072,-0.8819411,0.0,0.0
49003950,-0.4874528,-0.49590272,0.0,0.0
49021990,-0.6486267,-0.6598715,0.0,0.0
49036381,0.9313921,0.9475447,0.0,0.0
49050956,0.9313921,0.9475447,0.0,0.0
49066463,0.90710336,0.922824,0.0,0.0
49081299,0.73811007,0.7509048,0.0,0.0
49096265,0.5638221,0.57359654,0.0,0.0
49112277,1.0065849,1.0240434,0.0,0.0
49127085,1.0065849,1.0240434,0.0,0.0
49144302,0.2250164,0.22891785,0.0,0.0
49157844,0.9974625,1.0147507,0.0,0.0
49172000,-0.98018754,-0.9971783,0.0,0.0
49188200,-0.7064187,-0.7186648,0.0,0.0
49203423,-0.7064187,-0.7186648,0.0,0.0
49217499,0.8745452,0.88970363,0.0,0.0
49232543,0.94142455,0.95774174,0.0,0.0
49248573,0.470338,0.47849327,0.0,0.0
49265303,0.2973073,0.3024639,0.0,0.0
49278525,-0.34061995,-0.34652787,0.0,0.0
49295304,-0.619752,-0.6305006,0.0,0.0
49310303,1.0231777,1.0409105,0.0,0.0
49323658,1.0231777,1.0409105,0.0,0.0
49338846,-0.8092551,-0.8232802,0.0,0.0
49353476,0.4682689,0.4763849,0.0,0.0
49368771,0.4682689,0.4763849,0.0,0.0
49384296,-0.7894486,-0.8031394,0.0,0.0
49398086,0.46812317,0.47624028,0.0,0.0
49413119,0.79077137,0.8044846,0.0,0.0
49428425,-0.7906071,-0.804319,0.0,0.0
49444296,-0.68992555,-0.7018874,0.0,0.0
49458578,-0.7584852,-0.77163637,0.0,0.0
49475303,0.845944,0.86061573,0.0,0.0
49488836,0.5101819,0.51902634,0.0,0.0
49503259,0.5018822,0.51058394,0.0,0.0
49518849,-0.9175879,-0.9334984,0.0,0.0
49534726,-1.0158277,-1.0334352,0.0,0.0
49550299,-0.84408385,-0.8587229,0.0,0.0
49564117,-0.84408385,-0.8587229,0.0,0.0
49580162,0.8638135,0.8787853,0.0,0.0
49595236,-0.77921593,-0.79272854,0.0,0.0
49612302,0.92358035,0.9395923,0.0,0.0
49625665,0.946857,0.96326864,0.0,0.0
49641604,0.9231961,0.93920285,0.0,0.0
49656687,-0.34141144,-0.3473318,0.0,0.0
49672620,-0.34141144,-0.3473318,0.0,0.0
49688246,0.68761104,0.69953454,0.0,0.0
49702421,0.68761104,0.69953454,0.0,0.0
49719302,0.22647443,0.23039979,0.0,0.0
49734296,0.85459167,0.86940634,0.0,0.0
49747682,0.6953128,0.707367,0.0,0.0
49764302,-0.42191976,-0.42923388,0.0,0.0
49778189,-0.3535432,-0.359673,0.0,0.0
49793604,-0.3535432,-0.359673,0.0,0.0
49808243,-0.76819104,-0.7815099,0.0,0.0
49823613,0.3139592,0.31940293,0.0,0.0
49841297,0.8512237,0.8659784,0.0,0.0
49853302,-0.7512035,-0.7642309,0.0,0.0
49868531,0.96015155,0.9768036,0.0,0.0
49884006,-0.5158253,-0.5247694,0.0,0.0
49899500,-0.5158253,-0.5247694,0.0,0.0
49915791,0.2547874,0.25920314,0.0,0.0
49931338,0.240019,0.24417879,0.0,0.0
49946297,0.9292437,0.9453522,0.0,0.0
49961194,-0.751575,-0.76460326,0.0,0.0
49976752,-0.75613564,-0.7692465,0.0,0.0
49992037,-0.75613564,-0.7692465,0.0,0.0
50008428,1.0120769,1.0296246,0.0,0.0
50023037,1.0120769,1.0296246,0.0,0.0
50039296,-0.43838248,-0.4459811,0.0,0.0
50054728,0.8468019,0.86147934,0.0,0.0
50067937,0.76702076,0.7803211,0.0,0.0
50082498,-0.7621897,-0.77540666,0.0,0.0
50098782,-0.79690653,-0.8107225,0.0,0.0
50113011,0.5847567,0.5948922,0.0,0.0
50128568,0.5847567,0.5948922,0.0,0.0
50143517,-0.9743508,-0.9912484,0.0,0.0
50159440,0.8281842,0.84254426,0.0,0.0
50174553,-0.7861366,-0.7997669,0.0,0.0
50190478,-0.7861366,-0.7997669,0.0,0.0
50204955,-0.87928987,-0.8945315,0.0,0.0
50223323,-0.8433529,-0.8579742,0.0,0.0
50238323,0.867119,0.88215065,0.0,0.0
50251998,0.867119,0.88215065,0.0,0.0
50266915,-0.9837739,-1.000834,0.0,0.0
50282554,-0.9837739,-1.000834,0.0,0.0
50297394,0.6698583,0.68147135,0.0,0.0
50313345,0.16566369,0.16853689,0.0,0.0
50327671,0.84163165,0.85622,0.0,0.0
50343220,0.5653738,0.5751783,0.0,0.0
50357642,0.9062733,0.92198676,0.0,0.0
50372347,-0.5419409,-0.5513404,0.0,0.0
50388245,-0.5419409,-0.5513404,0.0,0.0
50402594,0.8973837,0.91294676,0.0,0.0
50419338,0.94901645,0.96547407,0.0,0.0
50433873,0.94901645,0.96547407,0.0,0.0
50448704,-0.85452783,-0.86934716,0.0,0.0
50464271,-0.8068005,-0.82078594,0.0,0.0
50481490,-0.8068005,-0.82078594,0.0,0.0
50495620,-1.017425,-1.0350585,0.0,0.0
50510547,-1.017425,-1.0350585,0.0,0.0
50525733,-0.33384037,-0.33962625,0.0,0.0
50542011,0.3920994,0.3988992,0.0,0.0
50558331,0.3920994,0.3988992,0.0,0.0
50571394,0.9757677,0.99268043,0.0,0.0
50587093,-0.9701185,-0.98694193,0.0,0.0
50602608,0.8253231,0.83962816,0.0,0.0
50618468,0.8253231,0.83962816,0.0,0.0
50633474,0.79765856,0.81148434,0.0,0.0
50651297,0.8421595,0.8567543,0.0,0.0
50663882,-0.25059593,-0.25494012,0.0,0.0
50680309,-0.77081466,-0.7841788,0.0,0.0
50693607,0.5052426,0.5139996,0.0,0.0
50709049,0.9247768,0.94080764,0.0,0.0
50726341,0.9494976,0.9659531,0.0,0.0
50740086,0.9494976,0.9659531,0.0,0.0
50756381,0.3396494,0.34553578,0.0,0.0
50770337,-0.69472075,-0.70676154,0.0,0.0
50786303,-0.69472075,-0.70676154,0.0,0.0
50804340,-0.75035393,-0.76336205,0.0,0.0
50815765,0.89800096,0.9135759,0.0,0.0
50831722,-0.8359896,-0.8504837,0.0,0.0
50847971,-0.8359896,-0.8504837,0.0,0.0
50862217,-0.8953954,-0.910914,0.0,0.0
50879302,-0.8953954,-0.910914,0.0,0.0
50893768,-0.82006586,-0.8342889,0.0,0.0
50908371,0.9119848,0.9277991,0.0,0.0
50924374,0.9119848,0.9277991,0.0,0.0
50940218,-0.7635245,-0.7767601,0.0,0.0
50954911,-0.7635245,-0.7767601,0.0,0.0
50972303,0.9542918,0.97083694,0.0,0.0
50986018,-0.76704794,-0.7803465,0.0,0.0
51001310,-0.3466078,-0.3526159,0.0,0.0
51016332,-0.22291553,-0.22678098,0.0,0.0
51030307,-0.22291553,-0.22678098,0.0,0.0
51045901,-1.0197252,-1.037407,0.0,0.0
51062360,0.87508804,0.89025366,0.0,0.0
51076506,0.87508804,0.89025366,0.0,0.0
51092217,-0.3296304,-0.3353476,0.0,0.0
51107553,-0.3296304,-0.3353476,0.0,0.0
51122905,-0.53817976,-0.5475083,0.0,0.0
51137774,-0.16739129,-0.17029247,0.0,0.0
51152551,0.5041646,0.51290756,0.0,0.0
51168719,0.5041646,0.51290756,0.0,0.0
51185302,0.4030886,0.4100743,0.0,0.0
51199070,0.89730614,0.9128575,0.0,0.0
51214284,-0.662774,-0.67426604,0.0,0.0
51229633,-0.34326866,-0.34921852,0.0,0.0
51245331,-0.87750673,-0.8927261,0.0,0.0
51261545,-0.87750673,-0.8927261,0.0,0.0
51275488,0.87432486,0.8894839,0.0,0.0
51290919,0.9090395,0.92479485,0.0,0.0
51305769,-0.7078981,-0.7201686,0.0,0.0
51323346,-0.6644582,-0.6759769,0.0,0.0
51337177,-0.6644582,-0.6759769,0.0,0.0
51352383,0.3343203,0.3401188,0.0,0.0
51368475,0.3343203,0.3401188,0.0,0.0
51383057,0.28949207,0.29450908,0.0,0.0
51399050,-0.88569194,-0.9010516,0.0,0.0
51414148,-0.91504216,-0.9309102,0.0,0.0
51430302,-0.91504216,-0.9309102,0.0,0.0
51444597,-0.83754486,-0.85206383,0.0,0.0
51461752,-0.67663956,-0.6883664,0.0,0.0
51474683,-0.60550743,-0.61600596,0.0,0.0
51491303,-0.7979014,-0.81172955,0.0,0.0
51505421,-0.7979014,-0.81172955,0.0,0.0
51522215,-0.97259396,-0.9894545,0.0,0.0
51536149,-0.4074727,-0.41453603,0.0,0.0
51553331,0.697849,0.70994604,0.0,0.0
51566266,0.697849,0.70994604,0.0,0.0
51582056,-0.5652068,-0.5750072,0.0,0.0
51596420,0.8074598,0.8214631,0.0,0.0
51611749,0.9169866,0.93288743,0.0,0.0
51627516,-0.63204724,-0.6430045,0.0,0.0
51642614,-0.63204724,-0.6430045,0.0,0.0
51658922,0.81989086,0.8341012,0.0,0.0
51673850,0.81989086,0.8341012,0.0,0.0
51689773,-0.8647472,-0.8797384,0.0,0.0
51704475,-0.9817168,-0.99874276,0.0,0.0
51721743,-0.9817168,-0.99874276,0.0,0.0
51735925,-0.88460726,-0.89994913,0.0,0.0
51749496,0.9135787,0.92942333,0.0,0.0
51765063,0.9135787,0.92942333,0.0,0.0
51780046,-1.0124654,-1.0300235,0.0,0.0
51795599,-0.83905166,-0.85359967,0.0,0.0
51812343,0.8392873,0.8538322,0.0,0.0
51825762,0.8392873,0.8538322,0.0,0.0
51841116,-0.99620086,-1.013479,0.0,0.0
51856613,-0.99620086,-1.013479,0.0,0.0
51871464,-0.41452295,-0.4217103,0.0,0.0
51886866,0.84748566,0.8621826,0.0,0.0
51901359,-0.72201335,-0.73453176,0.0,0.0
51916922,-0.72201335,-0.73453176,0.0,0.0
51931844,-0.90989345,-0.9256714,0.0,0.0
51947106,-0.5860503,-0.5962146,0.0,0.0
51961751,0.7838377,0.7974222,0.0,0.0
51978960,0.46920285,0.47734037,0.0,0.0
51991711,0.8089599,0.82298017,0.0,0.0
52009655,0.8089599,0.82298017,0.0,0.0
52023083,-0.90294474,-0.9185993,0.0,0.0
52037324,-0.65880734,-0.6702318,0.0,0.0
52052843,-0.65880734,-0.6702318,0.0,0.0
52071301,-0.5707107,-0.5806083,0.0,0.0
52085306,-0.7159836,-0.7283949,0.0,0.0
52099352,-0.7159836,-0.7283949,0.0,0.0
52115310,-0.09605048,-0.09771582,0.0,0.0
52129434,-0.09605048,-0.09771582,0.0,0.0
52146305,-0.5450652,-0.5545155,0.0,0.0
52161374,-0.6362588,-0.64729047,0.0,0.0
52175216,0.64273804,0.65388423,0.0,0.0
52190081,0.57240784,0.5823306,0.0,0.0
52205086,0.57240784,0.5823306,0.0,0.0
52222187,-0.90055424,-0.9161697,0.0,0.0
52236302,-0.47392324,-0.48214296,0.0,0.0
52252164,0.65062463,0.66190356,0.0,0.0
52265968,-1.0178858,-1.0355381,0.0,0.0
52280982,0.6778555,0.6896106,0.0,0.0
52296080,-0.38895082,-0.3956958,0.0,0.0
52311120,-0.83042103,-0.84482247,0.0,0.0
52326101,-0.57898366,-0.58902496,0.0,0.0
52341577,0.42462522,0.43198803,0.0,0.0
52356713,0.7119892,0.7243285,0.0,0.0
52372349,0.7119892,0.7243285,0.0,0.0
52387601,-0.21903664,-0.2228333,0.0,0.0
52402493,-0.21903664,-0.2228333,0.0,0.0
52418416,-0.8754709,-0.8906449,0.0,0.0
52432846,0.73571414,0.7484668,0.0,0.0
52448779,0.82526296,0.8395699,0.0,0.0
52466306,0.6860642,0.69795626,0.0,0.0
52479227,0.6860642,0.69795626,0.0,0.0
52494311,-0.84931487,-0.8640358,0.0,0.0
52512731,0.77691543,0.7903821,0.0,0.0
52524781,0.37845623,0.3850204,0.0,0.0
52541596,0.78476566,0.7983769,0.0,0.0
52555109,1.0281981,1.0460231,0.0,0.0
52569383,-0.9809076,-0.99791765,0.0,0.0
52584964,-0.9809076,-0.99791765,0.0,0.0
52601630,0.5489406,0.55846167,0.0,0.0
52615571,0.5489406,0.55846167,0.0,0.0
52630292,1.0193576,1.0370255,0.0,0.0
52645891,0.76237583,0.7755891,0.0,0.0
52662098,0.31099215,0.31638438,0.0,0.0
52676209,0.31099215,0.31638438,0.0,0.0
52691441,0.620218,0.6309702,0.0,0.0
52706339,0.22944988,0.23342717,0.0,0.0
52723509,-1.0044597,-1.0218723,0.0,0.0
52736977,-1.0044597,-1.0218723,0.0,0.0
52753034,-1.0149436,-1.0325407,0.0,0.0
52768201,-1.0149436,-1.0325407,0.0,0.0
52783356,0.46568882,0.47376063,0.0,0.0
52798727,-0.4980095,-0.506645,0.0,0.0
52817300,-0.4980095,-0.506645,0.0,0.0
52829649,-0.77268976,-0.78608716,0.0,0.0
52845332,-0.77268976,-0.78608716,0.0,0.0
52861286,-0.75574696,-0.76885355,0.0,0.0
52875237,0.58539814,0.5955464,0.0,0.0
52892306,0.58711034,0.5972874,0.0,0.0
52904863,-0.6075843,-0.6181185,0.0,0.0
52921306,0.7583758,0.7715261,0.0,0.0
52934781,0.1451665,0.14768313,0.0,0.0
52949712,0.1451665,0.14768313,0.0,0.0
52966300,0.6596705,0.67110765,0.0,0.0
52979892,0.6596705,0.67110765,0.0,0.0
52995955,-0.64734954,-0.65857166,0.0,0.0
53011249,-0.64734954,-0.65857166,0.0,0.0
53027307,-0.14770795,-0.15026854,0.0,0.0
53042111,0.59741104,0.60776764,0.0,0.0
53056532,-0.8545653,-0.86937964,0.0,0.0
53071820,-0.8545653,-0.86937964,0.0,0.0
53087378,-0.73638964,-0.7491571,0.0,0.0
53102516,-0.73638964,-0.7491571,0.0,0.0
53117957,1.0115502,1.0290838,0.0,0.0
53132397,-0.6877594,-0.6996813,0.0,0.0
53147352,0.9015347,0.91716325,0.0,0.0
53162108,-0.7919326,-0.8056622,0.0,0.0
53178328,0.4011429,0.4080965,0.0,0.0
53191966,0.4011429,0.4080965,0.0,0.0
53208432,-0.79342055,-0.8071793,0.0,0.0
53223458,-0.9904889,-1.007667,0.0,0.0
53238554,-0.9904889,-1.007667,0.0,0.0
53254060,0.81674314,0.83090705,0.0,0.0
53268875,-0.75029445,-0.7632978,0.0,0.0
53284132,-0.75029445,-0.7632978,0.0,0.0
53299820,0.9420275,0.95836604,0.0,0.0
53315207,0.9420275,0.95836604,0.0,0.0
53331121,0.22780196,0.23175313,0.0,0.0
53345816,0.114650875,0.116638094,0.0,0.0
53360509,0.7637211,0.7769677,0.0,0.0
53376375,-0.36017004,-0.3664156,0.0,0.0
53390681,-0.9486368,-0.9650862,0.0,0.0
53405374,-0.9486368,-0.9650862,0.0,0.0
53420533,-0.14730448,-0.14985915,0.0,0.0
53435125,-0.9897921,-1.0069559,0.0,0.0
53452339,0.25974685,0.26424953,0.0,0.0
53466860,0.5338369,0.54308975,0.0,0.0
53482435,-0.73567027,-0.74842423,0.0,0.0
53497132,-0.73567027,-0.74842423,0.0,0.0
53513133,-0.7938613,-0.80763084,0.0,0.0
53527024,0.77073145,0.7840981,0.0,0.0
53542301,-0.8975254,-0.9130887,0.0,0.0
53558180,-0.8975254,-0.9130887,0.0,0.0
53572598,0.8461588,0.86083335,0.0,0.0
53588732,0.8461588,0.86083335,0.0,0.0
53603596,0.7854966,0.7991142,0.0,0.0
53618738,0.31976977,0.32531494,0.0,0.0
53636300,-0.8582528,-0.87312794,0.0,0.0
53649599,-0.8582528,-0.87312794,0.0,0.0
53665232,-0.5782166,-0.58824545,0.0,0.0
53680571,-0.86495686,-0.8799596,0.0,0.0
53695839,0.04204397,0.042772993,0.0,0.0
53712333,0.04204397,0.042772993,0.0,0.0
53728352,-0.918759,-0.93468267,0.0,0.0
53744306,0.75609016,0.7692026,0.0,0.0
53761192,0.75609016,0.7692026,0.0,0.0
53774299,-0.9680938,-0.9848751,0.0,0.0
53789414,0.5435843,0.55300957,0.0,0.0
53803862,1.0276757,1.0454953,0.0,0.0
53819532,-0.64291894,-0.65406346,0.0,0.0
53835299,0.94843435,0.96487933,0.0,0.0
53851239,0.7162816,0.72870094,0.0,0.0
53866303,0.6704176,0.68204325,0.0,0.0
53881232,0.6704176,0.68204325,0.0,0.0
53896250,-0.8878885,-0.9032881,0.0,0.0
53910430,-0.79118836,-0.80490214,0.0,0.0
53925500,0.580369,0.5904274,0.0,0.0
53944300,0.9198767,0.9358234,0.0,0.0
53956280,-0.66468215,-0.6762087,0.0,0.0
53972300,0.65445346,0.66580415,0.0,0.0
53989300,0.7432414,0.7561229,0.0,0.0
54001838,0.7429478,0.7558242,0.0,0.0
54017975,0.92455786,0.94059414,0.0,0.0
54033893,-0.79293185,-0.80667436,0.0,0.0
54047481,-0.79293185,-0.80667436,0.0,0.0
54062348,0.6405866,0.6516909,0.0,0.0
54079384,0.6405866,0.6516909,0.0,0.0
54092743,0.46843368,0.47655383,0.0,0.0
54107731,0.46843368,0.47655383,0.0,0.0
54123233,0.8401554,0.85472065,0.0,0.0
54139303,-0.46788007,-0.47599053,0.0,0.0
54153018,-1.0145911,-1.0321885,0.0,0.0
54169305,-0.84884816,-0.8635681,0.0,0.0
54183569,0.8403133,0.8548871,0.0,0.0
54198597,-0.9559828,-0.97256464,0.0,0.0
54215307,-0.9559828,-0.97256464,0.0,0.0
54229570,0.5232559,0.53232646,0.0,0.0
54245408,0.5232559,0.53232646,0.0,0.0
54261154,-0.8988685,-0.91445965,0.0,0.0
54275154,0.96559674,0.9823324,0.0,0.0
54292307,-0.6238876,-0.6347055,0.0,0.0
54306306,0.27362433,0.27837032,0.0,0.0
54322660,0.7275645,0.7401817,0.0,0.0
54336184,0.7275645,0.7401817,0.0,0.0
54351489,0.8488107,0.86352223,0.0,0.0
54367305,-0.64138657,-0.6525059,0.0,0.0
54382190,-0.64138657,-0.6525059,0.0,0.0
54396144,0.45449597,0.46237397,0.0,0.0
54412306,0.49539575,0.5039864,0.0,0.0
54426768,1.0125103,1.0300624,0.0,0.0
54441973,1.0125103,1.0300624,0.0,0.0
54457778,1.1110864,1.1303556,0.0,0.0
54472340,-0.47694674,-0.4852193,0.0,0.0
54487448,0.71759474,0.7300428,0.0,0.0
54503376,0.71759474,0.7300428,0.0,0.0
54519241,0.71215177,0.72449934,0.0,0.0
54535070,0.42564383,0.43302777,0.0,0.0
54549947,-0.4431541,-0.4508402,0.0,0.0
54565326,1.2275109,1.2488035,0.0,0.0
54580087,1.2275109,1.2488035,0.0,0.0
54596693,1.2869077,1.3092281,0.0,0.0
54610581,0.49626046,0.5048726,0.0,0.0
54625802,0.49626046,0.5048726,0.0,0.0
54641954,0.57468086,0.58465374,0.0,0.0
54656475,1.0516869,1.0699315,0.0,0.0
54672302,1.0779501,1.0966535,0.0,0.0
54686698,1.0947149,1.1137085,0.0,0.0
54703759,1.0947149,1.1137085,0.0,0.0
54716598,1.5286121,1.5551424,0.0,0.0
54731786,1.0916181,1.1105545,0.0,0.0
54746652,1.0594218,1.077809,0.0,0.0
54763443,1.6751474,1.7042197,0.0,0.0
54777717,1.194214,1.2149407,0.0,0.0
54793041,1.4237857,1.4485016,0.0,0.0
54807749,1.6907772,1.7201319,0.0,0.0
54823174,1.1278182,1.1473944,0.0,0.0
54838480,1.6151205,1.6431515,0.0,0.0
54853724,1.6151205,1.6431515,0.0,0.0
54868795,1.2815413,1.3037927,0.0,0.0
54883408,1.4298316,1.4546591,0.0,0.0
54899045,1.3590624,1.3826693,0.0,0.0
54915644,1.9404849,1.9741982,0.0,0.0
54930309,1.7448611,1.7751654,0.0,0.0
54945300,1.7631679,1.7937968,0.0,0.0
54959163,1.7631679,1.7937968,0.0,0.0
54973843,1.9864347,2.020935,0.0,0.0
54988806,2.127818,2.1647725,0.0,0.0
55004215,2.127818,2.1647725,0.0,0.0
55020514,2.0500302,2.0856369,0.0,0.0
55036030,1.9754734,2.0097969,0.0,0.0
55051299,2.2191842,2.2577422,0.0,0.0
55066176,2.0330832,2.0684223,0.0,0.0
55081415,2.0330832,2.0684223,0.0,0.0
55097051,2.1139557,2.1506996,0.0,0.0
55111410,2.1139557,2.1506996,0.0,0.0
55129385,1.9301541,1.9637244,0.0,0.0
55142058,1.9923973,2.0270422,0.0,0.0
55157841,1.9132354,1.9465034,0.0,0.0
55172209,2.059097,2.094902,0.0,0.0
55187278,2.0443501,2.0799236,0.0,0.0
55202054,2.1997333,2.2379894,0.0,0.0
55219312,1.9804786,2.014944,0.0,0.0
55233392,1.9697831,2.0040498,0.0,0.0
55248798,1.9697831,2.0040498,0.0,0.0
55264352,2.0769217,2.1130474,0.0,0.0
55279640,2.110988,2.1477253,0.0,0.0
55295420,2.152651,2.1901147,0.0,0.0
55310795,1.9351599,1.9688447,0.0,0.0
55326275,1.9351599,1.9688447,0.0,0.0
55341092,2.1782072,2.216136,0.0,0.0
55356191,2.022518,2.0577223,0.0,0.0
55371295,1.858546,1.8909152,0.0,0.0
55386056,1.858546,1.8909152,0.0,0.0
55401352,2.1718135,2.209635,0.0,0.0
55415900,1.9648844,1.999095,0.0,0.0
55430853,1.9064392,1.939637,0.0,0.0
55446243,1.9796754,2.0141706,0.0,0.0
55461818,1.9796754,2.0141706,0.0,0.0
55478160,1.9774388,2.0118995,0.0,0.0
55492325,2.351282,2.3922443,0.0,0.0
55507893,2.351282,2.3922443,0.0,0.0
55525535,2.1893177,2.2274709,0.0,0.0
55539059,2.138073,2.1753352,0.0,0.0
55555048,2.1389139,2.1761909,0.0,0.0
55570300,1.9792653,2.0137622,0.0,0.0
55586435,2.1527987,2.190344,0.0,0.0
55602309,2.1527987,2.190344,0.0,0.0
55615589,2.096235,2.1327822,0.0,0.0
55631351,2.096235,2.1327822,0.0,0.0
55647342,1.9870046,2.0216603,0.0,0.0
55661815,2.125684,2.162746,0.0,0.0
55678461,2.2380376,2.277062,0.0,0.0
55695310,2.1846867,2.2227998,0.0,0.0
55708773,2.1846867,2.2227998,0.0,0.0
55724311,2.052959,2.0887957,0.0,0.0
55739240,1.969522,2.0039024,0.0,0.0
55754847,1.969522,2.0039024,0.0,0.0
55770300,2.0162416,2.051435,0.0,0.0
55784124,2.0162416,2.051435,0.0,0.0
55799341,2.3112712,2.3516307,0.0,0.0
55815207,2.3732245,2.4146452,0.0,0.0
55828830,2.0064366,2.041464,0.0,0.0
55844439,2.0064366,2.041464,0.0,0.0
55861435,2.0376127,2.0732036,0.0,0.0
55873829,2.3305593,2.371281,0.0,0.0
55888978,2.2062864,2.2448344,0.0,0.0
55905306,2.4464247,2.489162,0.0,0.0
55919048,2.4464247,2.489162,0.0,0.0
55934551,2.483923,2.5273325,0.0,0.0
55948935,2.3751335,2.4166439,0.0,0.0
55967287,2.4372263,2.4798062,0.0,0.0
55981371,2.4372263,2.4798062,0.0,0.0
55994727,2.1372788,2.1746242,0.0,0.0
56009830,2.0661595,2.1022813,0.0,0.0
56024909,2.1162841,2.1532676,0.0,0.0
56041641,2.4554844,2.4984064,0.0,0.0
56056436,2.4554844,2.4984064,0.0,0.0
56069492,2.1230216,2.1601346,0.0,0.0
56084805,2.1230216,2.1601346,0.0,0.0
56101403,2.1289258,2.1661768,0.0,0.0
56115589,2.1289258,2.1661768,0.0,0.0
56131306,2.4742389,2.5175343,0.0,0.0
56145533,2.246308,2.2856157,0.0,0.0
56160524,2.2245624,2.2634878,0.0,0.0
56175366,2.4511964,2.4940825,0.0,0.0
56191384,2.218576,2.2574005,0.0,0.0
56205529,2.3794422,2.4211016,0.0,0.0
56222078,2.3794422,2.4211016,0.0,0.0
56236558,2.2310176,2.2700763,0.0,0.0
56252351,2.5445616,2.5891073,0.0,0.0
56267334,2.1680548,2.206029,0.0,0.0
56283425,2.1680548,2.206029,0.0,0.0
56298166,2.2824266,2.322407,0.0,0.0
56313389,2.2824266,2.322407,0.0,0.0
56327906,2.580535,2.6257193,0.0,0.0
56343383,2.2703793,2.3101594,0.0,0.0
56359538,2.2714443,2.3112338,0.0,0.0
56376436,2.4265459,2.4690573,0.0,0.0
56390395,2.5441535,2.5887256,0.0,0.0
56405781,2.5168586,2.560961,0.0,0.0
56421416,2.4864168,2.5300097,0.0,0.0
56436283,2.2617621,2.3014011,0.0,0.0
56450919,2.3522608,2.3934875,0.0,0.0
56466435,2.4106796,2.4529335,0.0,0.0
56480768,2.632404,2.6785855,0.0,0.0
56496277,2.646001,2.6924233,0.0,0.0
56511081,2.6075616,2.6532896,0.0,0.0
56526095,2.6766012,2.7235548,0.0,0.0
56542142,2.344502,2.385635,0.0,0.0
56557104,2.344502,2.385635,0.0,0.0
56572709,2.3943148,2.4363315,0.0,0.0
56587768,2.3946755,2.436699,0.0,0.0
56602640,2.6040988,2.6498153,0.0,0.0
56618441,2.512372,2.5564542,0.0,0.0
56633126,2.4639566,2.5071962,0.0,0.0
56648657,2.6566532,2.703286,0.0,0.0
56664701,2.3987339,2.4408367,0.0,0.0
56679174,2.4039326,2.4461536,0.0,0.0
56694634,2.556767,2.6016529,0.0,0.0
56713243,2.556767,2.6016529,0.0,0.0
56723999,2.6340427,2.6803179,0.0,0.0
56741300,2.7069924,2.7545378,0.0,0.0
56756421,2.4658449,2.509179,0.0,0.0
56772303,2.4658449,2.509179,0.0,0.0
56785125,2.6373575,2.6837106,0.0,0.0
56801678,2.6731899,2.7201822,0.0,0.0
56817304,2.6731899,2.7201822,0.0,0.0
56832300,2.4247355,2.467368,0.0,0.0
56846990,2.4956133,2.5394943,0.0,0.0
56860824,2.4956133,2.5394943,0.0,0.0
56875791,2.7542853,2.802723,0.0,0.0
56891775,2.6503272,2.6969154,0.0,0.0
56905740,2.6222305,2.6683528,0.0,0.0
56921023,2.6222305,2.6683528,0.0,0.0
56936025,2.539024,2.5836709,0.0,0.0
56951241,2.8019357,2.8512242,0.0,0.0
56968344,2.6539066,2.700615,0.0,0.0
56981558,2.6539066,2.700615,0.0,0.0
56997082,2.492985,2.536872,0.0,0.0
57012248,2.4338882,2.4767122,0.0,0.0
57027427,2.7032351,2.750807,0.0,0.0
57042460,2.7032351,2.750807,0.0,0.0
57058383,2.5350153,2.579649,0.0,0.0
57072703,2.4377499,2.4806638,0.0,0.0
57087855,2.5244906,2.5689423,0.0,0.0
57102863,2.7679005,2.8166695,0.0,0.0
57118387,2.7679005,2.8166695,0.0,0.0
57133368,2.8088207,2.858315,0.0,0.0
57148117,2.485199,2.5289721,0.0,0.0
57162788,2.7311,2.7792337,0.0,0.0
57179438,2.8133986,2.862974,0.0,0.0
57192772,2.587202,2.6327858,0.0,0.0
57207400,2.7740235,2.8229368,0.0,0.0
57223541,2.7231882,2.771193,0.0,0.0
57241309,2.5059297,2.5501134,0.0,0.0
57255440,2.518173,2.562578,0.0,0.0
57269622,2.518173,2.562578,0.0,0.0
57286536,2.7366283,2.7848806,0.0,0.0
57300973,2.6537554,2.700548,0.0,0.0
57315098,2.8114784,2.8610926,0.0,0.0
57330746,2.5587454,2.6038811,0.0,0.0
57346419,2.5587454,2.6038811,0.0,0.0
57361982,2.604399,2.6503713,0.0,0.0
57376134,2.673385,2.7205763,0.0,0.0
57390971,2.673385,2.7205763,0.0,0.0
57405927,2.814724,2.8643978,0.0,0.0
57421911,2.8892462,2.9402626,0.0,0.0
57436486,2.8892462,2.9402626,0.0,0.0
57451419,2.8873923,2.9383986,0.0,0.0
57467361,2.8191133,2.8689113,0.0,0.0
57483167,2.6669915,2.7141058,0.0,0.0
57498325,2.7795227,2.8286257,0.0,0.0
57512272,2.5247097,2.5693355,0.0,0.0
57527182,2.5314412,2.5761833,0.0,0.0
57542514,2.6271284,2.6735609,0.0,0.0
57558486,2.6271284,2.6735609,0.0,0.0
57572798,2.7707043,2.8196912,0.0,0.0
57587743,2.6098278,2.655943,0.0,0.0
57602714,2.8738856,2.924703,0.0,0.0
57616957,2.927621,2.9793785,0.0,0.0
57632821,2.846137,2.8964577,0.0,0.0
57647895,2.846137,2.8964577,0.0,0.0
57663657,2.9166973,2.9683008,0.0,0.0
57680382,2.9166973,2.9683008,0.0,0.0
57694780,2.9157581,2.9673328,0.0,0.0
57710300,2.5747533,2.6203077,0.0,0.0
57725300,2.8733022,2.9241545,0.0,0.0
57740020,2.7400203,2.7884996,0.0,0.0
57756309,2.7601016,2.8089404,0.0,0.0
57768833,2.944774,2.9968867,0.0,0.0
57785073,2.944774,2.9968867,0.0,0.0
57800173,2.7507753,2.7994971,0.0,0.0
57815409,2.7507753,2.7994971,0.0,0.0
57832306,2.7627783,2.8117194,0.0,0.0
57846099,2.7627783,2.8117194,0.0,0.0
57861331,2.6179287,2.6642969,0.0,0.0
57877334,2.911906,2.963506,0.0,0.0
57891500,2.911906,2.963506,0.0,0.0
57905918,2.9560711,3.0084505,0.0,0.0
57921525,2.969064,3.0216856,0.0,0.0
57937080,2.6699095,2.7172418,0.0,0.0
57951303,2.6699095,2.7172418,0.0,0.0
57968329,2.6753192,2.7227654,0.0,0.0
57980733,2.6753192,2.7227654,0.0,0.0
57995885,2.9191904,2.9709663,0.0,0.0
58012621,2.7248857,2.7732048,0.0,0.0
58027438,2.7248857,2.7732048,0.0,0.0
58042421,2.6354563,2.6822221,0.0,0.0
58056386,2.6354563,2.6822221,0.0,0.0
58073326,2.9189293,2.9707317,0.0,0.0
58087303,2.9189293,2.9707317,0.0,0.0
58102309,2.6905377,2.7382784,0.0,0.0
58117923,2.9313583,2.9833796,0.0,0.0
58133160,2.879348,2.9304633,0.0,0.0
58148596,2.853661,2.9043214,0.0,0.0
58164242,2.853661,2.9043214,0.0,0.0
58178818,2.7810204,2.8304274,0.0,0.0
58196302,2.7810204,2.8304274,0.0,0.0
58211306,2.6472273,2.6942365,0.0,0.0
58225212,2.6472273,2.6942365,0.0,0.0
58242306,2.8494868,2.9001327,0.0,0.0
58256418,2.8437996,2.8943172,0.0,0.0
58271851,2.8162937,2.8663657,0.0,0.0
58286176,2.8162937,2.8663657,0.0,0.0
58303487,2.9268413,2.9788904,0.0,0.0
58316968,2.9268413,2.9788904,0.0,0.0
58332309,2.8071244,2.8570259,0.0,0.0
58348690,3.0270686,3.0809197,0.0,0.0
58363002,3.0270686,3.0809197,0.0,0.0
58379566,2.7211533,2.769556,0.0,0.0
58394362,2.7211533,2.769556,0.0,0.0
58408648,2.679685,2.7273636,0.0,0.0
58424418,2.7935545,2.8432736,0.0,0.0
58441307,2.9104495,2.9622576,0.0,0.0
58455425,2.9104495,2.9622576,0.0,0.0
58471651,3.034393,3.0884223,0.0,0.0
58487505,2.9271443,2.9792576,0.0,0.0
58502165,3.0318437,3.085845,0.0,0.0
58516882,3.0318437,3.085845,0.0,0.0
58532348,3.0361202,3.0901992,0.0,0.0
58546884,3.0165489,3.070284,0.0,0.0
58561927,3.0165489,3.070284,0.0,0.0
58576839,2.953965,3.0066144,0.0,0.0
58593241,2.8290477,2.879457,0.0,0.0
58609299,2.8290477,2.879457,0.0,0.0
58623358,2.7859013,2.835561,0.0,0.0
58638055,2.7376096,2.7864194,0.0,0.0
58652943,2.8214347,2.8717415,0.0,0.0
58668791,2.8444576,2.8951635,0.0,0.0
58684175,2.8444576,2.8951635,0.0,0.0
58700405,2.9088957,2.9607544,0.0,0.0
58714988,2.9088957,2.9607544,0.0,0.0
58730054,3.0512784,3.1057224,0.0,0.0
58744881,2.7651188,2.8144548,0.0,0.0
58761316,3.0477152,3.102092,0.0,0.0
58775412,3.0477152,3.102092,0.0,0.0
58791320,2.8589988,2.9100208,0.0,0.0
58806896,2.7539296,2.8030999,0.0,0.0
58823186,2.7539296,2.8030999,0.0,0.0
58837518,2.9993274,3.0528946,0.0,0.0
58853342,2.9993274,3.0528946,0.0,0.0
58869880,2.7190647,2.7676203,0.0,0.0
58882416,3.0753858,3.1303065,0.0,0.0
58897964,3.0753858,3.1303065,0.0,0.0
58912185,2.7959874,2.8459241,0.0,0.0
58927603,2.75548,2.8047009,0.0,0.0
58942669,2.8840413,2.9355576,0.0,0.0
58958854,2.8840413,2.9355576,0.0,0.0
58972851,2.8327708,2.8833964,0.0,0.0
58988689,2.8327708,2.8833964,0.0,0.0
59002932,3.0293767,3.083516,0.0,0.0
59018560,2.7589047,2.8082373,0.0,0.0
59035641,2.8620203,2.9131835,0.0,0.0
59049658,2.8620203,2.9131835,0.0,0.0
59064334,2.8783352,2.9298358,0.0,0.0
59080299,2.8783352,2.9298358,0.0,0.0
59096006,2.8804922,2.9319987,0.0,0.0
59110038,2.9202228,2.972456,0.0,0.0
59124950,2.9202228,2.972456,0.0,0.0
59140477,2.9222918,2.9745867,0.0,0.0
59155186,2.8237946,2.874338,0.0,0.0
59169910,3.048726,3.1033084,0.0,0.0
59186302,3.0687861,3.1237042,0.0,0.0
59200415,2.8095157,2.8598018,0.0,0.0
59214873,2.9998693,3.053592,0.0,0.0
59230277,2.9998693,3.053592,0.0,0.0
59245745,3.022464,3.0766037,0.0,0.0
59261520,3.022464,3.0766037,0.0,0.0
59275752,3.087429,3.1427164,0.0,0.0
59290903,3.1015098,3.1570604,0.0,0.0
59306210,2.8434744,2.8944166,0.0,0.0
59322942,2.8148186,2.8652806,0.0,0.0
59337281,2.8148186,2.8652806,0.0,0.0
59353336,2.8764608,2.9280107,0.0,0.0
59368501,3.0580356,3.1128585,0.0,0.0
59384329,3.0580356,3.1128585,0.0,0.0
59398187,3.0517566,3.10648,0.0,0.0
59414195,3.0517566,3.10648,0.0,0.0
59428642,2.7788033,2.828638,0.0,0.0
59444062,2.7788033,2.828638,0.0,0.0
59459410,2.8030527,2.8533323,0.0,0.0
59475306,2.8756514,2.9272661,0.0,0.0
59492311,2.893214,2.9451416,0.0,0.0
59506516,2.7305167,2.77954,0.0,0.0
59521757,2.7305167,2.77954,0.0,0.0
59535890,2.8521774,2.903384,0.0,0.0
59549966,2.5215302,2.5668147,0.0,0.0
59568424,2.6650183,2.7128735,0.0,0.0
59580727,2.6620939,2.7098968,0.0,0.0
59596044,2.478016,2.5225227,0.0,0.0
59611491,2.6073408,2.6541922,0.0,0.0
59626709,2.6073408,2.6541922,0.0,0.0
59641568,2.3633144,2.4057765,0.0,0.0
59657063,2.1057775,2.1435986,0.0,0.0
59671821,2.3082736,2.3497381,0.0,0.0
59686798,2.3082736,2.3497381,0.0,0.0
59702202,1.9484631,1.9834648,0.0,0.0
59718326,2.2846463,2.3257046,0.0,0.0
59733419,2.1607058,2.1995459,0.0,0.0
59747647,2.0558057,2.0927527,0.0,0.0
59764542,2.0558057,2.0927527,0.0,0.0
59779750,2.0808537,2.1182518,0.0,0.0
59793115,2.1617906,2.2006516,0.0,0.0
59809560,1.8667077,1.9002744,0.0,0.0
59823055,2.0594602,2.096491,0.0,0.0
59837474,2.0594602,2.096491,0.0,0.0
59854430,1.77729,1.8092444,0.0,0.0
59868445,1.4443687,1.4703475,0.0,0.0
59882773,1.4443687,1.4703475,0.0,0.0
59898634,1.4603351,1.4866066,0.0,0.0
59915638,1.4913,1.5181323,0.0,0.0
59928990,1.4541351,1.4803097,0.0,0.0
59943903,1.527724,1.5552145,0.0,0.0
59959346,1.8527905,1.8861246,0.0,0.0
59973844,1.4428629,1.4688371,0.0,0.0
59989356,1.4428629,1.4688371,0.0,0.0
60005530,1.2636948,1.2864385,0.0,0.0
60022300,1.283902,1.307021,0.0,0.0
60036153,1.4844341,1.5111663,0.0,0.0
60051306,1.7167192,1.747637,0.0,0.0
60066501,1.7167192,1.747637,0.0,0.0
60081858,1.5466955,1.5745351,0.0,0.0
60096137,1.5466955,1.5745351,0.0,0.0
60111455,1.5653104,1.5935025,0.0,0.0
60126404,1.2214844,1.2434714,0.0,0.0
60142300,1.4391896,1.4651006,0.0,0.0
60155925,1.4391896,1.4651006,0.0,0.0
60171623,1.2912369,1.3144878,0.0,0.0
60186340,1.0342814,1.0529077,0.0,0.0
60203471,1.5203902,1.5477766,0.0,0.0
60217223,1.5203902,1.5477766,0.0,0.0
60232560,0.97256446,0.99009013,0.0,0.0
60247973,0.97256446,0.99009013,0.0,0.0
60262780,1.4802502,1.5069166,0.0,0.0
60277725,1.4802502,1.5069166,0.0,0.0
60293414,1.1210145,1.141219,0.0,0.0
60310654,1.4361248,1.4620045,0.0,0.0
60326299,1.5584667,1.5865614,0.0,0.0
60339970,1.5584667,1.5865614,0.0,0.0
60354790,1.2236598,1.2457099,0.0,0.0
60369994,1.046209,1.0650662,0.0,0.0
60387316,0.6694284,0.6814897,0.0,0.0
60400903,1.4765377,1.5031619,0.0,0.0
60415961,1.4765377,1.5031619,0.0,0.0
60431408,1.154446,1.1752628,0.0,0.0
60448346,1.4037856,1.429083,0.0,0.0
60462594,1.4037856,1.429083,0.0,0.0
60477614,1.0567623,1.0758172,0.0,0.0
60492870,1.0567623,1.0758172,0.0,0.0
60508917,1.2995833,1.3230172,0.0,0.0
60524677,0.3956369,0.40276808,0.0,0.0
60543326,0.95814884,0.9754242,0.0,0.0
60555377,0.059073146,0.060138788,0.0,0.0
60571383,1.3286378,1.3525958,0.0,0.0
60585397,1.3966376,1.4218264,0.0,0.0
60600498,0.63797003,0.6494773,0.0,0.0
60616238,1.3152205,1.3389479,0.0,0.0
60631227,1.3147202,1.3384385,0.0,0.0
60647006,0.77294374,0.7868825,0.0,0.0
60663462,1.2215142,1.2435426,0.0,0.0
60679307,1.2215142,1.2435426,0.0,0.0
60693719,-0.15023966,-0.15294942,0.0,0.0
60707844,-0.15023966,-0.15294942,0.0,0.0
60722985,-0.14383385,-0.14642827,0.0,0.0
60738714,-0.14383385,-0.14642827,0.0,0.0
60755645,1.2065352,1.2282953,0.0,0.0
60771305,0.7728815,0.7868305,0.0,0.0
60784410,0.7728815,0.7868305,0.0,0.0
60801393,-0.4929357,-0.5018282,0.0,0.0
60816300,0.83602744,0.8511178,0.0,0.0
60830919,1.0453546,1.064212,0.0,0.0
60845833,0.8966402,0.9128245,0.0,0.0
60864300,1.0280955,1.046644,0.0,0.0
60877664,0.58414906,0.59469193,0.0,0.0
60891394,-0.54399586,-0.55381304,0.0,0.0
60906397,0.9925501,1.0104617,0.0,0.0
60924528,0.6666827,0.6787155,0.0,0.0
60937467,0.6666827,0.6787155,0.0,0.0
60952014,1.1288128,1.1491823,0.0,0.0
60968160,-0.4684891,-0.47694644,0.0,0.0
60982529,-0.4684891,-0.47694644,0.0,0.0
60998042,0.2938598,0.29916462,0.0,0.0
61013382,-0.55238134,-0.5623507,0.0,0.0
61028962,-0.55238134,-0.5623507,0.0,0.0
61044129,-0.337875,-0.3439728,0.0,0.0
61060388,1.026043,1.0445671,0.0,0.0
61076305,-0.6593561,-0.6712562,0.0,0.0
61090499,1.1329693,1.1534266,0.0,0.0
61107444,1.0454915,1.0643709,0.0,0.0
61123473,0.8334859,0.84854054,0.0,0.0
61136077,0.8334859,0.84854054,0.0,0.0
61151043,0.8501678,0.8655148,0.0,0.0
61166567,1.1632077,1.1842169,0.0,0.0
61182314,0.8676638,0.8833354,0.0,0.0
61196786,0.24882868,0.25332156,0.0,0.0
61212009,0.24882868,0.25332156,0.0,0.0
61227061,0.50659806,0.51574636,0.0,0.0
61243487,1.1230955,1.143376,0.0,0.0
61258055,-0.524452,-0.53392065,0.0,0.0
61272736,0.8967789,0.91298085,0.0,0.0
61288378,0.8967789,0.91298085,0.0,0.0
61303441,-0.80482304,-0.8193592,0.0,0.0
61320897,0.7255576,0.73866403,0.0,0.0
61335619,0.7255576,0.73866403,0.0,0.0
61348586,-0.029861126,-0.030400699,0.0,0.0
61364411,1.0136964,1.0319993,0.0,0.0
61380407,1.0006855,1.0187603,0.0,0.0
61395099,1.0006855,1.0187603,0.0,0.0
61411385,-0.862336,-0.8779155,0.0,0.0
61425282,-0.862336,-0.8779155,0.0,0.0
61441783,0.73045,0.74364734,0.0,0.0
61455735,0.9157341,0.9322786,0.0,0.0
61471500,1.0700152,1.0893452,0.0,0.0
61486912,1.0700152,1.0893452,0.0,0.0
61502124,-0.14466155,-0.1472753,0.0,0.0
61516908,0.44158244,0.4495572,0.0,0.0
61533143,0.44158244,0.4495572,0.0,0.0
61549434,0.6658997,0.67792654,0.0,0.0
61562117,-0.71569645,-0.7286277,0.0,0.0
61577748,-0.9165855,-0.93314534,0.0,0.0
61592701,-0.9165855,-0.93314534,0.0,0.0
61607486,0.5497889,0.55972344,0.0,0.0
61626989,0.7004056,0.7130614,0.0,0.0
61640309,-0.7636092,-0.7774034,0.0,0.0
61654004,-0.7208179,-0.7338466,0.0,0.0
61670305,-0.7208179,-0.7338466,0.0,0.0
61684196,0.51620865,0.5255361,0.0,0.0
61702306,0.7920908,0.8063991,0.0,0.0
61715049,0.7918901,0.8061948,0.0,0.0
61730096,0.5731073,0.58346367,0.0,0.0
61746332,-0.4523287,-0.46050346,0.0,0.0
61760623,-0.71696603,-0.7299245,0.0,0.0
61775159,-0.71696603,-0.7299245,0.0,0.0
61790148,0.9912209,1.0091337,0.0,0.0
61806300,0.68847287,0.7009107,0.0,0.0
61821795,-0.6718964,-0.6840399,0.0,0.0
61835858,-0.8791523,-0.8950424,0.0,0.0
61851297,-0.8791523,-0.8950424,0.0,0.0
61868487,-0.45381925,-0.46202293,0.0,0.0
61881967,-0.45381925,-0.46202293,0.0,0.0
61897439,0.06623632,0.06743343,0.0,0.0
61911603,-0.95813966,-0.97545666,0.0,0.0
61927293,0.83907104,0.85423255,0.0,0.0
61944305,0.27886468,0.2839035,0.0,0.0
61957956,0.71958405,0.73258924,0.0,0.0
61973481,0.68878365,0.7012299,0.0,0.0
61990436,0.68878365,0.7012299,0.0,0.0
62004040,0.22835767,0.23248592,0.0,0.0
62019110,0.71685886,0.7298157,0.0,0.0
62035045,0.71685886,0.7298157,0.0,0.0
62049339,-0.5467906,-0.55667436,0.0,0.0
62064286,0.5880326,0.59866345,0.0,0.0
62081300,0.5880326,0.59866345,0.0,0.0
62095436,-0.9508149,-0.96800166,0.0,0.0
62110077,1.0668128,1.0860941,0.0,0.0
62126472,1.0668128,1.0860941,0.0,0.0
62140334,-0.7351222,-0.74840593,0.0,0.0
62155661,-0.96033216,-0.9776857,0.0,0.0
62170861,-0.33668238,-0.34277,0.0,0.0
62186029,-0.33668238,-0.34277,0.0,0.0
62201900,0.82445174,0.8393597,0.0,0.0
62216380,0.5765645,0.5869859,0.0,0.0
62233327,0.4938844,0.50281197,0.0,0.0
62246881,0.4938844,0.50281197,0.0,0.0
62262624,-0.7088676,-0.72168696,0.0,0.0
62278333,0.7752547,0.7892656,0.0,0.0
62292734,0.28419474,0.28933087,0.0,0.0
62307671,0.48218563,0.49089986,0.0,0.0
62323233,-0.7632244,-0.77702445,0.0,0.0
62338603,-0.87037325,-0.8861148,0.0,0.0
62354299,-0.87037325,-0.8861148,0.0,0.0
62368449,0.46829584,0.47676006,0.0,0.0
62384624,-0.5390086,-0.54875076,0.0,0.0
62398913,1.0223523,1.0408341,0.0,0.0
62416632,1.0223523,1.0408341,0.0,0.0
62429285,0.55082303,0.5607833,0.0,0.0
62446533,0.81329477,0.82799923,0.0,0.0
62460620,-0.99429375,-1.0122732,0.0,0.0
62475053,-0.99429375,-1.0122732,0.0,0.0
62490141,0.9047129,0.9210727,0.0,0.0
62505380,0.85049343,0.8658747,0.0,0.0
62522124,-0.8262104,-0.84115446,0.0,0.0
62536535,-0.99757063,-1.0156093,0.0,0.0
62552341,-0.99759525,-1.0156344,0.0,0.0
62569300,0.9259488,0.9426883,0.0,0.0
62582641,0.9259488,0.9426883,0.0,0.0
62597169,-0.7307184,-0.7439284,0.0,0.0
62613391,-0.7307184,-0.7439284,0.0,0.0
62628175,-0.8086202,-0.82323855,0.0,0.0
62643085,-0.3473609,-0.35364416,0.0,0.0
62658800,0.9815396,0.9992856,0.0,0.0
62673932,0.9815396,0.9992856,0.0,0.0
62691307,0.100029536,0.10183876,0.0,0.0
62704896,-0.7998932,-0.81435937,0.0,0.0
62719735,-0.9096831,-0.92612857,0.0,0.0
62734423,-0.4745084,-0.483087,0.0,0.0
62749152,-1.0153626,-1.0337231,0.0,0.0
62767164,-0.4968322,-0.5058156,0.0,0.0
62782299,-0.4968322,-0.5058156,0.0,0.0
62795555,0.8486129,0.86395633,0.0,0.0
62812617,-0.7856727,-0.7998833,0.0,0.0
62825625,-0.9248958,-0.9416238,0.0,0.0
62843344,-0.9248958,-0.9416238,0.0,0.0
62856775,0.7150954,0.72802943,0.0,0.0
62871744,0.7150954,0.72802943,0.0,0.0
62887011,0.97625124,0.9939086,0.0,0.0
62902599,0.8526567,0.8680814,0.0,0.0
62919735,-0.6791122,-0.6913925,0.0,0.0
62933137,-0.18747738,-0.19086823,0.0,0.0
62948706,-0.18747738,-0.19086823,0.0,0.0
62964112,0.8645164,0.8801445,0.0,0.0
62979059,-0.30000946,-0.30543432,0.0,0.0
62994476,-0.30000946,-0.30543432,0.0,0.0
63009904,0.33313605,0.33915895,0.0,0.0
63025560,-0.28328088,-0.2884056,0.0,0.0
63041181,0.87594026,0.8917855,0.0,0.0
63056108,0.8198804,0.83470523,0.0,0.0
63071111,0.9004183,0.9167087,0.0,0.0
63085739,0.9004183,0.9167087,0.0,0.0
63101848,-0.7170272,-0.7299945,0.0,0.0
63118811,-1.0009911,-1.0190952,0.0,0.0
63134367,-1.0009911,-1.0190952,0.0,0.0
63146887,1.0101188,1.0283879,0.0,0.0
63162349,0.16600072,0.16900298,0.0,0.0
63179447,0.8685676,0.8842822,0.0,0.0
63193510,0.8685676,0.8842822,0.0,0.0
63210344,0.67981905,0.69211626,0.0,0.0
63224488,0.82479215,0.8397041,0.0,0.0
63239574,-0.980994,-0.99874073,0.0,0.0
63255197,0.915828,0.93238646,0.0,0.0
63271479,0.21854721,0.22250026,0.0,0.0
63285421,0.21854721,0.22250026,0.0,0.0
63300572,0.7786033,0.79268277,0.0,0.0
63315086,-0.27180853,-0.27672303,0.0,0.0
63330702,0.8994572,0.9157288,0.0,0.0
63348350,0.93845785,0.95543635,0.0,0.0
63362206,0.9384556,0.95543414,0.0,0.0
63376756,0.9253105,0.9420506,0.0,0.0
63391700,-0.17857735,-0.18180598,0.0,0.0
63407953,0.53939825,0.5491558,0.0,0.0
63422519,0.53939825,0.5491558,0.0,0.0
63437667,0.13408592,0.13651194,0.0,0.0
63452988,-0.66035676,-0.67230403,0.0,0.0
63468542,-0.89931166,-0.91557163,0.0,0.0
63483674,-0.89931166,-0.91557163,0.0,0.0
63499336,0.28401685,0.28915557,0.0,0.0
63514106,0.28401685,0.28915557,0.0,0.0
63530305,-0.893432,-0.9095918,0.0,0.0
63544735,0.7761984,0.7902413,0.0,0.0
63563326,0.38975883,0.3968082,0.0,0.0
63574856,0.939156,0.9561382,0.0,0.0
63590549,0.41664836,0.42418242,0.0,0.0
63605345,0.4139636,0.42144895,0.0,0.0
63623171,-0.9254348,-0.94217575,0.0,0.0
63635898,-0.0344815,-0.03510537,0.0,0.0
63650068,0.465822,0.4742468,0.0,0.0
63668115,0.9960153,1.0140352,0.0,0.0
63680374,-0.35480484,-0.3612226,0.0,0.0
63696954,-0.35480484,-0.3612226,0.0,0.0
63711198,0.76525515,0.77909404,0.0,0.0
63726377,-0.7575546,-0.7712623,0.0,0.0
63742042,-0.74126464,-0.7546692,0.0,0.0
63756369,-0.74126464,-0.7546692,0.0,0.0
63771801,-0.22209401,-0.22611153,0.0,0.0
63787355,-0.22209401,-0.22611153,0.0,0.0
63801903,0.3981463,0.40534648,0.0,0.0
63818460,0.3981463,0.40534648,0.0,0.0
63834351,-0.92602515,-0.9427726,0.0,0.0
63847907,-0.92602515,-0.9427726,0.0,0.0
63863215,0.64711887,0.658821,0.0,0.0
63879985,-0.50475454,-0.51388675,0.0,0.0
63893948,-0.50475454,-0.51388675,0.0,0.0
63909209,-0.20683172,-0.21057254,0.0,0.0
63925302,0.9537305,0.97097784,0.0,0.0
63940365,-0.8005154,-0.8149962,0.0,0.0
63955828,-0.8005154,-0.8149962,0.0,0.0
63972039,0.8232569,0.8381512,0.0,0.0
63985961,0.8232569,0.8381512,0.0,0.0
64001818,0.7957212,0.81011623,0.0,0.0
64017724,0.30865186,0.31423652,0.0,0.0
64032644,0.6591124,0.6710376,0.0,0.0
64049305,0.87755,0.8934187,0.0,0.0
64062090,0.81003785,0.8246952,0.0,0.0
64079299,0.73727983,0.7506133,0.0,0.0
64092703,0.73727983,0.7506133,0.0,0.0
64107967,-0.597316,-0.60812384,0.0,0.0
64123601,0.37740418,0.3842312,0.0,0.0
64140476,0.89670473,0.91292614,0.0,0.0
64154568,0.9975454,1.0155911,0.0,0.0
64169180,-0.8639948,-0.87962466,0.0,0.0
64185151,-0.73526615,-0.74856687,0.0,0.0
64199753,0.96583384,0.9833088,0.0,0.0
64215285,0.96583384,0.9833088,0.0,0.0
64230802,-0.25641745,-0.2610546,0.0,0.0
64245662,-0.25641745,-0.2610546,0.0,0.0
64264300,0.26207763,0.2668197,0.0,0.0
64276383,-0.91107154,-0.92755044,0.0,0.0
64292156,-0.89720356,-0.9134318,0.0,0.0
64307058,0.8120164,0.8267092,0.0,0.0
64322700,-1.0212364,-1.0397061,0.0,0.0
64338521,0.13988441,0.14241408,0.0,0.0
64353160,0.18532336,0.18867442,0.0,0.0
64368852,-0.5761096,-0.58652854,0.0,0.0
64387341,-0.5761096,-0.58652854,0.0,0.0
64398901,-0.76955914,-0.7834799,0.0,0.0
64416306,0.8462467,0.8615551,0.0,0.0
64429303,-0.48561135,-0.4943984,0.0,0.0
64444008,-0.88532466,-0.9013391,0.0,0.0
64459590,0.9123284,0.92882603,0.0,0.0
64475343,-0.41061968,-0.4180474,0.0,0.0
64490299,-0.41061968,-0.4180474,0.0,0.0
64505300,0.6947828,0.7073541,0.0,0.0
64520019,0.8538763,0.8693272,0.0,0.0
64535582,-0.5831877,-0.5937378,0.0,0.0
64551341,-0.5831877,-0.5937378,0.0,0.0
64564982,0.8691408,0.8848592,0.0,0.0
64582299,-1.0051075,-1.0232865,0.0,0.0
64595793,0.7684108,0.78230816,0.0,0.0
64613326,0.6885526,0.70100754,0.0,0.0
64627181,0.6885526,0.70100754,0.0,0.0
64642070,0.31356242,0.31923413,0.0,0.0
64656530,-0.49286437,-0.5017818,0.0,0.0
64672863,1.0223603,1.0408475,0.0,0.0
64687771,1.0223603,1.0408475,0.0,0.0
64702830,-0.8071384,-0.82173604,0.0,0.0
64718820,-0.8071384,-0.82173604,0.0,0.0
64734516,0.24104226,0.24540257,0.0,0.0
64750172,0.5197761,0.5291779,0.0,0.0
64767326,-0.71042675,-0.7232777,0.0,0.0
64781175,-0.71042675,-0.7232777,0.0,0.0
64796529,0.88747644,0.90353346,0.0,0.0
64814435,-0.64471126,-0.65636957,0.0,0.0
64827734,0.6785201,0.6907921,0.0,0.0
64842647,0.6785201,0.6907921,0.0,0.0
64857439,-0.3654765,-0.37208706,0.0,0.0
64872548,0.83273786,0.8478046,0.0,0.0
64888423,0.83273786,0.8478046,0.0,0.0
64903418,-0.21553954,-0.2194392,0.0,0.0
64919139,0.07979511,0.08123896,0.0,0.0
64934815,0.07979511,0.08123896,0.0,0.0
64949886,-0.74189365,-0.755319,0.0,0.0
64965062,-0.74189365,-0.755319,0.0,0.0
64980116,-0.4778392,-0.48648384,0.0,0.0
64995038,0.7242257,0.73732334,0.0,0.0
65010527,-0.620655,-0.6318827,0.0,0.0
65025798,0.88161635,0.8975602,0.0,0.0
65041411,0.88161635,0.8975602,0.0,0.0
65056992,0.7600208,0.7737718,0.0,0.0
65071808,0.7600208,0.7737718,0.0,0.0
65088491,-0.40798602,-0.4153669,0.0,0.0
65103101,0.99751925,1.0155671,0.0,0.0
65118306,0.34701157,0.35328954,0.0,0.0
65132541,0.34701157,0.35328954,0.0,0.0
65148712,0.68667567,0.69909585,0.0,0.0
65164125,1.029074,1.0476868,0.0,0.0
65179169,1.029074,1.0476868,0.0,0.0
65194957,0.80112225,0.8156183,0.0,0.0
65209838,-0.6638559,-0.675866,0.0,0.0
65224890,-0.6638559,-0.675866,0.0,0.0
65241109,0.10852855,0.110491574,0.0,0.0
65256306,0.8148164,0.8295617,0.0,0.0
65270045,0.8148164,0.8295617,0.0,0.0
65287167,-0.4025066,-0.4097863,0.0,0.0
65301210,-0.92756903,-0.94435096,0.0,0.0
65316455,-0.92756903,-0.94435096,0.0,0.0
65331641,-0.60714686,-0.6181338,0.0,0.0
65346790,-0.9861722,-1.0040126,0.0,0.0
65361805,0.8828202,0.8987896,0.0,0.0
65377421,0.52427006,0.5337523,0.0,0.0
65393352,0.52427006,0.5337523,0.0,0.0
65406339,-0.69597334,-0.70856076,0.0,0.0
65422195,0.640023,0.6516021,0.0,0.0
65436890,0.640023,0.6516021,0.0,0.0
65451684,-0.60937256,-0.6203985,0.0,0.0
65467349,-0.8625117,-0.8781118,0.0,0.0
65483537,0.2539598,0.2585543,0.0,0.0
65497002,0.2539598,0.2585543,0.0,0.0
65511830,0.51775926,0.5271224,0.0,0.0
65527027,0.91406024,0.9306024,0.0,0.0
65541649,-0.4080123,-0.41539174,0.0,0.0
65557555,0.73821896,0.7515777,0.0,0.0
65571694,0.77371466,0.78770655,0.0,0.0
65586738,-0.6055903,-0.6165494,0.0,0.0
65602194,-0.38904455,-0.39608252,0.0,0.0
65617457,-0.64899224,-0.6607322,0.0,0.0
65632670,-0.9697056,-0.9872433,0.0,0.0
65648171,-0.56787354,-0.5781479,0.0,0.0
65666484,-0.56787354,-0.5781479,0.0,0.0
65680307,-0.7594047,-0.7731392,0.0,0.0
65694736,0.45102412,0.45918384,0.0,0.0
65710303,0.30195704,0.30742028,0.0,0.0
65727306,-0.76532114,-0.77916926,0.0,0.0
65741525,-0.7272646,-0.74042404,0.0,0.0
65756483,-0.7272646,-0.74042404,0.0,0.0
65772300,0.70987827,0.7227212,0.0,0.0
65787299,-1.0262233,-1.0447897,0.0,0.0
65802423,-0.60211724,-0.6130129,0.0,0.0
65816862,-0.60211724,-0.6130129,0.0,0.0
65831821,-0.8139539,-0.82868016,0.0,0.0
65848067,-0.81615055,-0.8309169,0.0,0.0
65863326,-0.81615055,-0.8309169,0.0,0.0
65878241,0.8038351,0.81838197,0.0,0.0
65894426,0.8038351,0.81838197,0.0,0.0
65910303,0.5672264,0.5774908,0.0,0.0
65924554,0.5672264,0.5774908,0.0,0.0
65939996,-0.7426975,-0.7561373,0.0,0.0
65954767,0.7408656,0.7542643,0.0,0.0
65968898,-0.1666037,-0.1696168,0.0,0.0
65984610,-0.49803028,-0.5070395,0.0,0.0
66000589,-0.50900024,-0.51820976,0.0,0.0
66016720,-0.50900024,-0.51820976,0.0,0.0
66030608,-0.40706652,-0.41443264,0.0,0.0
66046468,0.85508317,0.8705558,0.0,0.0
66061787,-0.5652795,-0.57550555,0.0,0.0
66077141,-0.22810704,-0.23223265,0.0,0.0
66092309,-0.22810704,-0.23223265,0.0,0.0
66109569,0.9861825,1.0040195,0.0,0.0
66123457,0.9861825,1.0040195,0.0,0.0
66139574,-0.8058415,-0.82042235,0.0,0.0
66154780,-0.8058415,-0.82042235,0.0,0.0
66170751,1.002581,1.0207123,0.0,0.0
66185683,0.5277432,0.5372942,0.0,0.0
66201334,0.5277432,0.5372942,0.0,0.0
66218900,0.8280157,0.8429956,0.0,0.0
66234130,-1.0106819,-1.0289621,0.0,0.0
66247305,1.012447,1.0307682,0.0,0.0
66261149,-0.86620075,-0.88187206,0.0,0.0
66276359,-0.86620075,-0.88187206,0.0,0.0
66292006,-0.78394496,-0.7981331,0.0,0.0
66307047,-0.78394496,-0.7981331,0.0,0.0
66322703,0.2723701,0.27729595,0.0,0.0
66338485,-0.83863586,-0.8538102,0.0,0.0
66353432,-0.83863586,-0.8538102,0.0,0.0
66368935,0.5950285,0.6057908,0.0,0.0
66384510,0.5950285,0.6057908,0.0,0.0
66401443,-0.53501594,-0.54469717,0.0,0.0
66414013,-1.0016834,-1.0198085,0.0,0.0
66429050,-1.0016834,-1.0198085,0.0,0.0
66444235,-0.56275094,-0.57292986,0.0,0.0
66460311,-0.49623838,-0.505215,0.0,0.0
66474579,-0.49623838,-0.505215,0.0,0.0
66490175,-0.9144673,-0.93101186,0.0,0.0
66506081,-0.9144673,-0.93101186,0.0,0.0
66521299,0.8088509,0.82349,0.0,0.0
66537299,-0.6256943,-0.6370166,0.0,0.0
66551437,-0.2385998,-0.24291633,0.0,0.0
66565620,-0.2385998,-0.24291633,0.0,0.0
66583325,1.015911,1.0342909,0.0,0.0
66598405,-0.79937893,-0.8138442,0.0,0.0
66612813,-0.79937893,-0.8138442,0.0,0.0
66628023,0.7875902,0.8018383,0.0,0.0
66642437,0.6095269,0.62055784,0.0,0.0
66657760,-0.84317356,-0.858433,0.0,0.0
66673984,0.62359107,0.63487226,0.0,0.0
66689628,-0.6958087,-0.70840037,0.0,0.0
66704335,-0.5130329,-0.5223146,0.0,0.0
66718997,-0.5130329,-0.5223146,0.0,0.0
66734399,-0.14888303,-0.15157728,0.0,0.0
66749142,-0.80400884,-0.81855536,0.0,0.0
66764242,-0.101431556,-0.1032666,0.0,0.0
66780306,0.7867477,0.800977,0.0,0.0
66794076,0.7867477,0.800977,0.0,0.0
66809064,-0.75857806,-0.77230644,0.0,0.0
66826435,-0.9965695,-1.0145994,0.0,0.0
66839908,-0.57375515,-0.58413535,0.0,0.0
66855702,-0.57375515,-0.58413535,0.0,0.0
66870193,-0.66054094,-0.6724871,0.0,0.0
66885279,0.9715112,0.9890909,0.0,0.0
66900788,-0.60891277,-0.6199331,0.0,0.0
66916004,-0.503602,-0.5127143,0.0,0.0
66931757,-0.503602,-0.5127143,0.0,0.0
66946277,0.44279736,0.4508053,0.0,0.0
66962215,-1.015679,-1.034056,0.0,0.0
66976996,-1.015679,-1.034056,0.0,0.0
66992354,0.38709807,0.3941016,0.0,0.0
67008678,-0.74000406,-0.7533879,0.0,0.0
67023025,-0.74000406,-0.7533879,0.0,0.0
67039300,1.018861,1.037295,0.0,0.0
67052480,0.7728527,0.78683364,0.0,0.0
67069341,0.73962367,0.7530022,0.0,0.0
67083481,0.73962367,0.7530022,0.0,0.0
67099461,-0.97439915,-0.9920309,0.0,0.0
67114441,-0.97439915,-0.9920309,0.0,0.0
67129886,-0.30843568,-0.31401613,0.0,0.0
67146305,-0.90519065,-0.92155993,0.0,0.0
67160870,-0.90519065,-0.92155993,0.0,0.0
67180436,-0.5761309,-0.58655715,0.0,0.0
67191484,-0.7176506,-0.73062783,0.0,0.0
67207133,-0.7176506,-0.73062783,0.0,0.0
67222250,-0.5970552,-0.607853,0.0,0.0
67236451,0.9380793,0.9550443,0.0,0.0
67252790,0.9380793,0.9550443,0.0,0.0
67267355,-0.8646649,-0.88030815,0.0,0.0
67282898,-0.8646649,-0.88030815,0.0,0.0
67298463,0.7077737,0.7205701,0.0,0.0
67313492,-0.70321953,-0.7159414,0.0,0.0
67328336,-0.70321953,-0.7159414,0.0,0.0
67343309,-0.24155165,-0.24592133,0.0,0.0
67359742,0.59301645,0.6037455,0.0,0.0
67373509,0.58252823,0.59305924,0.0,0.0
67389463,1.0926819,1.1124374,0.0,0.0
67404214,1.0926819,1.1124374,0.0,0.0
67421301,-0.8370721,-0.85220915,0.0,0.0
67434513,-0.69498056,-0.70754755,0.0,0.0
67450485,0.35429966,0.36070472,0.0,0.0
67468203,0.35429966,0.36070472,0.0,0.0
67483350,0.95097625,0.9681673,0.0,0.0
67496528,1.0628568,1.0820787,0.0,0.0
67511205,0.93378174,0.95067084,0.0,0.0
67526659,0.35291377,0.35929313,0.0,0.0
67542638,1.0533726,1.0724231,0.0,0.0
67556399,0.51202345,0.5212834,0.0,0.0
67570962,0.51202345,0.5212834,0.0,0.0
67587379,1.2346153,1.256937,0.0,0.0
67601200,1.343164,1.3674538,0.0,0.0
67615982,1.0495042,1.0684851,0.0,0.0
67631086,1.4735153,1.5001493,0.0,0.0
67646466,1.2409524,1.2633876,0.0,0.0
67662842,1.598102,1.6269833,0.0,0.0
67680306,2.1101282,2.1482632,0.0,0.0
67693829,2.1181505,2.1564302,0.0,0.0
67710559,2.1398365,2.178516,0.0,0.0
67726028,2.1398365,2.178516,0.0,0.0
67740741,2.3208287,2.362762,0.0,0.0
67755683,2.4840777,2.5289595,0.0,0.0
67770138,2.4436035,2.4877357,0.0,0.0
67786279,2.9868488,3.0407815,0.0,0.0
67802436,3.0132601,3.0676832,0.0,0.0
67817952,2.997003,3.0511014,0.0,0.0
67832198,2.997003,3.0511014,0.0,0.0
67848138,3.3033164,3.362944,0.0,0.0
67863531,3.5405624,3.6044872,0.0,0.0
67877804,3.6844077,3.7508702,0.0,0.0
67893087,3.694925,3.7615817,0.0,0.0
67908828,3.694925,3.7615817,0.0,0.0
67925299,3.8946614,3.9648995,0.0,0.0
67940122,3.8946614,3.9648995,0.0,0.0
67955631,4.2305045,4.306798,0.0,0.0
67971130,4.2305045,4.306798,0.0,0.0
67985719,4.4144626,4.494008,0.0,0.0
68000547,4.519214,4.6006694,0.0,0.0
68015267,4.7869883,4.8732047,0.0,0.0
68030499,4.7436748,4.829156,0.0,0.0
68045961,4.8600883,4.947607,0.0,0.0
68063330,4.8600883,4.947607,0.0,0.0
68076330,5.105738,5.1976404,0.0,0.0
68091629,5.2796803,5.3746705,0.0,0.0
68106660,5.3431597,5.439318,0.0,0.0
68122492,5.3431597,5.439318,0.0,0.0
68138347,5.690149,5.792478,0.0,0.0
68154299,5.690149,5.792478,0.0,0.0
68171305,5.8358784,5.940751,0.0,0.0
68187225,6.026132,6.134435,0.0,0.0
68199233,6.072982,6.1820884,0.0,0.0
68214158,6.072982,6.1820884,0.0,0.0
68229269,6.2669806,6.37956,0.0,0.0
68244326,6.3713374,6.4857745,0.0,0.0
68259277,6.537267,6.654607,0.0,0.0
68274643,6.537267,6.654607,0.0,0.0
68289192,6.6209536,6.73976,0.0,0.0
68304274,6.7512636,6.8724146,0.0,0.0
68319145,6.9889874,7.1142993,0.0,0.0
68334843,6.9889874,7.1142993,0.0,0.0
68349237,7.0060196,7.131611,0.0,0.0
68364399,7.225463,7.3548493,0.0,0.0
68380804,7.225463,7.3548493,0.0,0.0
68395197,7.4424047,7.5756807,0.0,0.0
68410460,7.6338043,7.770401,0.0,0.0
68426274,7.6938324,7.831423,0.0,0.0
68441406,7.72311,7.861267,0.0,0.0
68456650,7.896328,8.037497,0.0,0.0
68472901,8.03233,8.17585,0.0,0.0
68486912,8.13638,8.281796,0.0,0.0
68502294,8.158077,8.3037815,0.0,0.0
68518404,8.208825,8.355414,0.0,0.0
68533132,8.208825,8.355414,0.0,0.0
68547151,8.373883,8.523353,0.0,0.0
68562512,8.44594,8.596621,0.0,0.0
68579745,8.66111,8.815505,0.0,0.0
68592638,8.719315,8.874711,0.0,0.0
68609559,8.7911,8.94769,0.0,0.0
68623355,8.917699,9.076562,0.0,0.0
68637660,8.917699,9.076562,0.0,0.0
68654435,8.950877,9.110196,0.0,0.0
68668358,9.132109,9.294559,0.0,0.0
68683318,9.233697,9.397955,0.0,0.0
68700563,9.334929,9.500903,0.0,0.0
68713977,9.471597,9.639868,0.0,0.0
68729347,9.471597,9.639868,0.0,0.0
68746434,9.459266,9.627327,0.0,0.0
68761739,9.57707,9.747138,0.0,0.0
68775521,9.783967,9.957561,0.0,0.0
68792385,9.818249,9.992297,0.0,0.0
68806357,9.818249,9.992297,0.0,0.0
68821799,10.019052,10.196569,0.0,0.0
68837150,10.0179205,10.195327,0.0,0.0
68852029,10.0179205,10.195327,0.0,0.0
68867480,10.1441765,10.323776,0.0,0.0
68884435,10.306113,10.488318,0.0,0.0
68898745,10.306113,10.488318,0.0,0.0
68913916,10.409667,10.593637,0.0,0.0
68929374,10.557539,10.74402,0.0,0.0
68944745,10.557539,10.74402,0.0,0.0
68960164,10.642088,10.829843,0.0,0.0
68975313,10.642088,10.829843,0.0,0.0
68992435,10.832933,11.023904,0.0,0.0
69007538,10.903585,11.095665,0.0,0.0
69020356,10.89815,11.090176,0.0,0.0
69039310,10.976974,11.170251,0.0,0.0
69051378,10.976974,11.170251,0.0,0.0
69066486,11.0561905,11.250735,0.0,0.0
69081543,11.133409,11.329164,0.0,0.0
69097536,11.263754,11.461721,0.0,0.0
69112892,11.263754,11.461721,0.0,0.0
69127746,11.364395,11.563904,0.0,0.0
69142565,11.364395,11.563904,0.0,0.0
69157841,11.425306,11.625794,0.0,0.0
69173190,11.589013,11.7922,0.0,0.0
69189305,11.628269,11.832084,0.0,0.0
69203924,11.628269,11.832084,0.0,0.0
69220713,11.6931925,11.897925,0.0,0.0
69234328,11.755401,11.961014,0.0,0.0
69249129,11.755401,11.961014,0.0,0.0
69264338,11.816225,12.022776,0.0,0.0
69279088,11.858474,12.065673,0.0,0.0
69294524,11.948122,12.156769,0.0,0.0
69309364,12.026214,12.236028,0.0,0.0
69324316,12.135587,12.3472395,0.0,0.0
69339676,12.157904,12.369876,0.0,0.0
69354767,12.183482,12.395802,0.0,0.0
69369351,12.262487,12.4760685,0.0,0.0
69384991,12.315527,12.529904,0.0,0.0
69399491,12.315527,12.529904,0.0,0.0
69414437,12.309901,12.523971,0.0,0.0
69431437,12.442512,12.65881,0.0,0.0
69447534,12.442512,12.65881,0.0,0.0
69464306,12.511237,12.728378,0.0,0.0
69477481,12.517251,12.734482,0.0,0.0
69493348,12.650962,12.87024,0.0,0.0
69508937,12.650962,12.87024,0.0,0.0
69522914,6.0411954,6.1458573,0.0,0.0
69539306,3.666146,3.7296243,0.0,0.0
69553693,2.1054113,2.1418653,0.0,0.0
69568772,1.0070888,1.0245249,0.0,0.0
69583347,-0.6571696,-0.66855043,0.0,0.0
69603461,-0.8046005,-0.81853545,0.0,0.0
69614504,-0.8046005,-0.81853545,0.0,0.0
69629112,0.8779851,0.89319134,0.0,0.0
69647301,1.0332506,1.0511374,0.0,0.0
69660572,0.7576262,0.7707509,0.0,0.0
69675711,0.5805991,0.5906509,0.0,0.0
69691807,0.1371826,0.13955812,0.0,0.0
69708325,0.9980278,1.0153067,0.0,0.0
69723350,0.9980407,1.0153197,0.0,0.0
69737214,-0.9599581,-0.9765854,0.0,0.0
69752216,0.93615645,0.9523661,0.0,0.0
69769321,0.93615645,0.9523661,0.0,0.0
69786583,0.34516156,0.35113755,0.0,0.0
69799303,-0.6285176,-0.6394048,0.0,0.0
69812693,-0.6285176,-0.6394048,0.0,0.0
69827812,0.26461908,0.26919976,0.0,0.0
69843085,0.28151876,0.2863918,0.0,0.0
69858440,-0.86099815,-0.8759093,0.0,0.0
69873235,-0.82302207,-0.8372735,0.0,0.0
69889411,0.5569783,0.5666272,0.0,0.0
69904822,-1.0079798,-1.0254415,0.0,0.0
69920401,0.97805166,0.9949858,0.0,0.0
69935879,-0.6255099,-0.6363406,0.0,0.0
69951785,0.53109574,0.5402952,0.0,0.0
69968486,0.72728896,0.73987937,0.0,0.0
69984027,0.951977,0.96845555,0.0,0.0
69997123,0.951977,0.96845555,0.0,0.0
70012054,0.6560717,0.66743326,0.0,0.0
70027852,0.8239321,0.8382025,0.0,0.0
70044437,-0.74642503,-0.75935215,0.0,0.0
70058441,-0.91254133,-0.9283419,0.0,0.0
70073109,-0.91254133,-0.9283419,0.0,0.0
70088579,-0.6975582,-0.70964205,0.0,0.0
70104305,0.49385464,0.5024039,0.0,0.0
70118614,-0.9915201,-1.0086972,0.0,0.0
70133902,-0.9915201,-1.0086972,0.0,0.0
70149013,-0.41769275,-0.424928,0.0,0.0
70164594,-0.4176927,-0.42492795,0.0,0.0
70180033,-0.8610303,-0.87594193,0.0,0.0
70195786,-0.8610303,-0.87594193,0.0,0.0
70211892,0.98197967,0.9989913,0.0,0.0
70227016,0.90946156,0.9252162,0.0,0.0
70242267,0.90946156,0.9252162,0.0,0.0
70258421,-0.57698244,-0.586975,0.0,0.0
70274518,0.9291025,0.94518894,0.0,0.0
70289435,0.44482788,0.45253408,0.0,0.0
70303438,0.44482788,0.45253408,0.0,0.0
70320310,0.73831797,0.7511092,0.0,0.0
70333861,0.73831797,0.7511092,0.0,0.0
70349872,0.6017098,0.6121292,0.0,0.0
70365302,0.7648476,0.77808803,0.0,0.0
70379117,-0.34319264,-0.34913728,0.0,0.0
70394920,-0.85486835,-0.8696699,0.0,0.0
70409718,-0.85486835,-0.8696699,0.0,0.0
70427309,0.7714058,0.78476006,0.0,0.0
70441459,0.7714058,0.78476006,0.0,0.0
70456276,-0.46614727,-0.47421667,0.0,0.0
70471280,-0.8745123,-0.88965786,0.0,0.0
70487077,-0.8745123,-0.88965786,0.0,0.0
70502297,-0.7734407,-0.78683317,0.0,0.0
70518777,0.74417084,0.7570623,0.0,0.0
70531272,-0.72012204,-0.73259217,0.0,0.0
70546435,-0.5388481,-0.5481808,0.0,0.0
70561725,0.9692293,0.9860201,0.0,0.0
70576364,0.55045915,0.5599946,0.0,0.0
70591393,0.55045915,0.5599946,0.0,0.0
70606301,-0.6583562,-0.66975605,0.0,0.0
70621837,0.38557962,0.39225903,0.0,0.0
70636709,-0.5777997,-0.5878062,0.0,0.0
70652103,-0.6429937,-0.6541316,0.0,0.0
70667721,-0.6429937,-0.6541316,0.0,0.0
70683068,0.9268945,0.94294333,0.0,0.0
70700182,0.98901916,1.0061406,0.0,0.0
70715383,0.98901916,1.0061406,0.0,0.0
70729192,0.40189248,0.4088523,0.0,0.0
70744426,0.40189248,0.4088523,0.0,0.0
70760812,-0.93852836,-0.9547769,0.0,0.0
70776305,-0.93852836,-0.9547769,0.0,0.0
70790984,0.7360235,0.74877286,0.0,0.0
70806197,0.3746009,0.38109034,0.0,0.0
70821651,0.3746009,0.38109034,0.0,0.0
70836620,-0.4748754,-0.48310205,0.0,0.0
70852210,0.3347563,0.34055364,0.0,0.0
70867610,0.3347563,0.34055364,0.0,0.0
70882868,-0.85299516,-0.8677701,0.0,0.0
70900173,0.9478179,0.96423143,0.0,0.0
70912775,0.9478179,0.96423143,0.0,0.0
70928070,1.0230788,1.0408015,0.0,0.0
70942754,0.8584178,0.8732808,0.0,0.0
70958914,-0.8492977,-0.8640024,0.0,0.0
70974674,-0.8492977,-0.8640024,0.0,0.0
70988843,0.7728943,0.7862847,0.0,0.0
71005308,0.32883427,0.3345289,0.0,0.0
71019181,-0.95112646,-0.9675957,0.0,0.0
71037306,-0.95112646,-0.9675957,0.0,0.0
71052300,0.30475157,0.31003138,0.0,0.0
71065806,0.5974159,0.60776424,0.0,0.0
71082085,0.5974159,0.60776424,0.0,0.0
71096338,1.008321,1.0257801,0.0,0.0
71110513,-0.5779944,-0.58800673,0.0,0.0
71125130,-0.6788327,-0.69059044,0.0,0.0
71140216,-0.6788327,-0.69059044,0.0,0.0
71156136,-0.65332305,-0.6646373,0.0,0.0
71171440,-0.8765239,-0.8917046,0.0,0.0
71186971,-0.36192408,-0.36819443,0.0,0.0
71203063,-0.36192408,-0.36819443,0.0,0.0
71223190,-0.8883327,-0.9037201,0.0,0.0
71234014,0.50600266,0.5147693,0.0,0.0
71249643,0.50600266,0.5147693,0.0,0.0
71265080,0.9516946,0.9681718,0.0,0.0
71280508,0.9516946,0.9681718,0.0,0.0
71295610,0.6430871,0.6542285,0.0,0.0
71311022,-0.30937842,-0.31473714,0.0,0.0
71326424,-0.30937842,-0.31473714,0.0,0.0
71341363,0.5292619,0.53843075,0.0,0.0
71356422,0.7247204,0.7372775,0.0,0.0
71371489,-0.6669954,-0.67854655,0.0,0.0
71387040,-0.8375038,-0.8520077,0.0,0.0
71402846,-0.8375038,-0.8520077,0.0,0.0
71418230,0.94214803,0.9584672,0.0,0.0
71433156,0.94214803,0.9584672,0.0,0.0
71449045,0.5365102,0.5458039,0.0,0.0
71464851,0.7514951,0.76451373,0.0,0.0
71479609,0.182729,0.18589473,0.0,0.0
71494309,1.010847,1.0283573,0.0,0.0
71509556,0.28211123,0.28699872,0.0,0.0
71525001,0.89779407,0.91334474,0.0,0.0
71541119,-1.0253011,-1.0430661,0.0,0.0
71556408,0.64221567,0.65334237,0.0,0.0
71570900,0.64221567,0.65334237,0.0,0.0
71587299,0.6312781,0.6422111,0.0,0.0
71602060,-0.26453722,-0.2691186,0.0,0.0
71617097,-0.021224827,-0.021592328,0.0,0.0
71632363,-0.844924,-0.85955274,0.0,0.0
71649299,-0.844924,-0.85955274,0.0,0.0
71663606,-0.6426052,-0.6537366,0.0,0.0
71679296,-0.6426052,-0.6537366,0.0,0.0
71694150,1.004475,1.0218734,0.0,0.0
71708911,0.982187,0.9991946,0.0,0.0
71724349,0.9837117,1.000755,0.0,0.0
71739072,0.9837117,1.000755,0.0,0.0
71755311,0.56736815,0.5771918,0.0,0.0
71769126,-0.6438057,-0.6549537,0.0,0.0
71784933,-0.6438057,-0.6549537,0.0,0.0
71800315,0.99268126,1.009878,0.0,0.0
71815648,0.99268126,1.009878,0.0,0.0
71831123,0.65078515,0.6620566,0.0,0.0
71846820,0.65078515,0.6620566,0.0,0.0
71861036,0.98511106,1.0021714,0.0,0.0
71876274,0.9464913,0.9628897,0.0,0.0
71892179,0.91601616,0.93188125,0.0,0.0
71906448,0.91601616,0.93188125,0.0,0.0
71922291,-0.38190418,-0.38852,0.0,0.0
71937279,0.9155028,0.9313629,0.0,0.0
71951945,0.9692391,0.9860236,0.0,0.0
71969441,0.9692391,0.9860236,0.0,0.0
71982950,0.7579854,0.7711159,0.0,0.0
72000168,0.44213027,0.44979152,0.0,0.0
72015305,0.9891793,1.0063167,0.0,0.0
72028518,0.9891793,1.0063167,0.0,0.0
72044075,0.8108936,0.8249386,0.0,0.0
72059634,0.8108936,0.8249386,0.0,0.0
72074682,0.117068216,0.1190952,0.0,0.0
72090516,0.41827446,0.42551908,0.0,0.0
72105122,0.41827446,0.42551908,0.0,0.0
72120198,-0.94356674,-0.95990855,0.0,0.0
72136759,0.93543285,0.95163035,0.0,0.0
72151363,-0.95874643,-0.9753589,0.0,0.0
72167043,-0.95874643,-0.9753589,0.0,0.0
72181409,-0.28763622,-0.2926177,0.0,0.0
72196904,-0.6138253,-0.6244538,0.0,0.0
72212201,-0.6138253,-0.6244538,0.0,0.0
72227371,0.32445997,0.3300802,0.0,0.0
72242407,0.8965638,0.9120899,0.0,0.0
72258209,-0.34969634,-0.35575277,0.0,0.0
72274299,-0.34969634,-0.35575277,0.0,0.0
72290436,0.48957378,0.49805158,0.0,0.0
72303817,0.48957407,0.49805188,0.0,0.0
72321310,-0.90001976,-0.9156104,0.0,0.0
72334766,-0.46230894,-0.47031638,0.0,0.0
72351436,0.50607467,0.5148401,0.0,0.0
72365383,-0.7745086,-0.787919,0.0,0.0
72379332,-0.9005641,-0.9161666,0.0,0.0
72394833,-0.9005641,-0.9161666,0.0,0.0
72411612,0.7173587,0.7297811,0.0,0.0
72425869,0.7173587,0.7297811,0.0,0.0
72441012,0.8372939,0.8518004,0.0,0.0
72457742,-0.7005674,-0.7126997,0.0,0.0
72471941,-0.7005674,-0.7126997,0.0,0.0
72486846,0.79915804,0.8130055,0.0,0.0
72502813,0.63095486,0.6418848,0.0,0.0
72517369,0.67447907,0.68615896,0.0,0.0
72531682,0.53392017,0.5431713,0.0,0.0
72547349,0.5676175,0.57745254,0.0,0.0
72563351,0.5676175,0.57745254,0.0,0.0
72577504,-0.33863997,-0.34450516,0.0,0.0
72594300,-0.7097168,-0.72201276,0.0,0.0
72608091,-0.8716642,-0.8867616,0.0,0.0
72623260,-0.8716642,-0.8867616,0.0,0.0
72640436,0.79142356,0.80513257,0.0,0.0
72655437,0.4951485,0.5037235,0.0,0.0
72668425,0.4951485,0.5037235,0.0,0.0
72683558,0.41211286,0.41925308,0.0,0.0
72702305,-0.63514125,-0.64614755,0.0,0.0
72714236,0.51079464,0.5196448,0.0,0.0
72731306,-0.4175524,-0.4247867,0.0,0.0
72744487,0.96286994,0.97954404,0.0,0.0
72763442,-0.34385854,-0.34981441,0.0,0.0
72775500,-0.34385854,-0.34981441,0.0,0.0
72790960,-0.98509705,-1.0021594,0.0,0.0
72805829,0.48214018,0.49049374,0.0,0.0
72822308,-0.6002228,-0.6106185,0.0,0.0
72836837,-0.6002228,-0.6106185,0.0,0.0
72851276,0.02020859,0.020558517,0.0,0.0
72866846,0.02020859,0.020558517,0.0,0.0
72884269,1.0256032,1.0433643,0.0,0.0
72897919,1.0256032,1.0433643,0.0,0.0
72912999,0.8378813,0.85239714,0.0,0.0
72927802,0.8378813,0.85239714,0.0,0.0
72943045,-0.8202433,-0.8344498,0.0,0.0
72958651,0.44711936,0.4548623,0.0,0.0
72975006,0.44711936,0.4548623,0.0,0.0
72989157,0.8381902,0.85271186,0.0,0.0
73004375,0.8381902,0.85271186,0.0,0.0
73020592,-1.0159585,-1.0335534,0.0,0.0
73034452,-0.7413981,-0.7542413,0.0,0.0
73049809,-1.0005949,-1.0179251,0.0,0.0
73065178,0.80123615,0.8151111,0.0,0.0
73081441,-0.8189967,-0.833187,0.0,0.0
73095004,-0.77869534,-0.7921862,0.0,0.0
73109885,0.5048463,0.51358926,0.0,0.0
73126300,-1.0032057,-1.0205778,0.0,0.0
73139438,-0.74977773,-0.7627695,0.0,0.0
73154525,-0.37554216,-0.3820499,0.0,0.0
73169154,-1.0042877,-1.0216804,0.0,0.0
73184297,-1.0042877,-1.0216804,0.0,0.0
73199880,0.92327356,0.93927395,0.0,0.0
73214104,0.98789614,1.0050036,0.0,0.0
73229658,1.0012717,1.0186135,0.0,0.0
73246521,0.7686337,0.78194594,0.0,0.0
73261115,-0.78803277,-0.801687,0.0,0.0
73274282,0.49285293,0.50139046,0.0,0.0
73289558,0.49285293,0.50139046,0.0,0.0
73304380,-0.615398,-0.6260549,0.0,0.0
73320012,-0.63278276,-0.6437441,0.0,0.0
73334312,-0.63278276,-0.6437441,0.0,0.0
73349423,-0.767847,-0.78115046,0.0,0.0
73364870,-0.84472257,-0.85936093,0.0,0.0
73381317,-0.9725706,-0.9894159,0.0,0.0
73395816,-0.9725706,-0.9894159,0.0,0.0
73411413,0.69243866,0.7044364,0.0,0.0
73425560,-0.7325177,-0.7452084,0.0,0.0
73444300,1.0301921,1.0480443,0.0,0.0
73456191,0.91904783,0.93497026,0.0,0.0
73472300,0.23929182,0.24343653,0.0,0.0
73487456,0.23929182,0.24343653,0.0,0.0
73502389,0.14832647,0.15089704,0.0,0.0
73518780,0.14832647,0.15089704,0.0,0.0
73533000,0.88727367,0.9026402,0.0,0.0
73547786,0.91399807,0.92982715,0.0,0.0
73563432,0.91399807,0.92982715,0.0,0.0
73579762,-0.71231055,-0.7246506,0.0,0.0
73594435,-0.730057,-0.7427057,0.0,0.0
73607391,-0.730057,-0.7427057,0.0,0.0
73623035,0.8487066,0.8634042,0.0,0.0
73638715,-0.9284152,-0.9444978,0.0,0.0
73655300,-0.9284152,-0.9444978,0.0,0.0
73669328,0.81562734,0.82975733,0.0,0.0
73684861,0.81562734,0.82975733,0.0,0.0
73700736,0.6286921,0.63958675,0.0,0.0
73717952,0.6286921,0.63958675,0.0,0.0
73730380,-1.0086677,-1.0261482,0.0,0.0
73745765,0.21993864,0.2237478,0.0,0.0
73761389,-0.76893085,-0.7822485,0.0,0.0
73775935,0.8557287,0.8705543,0.0,0.0
73790861,0.8557287,0.8705543,0.0,0.0
73806157,0.69790393,0.7099987,0.0,0.0
73823213,0.69790393,0.7099987,0.0,0.0
73836486,-0.8403103,-0.85487187,0.0,0.0
73851340,0.9538523,0.9703767,0.0,0.0
73866982,-1.0224922,-1.0402054,0.0,0.0
73882433,-1.0288689,-1.0466923,0.0,0.0
73897791,0.7870921,0.80073076,0.0,0.0
73914287,0.29663044,0.3017675,0.0,0.0
73929300,1.0151255,1.0327156,0.0,0.0
73944303,-0.4537303,-0.46159205,0.0,0.0
73958661,-0.4537303,-0.46159205,0.0,0.0
73975300,-0.7687022,-0.78201467,0.0,0.0
73988902,-0.7687022,-0.78201467,0.0,0.0
74005344,-0.32570484,-0.331349,0.0,0.0
74021436,-0.33701035,-0.34284714,0.0,0.0
74035702,0.7890657,0.8027417,0.0,0.0
74051463,0.8680314,0.8830745,0.0,0.0
74066677,0.8680314,0.8830745,0.0,0.0
74080954,-0.6247315,-0.6355547,0.0,0.0
74095690,0.9401365,0.95642126,0.0,0.0
74110592,-0.8310675,-0.84546095,0.0,0.0
74128331,-0.7576107,-0.77073115,0.0,0.0
74143028,-0.8776737,-0.8928829,0.0,0.0
74156871,-0.8776737,-0.8928829,0.0,0.0
74171506,1.0299361,1.047778,0.0,0.0
74188343,1.0299361,1.047778,0.0,0.0
74202708,-0.8854069,-0.90075094,0.0,0.0
74217107,-0.8854069,-0.90075094,0.0,0.0
74232586,0.94726396,0.9636748,0.0,0.0
74249300,-0.8967113,-0.9122518,0.0,0.0
74263699,-0.68796116,-0.6998828,0.0,0.0
74278555,-0.68796116,-0.6998828,0.0,0.0
74293863,-0.7518439,-0.7648721,0.0,0.0
74309128,0.42419812,0.43154737,0.0,0.0
74324794,0.42419812,0.43154737,0.0,0.0
74341393,0.76106155,0.77425224,0.0,0.0
74355557,0.76106155,0.77425224,0.0,0.0
74370008,-0.83929366,-0.85383075,0.0,0.0
74385786,0.60373884,0.6141982,0.0,0.0
74401159,0.9153511,0.9312161,0.0,0.0
74416234,-0.72941273,-0.74204874,0.0,0.0
74430937,-0.72941273,-0.74204874,0.0,0.0
74446455,0.5940248,0.6043143,0.0,0.0
74461537,-0.5786581,-0.58868414,0.0,0.0
74478900,-0.5786581,-0.58868414,0.0,0.0
74491687,0.9106562,0.9264391,0.0,0.0
74506404,0.9106562,0.9264391,0.0,0.0
74523867,0.73833925,0.751135,0.0,0.0
74537289,0.31948137,0.32501653,0.0,0.0
74551770,-0.41941106,-0.42668062,0.0,0.0
74570308,-0.8619826,-0.87692004,0.0,0.0
74582917,-0.8619826,-0.87692004,0.0,0.0
74598787,-0.90382993,-0.919494,0.0,0.0
74614491,0.8986784,0.9142472,0.0,0.0
74628720,-0.6953836,-0.70743424,0.0,0.0
74643897,-0.6953836,-0.70743424,0.0,0.0
74660747,-0.76272213,-0.7759317,0.0,0.0
74674370,1.0021697,1.0195316,0.0,0.0
74690057,1.0099751,1.0274742,0.0,0.0
74705562,1.0099751,1.0274742,0.0,0.0
74720470,0.9397008,0.95597553,0.0,0.0
74737306,-0.5443713,-0.55379975,0.0,0.0
74752878,-0.5443713,-0.55379975,0.0,0.0
74765950,-0.6377903,-0.64884394,0.0,0.0
74782383,0.669814,0.6814188,0.0,0.0
74796556,0.5031342,0.51184946,0.0,0.0
74812083,-0.500963,-0.509642,0.0,0.0
74828330,-0.28656137,-0.29152814,0.0,0.0
74843326,0.66606927,0.6776083,0.0,0.0
74859738,0.6843394,0.69619846,0.0,0.0
74872792,0.6843394,0.69619846,0.0,0.0
74887749,-0.5371223,-0.54643244,0.0,0.0
74905439,-0.23470956,-0.2387765,0.0,0.0
74918617,-0.8661253,-0.8811298,0.0,0.0
74935609,-0.8661253,-0.8811298,0.0,0.0
74949605,-0.9605228,-0.9771712,0.0,0.0
74965203,-0.9816736,-0.99867916,0.0,0.0
74984308,-0.9816736,-0.99867916,0.0,0.0
74996814,0.8694629,0.8845283,0.0,0.0
75012115,0.41301,0.42016867,0.0,0.0
75027059,0.41301,0.42016867,0.0,0.0
75041905,0.8838428,0.89916146,0.0,0.0
75058210,0.9865316,1.0036291,0.0,0.0
75074436,0.61590296,0.62657416,0.0,0.0
75089434,0.61590296,0.62657416,0.0,0.0
75103591,0.8931293,0.9086062,0.0,0.0
75120010,0.6811762,0.6929784,0.0,0.0
75135423,-0.9138774,-0.9297167,0.0,0.0
75149439,-0.9138774,-0.9297167,0.0,0.0
75166322,-0.39763108,-0.404522,0.0,0.0
75180878,-0.39763108,-0.404522,0.0,0.0
75199346,-0.9174227,-0.93331975,0.0,0.0
75211939,0.43235052,0.43984246,0.0,0.0
75226879,0.43235052,0.43984246,0.0,0.0
75241822,0.1955125,0.19890098,0.0,0.0
75257885,0.7449452,0.75785047,0.0,0.0
75272102,0.577733,0.5877471,0.0,0.0
75286912,0.577733,0.5877471,0.0,0.0
75302454,1.0197846,1.0374482,0.0,0.0
75318166,-0.44179413,-0.4494489,0.0,0.0
75333370,0.74119085,0.7540382,0.0,0.0
75347968,0.49724567,0.5058587,0.0,0.0
75364246,-1.0279726,-1.0457861,0.0,0.0
75379051,0.67335695,0.68502456,0.0,0.0
75393754,0.67335695,0.68502456,0.0,0.0
75409707,-0.73763466,-0.7504107,0.0,0.0
75425518,-0.73763466,-0.7504107,0.0,0.0
75441376,0.89863825,0.9142106,0.0,0.0
75456549,0.89863825,0.9142106,0.0,0.0
75471085,-0.551219,-0.560771,0.0,0.0
75486808,-0.48322883,-0.4916028,0.0,0.0
75505307,-0.48322883,-0.4916028,0.0,0.0
75516992,-0.35928538,-0.3655117,0.0,0.0
75532743,-0.8742844,-0.88943756,0.0,0.0
75547413,-0.8742844,-0.88943756,0.0,0.0
75563002,-0.89460623,-0.9101096,0.0,0.0
75579302,-0.95058316,-0.9670543,0.0,0.0
75595301,0.8286696,0.8430302,0.0,0.0
75608093,0.8286696,0.8430302,0.0,0.0
75624002,-0.6349146,-0.64591694,0.0,0.0
75638470,-0.38854265,-0.39527583,0.0,0.0
75653782,0.6183939,0.6291095,0.0,0.0
75669656,-0.31116596,-0.3165595,0.0,0.0
75684926,-0.31116596,-0.3165595,0.0,0.0
75703348,-0.8364471,-0.85093534,0.0,0.0
75715005,-0.83644825,-0.8509365,0.0,0.0
75730229,-0.9713008,-0.98813754,0.0,0.0
75747305,0.37777925,0.38432372,0.0,0.0
75765300,0.89228684,0.90774447,0.0,0.0
75776276,-0.93005776,-0.94617015,0.0,0.0
75793354,-0.93005776,-0.94617015,0.0,0.0
75808444,-0.5025009,-0.51120836,0.0,0.0
75824305,0.8370719,0.8515712,0.0,0.0
75838326,0.8370719,0.8515712,0.0,0.0
75854305,0.9377193,0.9539745,0.0,0.0
75868354,0.9377193,0.9539745,0.0,0.0
75883318,0.78362876,0.7972101,0.0,0.0
75899299,-0.62958866,-0.6404935,0.0,0.0
75914299,0.27682295,0.28162062,0.0,0.0
75929382,0.27682295,0.28162062,0.0,0.0
75945305,-0.1927496,-0.19609003,0.0,0.0
75961306,0.2640345,0.2686097,0.0,0.0
75977308,0.2640345,0.2686097,0.0,0.0
75989649,-0.74875087,-0.7617235,0.0,0.0
76006389,0.9503718,0.9668369,0.0,0.0
76022308,0.7219719,0.7344821,0.0,0.0
76037299,-0.83858556,-0.8531123,0.0,0.0
76051305,0.7103747,0.7226824,0.0,0.0
76066299,0.5590973,0.56878847,0.0,0.0
76081299,0.5816213,0.59169585,0.0,0.0
76095236,-0.76640415,-0.77968717,0.0,0.0
76117299,-0.89723617,-0.9127827,0.0,0.0
76126299,0.7766858,0.7901456,0.0,0.0
76141299,-0.7528687,-0.76591676,0.0,0.0
76157305,0.99248147,1.0096719,0.0,0.0
76172299,0.99248147,1.0096719,0.0,0.0
76187299,-0.6194059,-0.6301396,0.0,0.0
76201182,-0.6194059,-0.6301396,0.0,0.0
76218338,-0.72964483,-0.74228615,0.0,0.0
76233357,0.9237418,0.93974847,0.0,0.0
76248439,0.8470983,0.8617761,0.0,0.0
76269299,0.8470983,0.8617761,0.0,0.0
