timestamp,roll_body,pitch_body,yaw_body,yaw_sp_move_rate,q_d[0],q_d[1],q_d[2],q_d[3],thrust_body[0],thrust_body[1],thrust_body[2],q_d_valid,roll_reset_integral,pitch_reset_integral,yaw_reset_integral,fw_control_yaw,apply_flaps
63350469,0.0,-0.0,-0.0011397157,0.0,0.9999998,0.0,-0.0,-0.0005698578,0.0,0.0,-0.0,1,0,0,0,0,0
69534813,0.0,0.0,0.0064873165,0.0,0.99999475,0.0,0.0,0.0032436524,0.0,0.0,-0.0,1,0,0,0,0,0
69630165,0.0,0.0,0.006390546,0.0,0.99999493,0.0,0.0,0.003195268,0.0,0.0,-0.0,1,0,0,0,0,0
69725550,0.0,0.0,0.0063853394,0.0,0.9999949,0.0,0.0,0.0031926644,0.0,0.0,-0.0,1,0,0,0,0,0
69822278,0.0,0.0,0.0064318106,0.0,0.9999948,0.0,0.0,0.0032159,0.0,0.0,-0.0,1,0,0,0,0,0
69923630,0.0,0.0,0.0062657157,0.0,0.9999951,0.0,0.0,0.0031328527,0.0,0.0,-0.0,1,0,0,0,0,0
70042148,0.0,0.0,0.0062293066,0.0,0.9999952,0.0,0.0,0.0031146486,0.0,0.0,-0.0,1,0,0,0,0,0
70138142,0.0,0.0,0.006159245,0.0,0.99999523,0.0,0.0,0.0030796176,0.0,0.0,-0.0,1,0,0,0,0,0
70233137,0.0,0.0,0.005977757,0.0,0.9999955,0.0,0.0,0.0029888742,0.0,0.0,-0.0,1,0,0,0,0,0
70327153,0.0,0.0,0.0057952013,0.0,0.9999958,0.0,0.0,0.0028975967,0.0,0.0,-0.0,1,0,0,0,0,0
70446497,0.0,0.0,0.005704992,0.0,0.99999595,0.0,0.0,0.0028524923,0.0,0.0,-0.0,1,0,0,0,0,0
70541322,0.0,0.0,0.005894338,0.0,0.99999565,0.0,0.0,0.002947165,0.0,0.0,-0.0,1,0,0,0,0,0
70633585,0.0,0.0,0.005816841,0.0,0.99999577,0.0,0.0,0.0029084168,0.0,0.0,-0.0,1,0,0,0,0,0
70733142,0.0,0.0,0.005726204,0.0,0.9999959,0.0,0.0,0.0028630982,0.0,0.0,-0.0,1,0,0,0,0,0
70836203,0.0,0.0,0.0056262244,0.0,0.99999607,0.0,0.0,0.0028131087,0.0,0.0,-0.0,1,0,0,0,0,0
70954643,0.0,0.0,0.005317291,0.0,0.9999965,0.0,0.0,0.0026586424,0.0,0.0,-0.0,1,0,0,0,0,0
71053166,0.0,0.0,0.0052249474,0.0,0.9999966,0.0,0.0,0.0026124709,0.0,0.0,-0.0,1,0,0,0,0,0
71150186,0.0,0.0,0.004929123,0.0,0.99999696,0.0,0.0,0.0024645592,0.0,0.0,-0.0,1,0,0,0,0,0
71247151,0.0,0.0,0.0046795807,0.0,0.99999726,0.0,0.0,0.0023397885,0.0,0.0,-0.0,1,0,0,0,0,0
71350190,0.0,0.0,0.004389837,0.0,0.9999976,0.0,0.0,0.0021949168,0.0,0.0,-0.0,1,0,0,0,0,0
71444590,0.0,0.0,0.0043140016,0.0,0.9999977,0.0,0.0,0.0021569992,0.0,0.0,-0.0,1,0,0,0,0,0
71564179,0.0,0.0,0.004225924,0.0,0.99999774,0.0,0.0,0.0021129607,0.0,0.0,-0.0,1,0,0,0,0,0
71636262,0.0,0.0,0.004350451,0.0,0.9999976,0.0,0.0,0.0021752238,0.0,0.0,-0.0,1,0,0,0,0,0
71766507,0.0,0.0,0.003939034,0.0,0.99999803,0.0,0.0,0.0019695158,0.0,0.0,-0.0,1,0,0,0,0,0
71859584,0.0,0.0,0.004015911,0.0,0.999998,0.0,0.0,0.002007954,0.0,0.0,-0.0,1,0,0,0,0,0
71958536,0.0,0.0,0.0038762284,0.0,0.9999981,0.0,0.0,0.001938113,0.0,0.0,-0.0,1,0,0,0,0,0
72058534,0.0,0.0,0.003787962,0.0,0.9999982,0.0,0.0,0.0018939798,0.0,0.0,-0.0,1,0,0,0,0,0
72156533,0.0,0.0,0.0036599003,0.0,0.99999833,0.0,0.0,0.0018299491,0.0,0.0,-0.0,1,0,0,0,0,0
72276298,0.0,0.0,0.0036370493,0.0,0.99999833,0.0,0.0,0.0018185237,0.0,0.0,-0.0,1,0,0,0,0,0
72371039,0.0,0.0,0.0035673634,0.0,0.9999984,0.0,0.0,0.001783681,0.0,0.0,-0.0,1,0,0,0,0,0
72476156,0.0,0.0,0.003398171,0.0,0.99999857,0.0,0.0,0.0016990846,0.0,0.0,-0.0,1,0,0,0,0,0
72577202,0.0,0.0,0.003299672,0.0,0.9999986,0.0,0.0,0.0016498353,0.0,0.0,-0.0,1,0,0,0,0,0
72675860,0.0,0.0,0.0034594384,0.0,0.9999985,0.0,0.0,0.0017297184,0.0,0.0,-0.0,1,0,0,0,0,0
72773161,0.0,0.0,0.0034232659,0.0,0.9999985,0.0,0.0,0.0017116322,0.0,0.0,-0.0,1,0,0,0,0,0
72866509,0.0,0.0,0.0032076645,0.0,0.9999987,0.0,0.0,0.0016038315,0.0,0.0,-0.0,1,0,0,0,0,0
72986447,0.0,0.0,0.0033946878,0.0,0.99999857,0.0,0.0,0.0016973433,0.0,0.0,-0.0,1,0,0,0,0,0
73066498,0.0,0.0,0.0034749412,0.0,0.9999985,0.0,0.0,0.0017374698,0.0,0.0,-0.0,1,0,0,0,0,0
73186813,0.0,0.0,0.0036335653,0.0,0.99999833,0.0,0.0,0.0018167817,0.0,0.0,-0.0,1,0,0,0,0,0
73282144,0.0,0.0,0.0036277713,0.0,0.99999833,0.0,0.0,0.0018138847,0.0,0.0,-0.0,1,0,0,0,0,0
73382897,0.0,0.0,0.0037635139,0.0,0.9999982,0.0,0.0,0.0018817559,0.0,0.0,-0.0,1,0,0,0,0,0
73478158,0.0,0.0,0.003689915,0.0,0.9999983,0.0,0.0,0.0018449565,0.0,0.0,-0.0,1,0,0,0,0,0
73574884,0.0,0.0,0.0038255777,0.0,0.99999815,0.0,0.0,0.0019127878,0.0,0.0,-0.0,1,0,0,0,0,0
73688157,0.0,0.0,0.00397783,0.0,0.99999803,0.0,0.0,0.0019889139,0.0,0.0,-0.0,1,0,0,0,0,0
73780531,0.0,0.0,0.0038477867,0.0,0.99999815,0.0,0.0,0.0019238923,0.0,0.0,-0.0,1,0,0,0,0,0
73884160,0.0,0.0,0.0040365555,0.0,0.999998,0.0,0.0,0.0020182766,0.0,0.0,-0.0,1,0,0,0,0,0
74000222,0.0,0.0,0.004330927,0.0,0.9999977,0.0,0.0,0.002165462,0.0,0.0,-0.0,1,0,0,0,0,0
74095185,0.0,0.0,0.0042889165,0.0,0.9999977,0.0,0.0,0.0021444568,0.0,0.0,-0.0,1,0,0,0,0,0
74192231,0.0,0.0,0.004436864,0.0,0.99999756,0.0,0.0,0.0022184304,0.0,0.0,-0.0,1,0,0,0,0,0
74290574,0.0,0.0,0.004470577,0.0,0.9999975,0.0,0.0,0.0022352869,0.0,0.0,-0.0,1,0,0,0,0,0
74406228,0.0,0.0,0.0048407335,0.0,0.9999971,0.0,0.0,0.0024203646,0.0,0.0,-0.0,1,0,0,0,0,0
74503153,0.0,0.0,0.0050337384,0.0,0.99999684,0.0,0.0,0.002516867,0.0,0.0,-0.0,1,0,0,0,0,0
74600534,0.0,0.0,0.005108067,0.0,0.9999967,0.0,0.0,0.0025540309,0.0,0.0,-0.0,1,0,0,0,0,0
74701553,0.0,0.0,0.0050586113,0.0,0.99999684,0.0,0.0,0.0025293033,0.0,0.0,-0.0,1,0,0,0,0,0
74797636,0.0,0.0,0.005346514,0.0,0.9999964,0.0,0.0,0.0026732536,0.0,0.0,-0.0,1,0,0,0,0,0
74914144,0.0,0.0,0.005249506,0.0,0.99999654,0.0,0.0,0.00262475,0.0,0.0,-0.0,1,0,0,0,0,0
75008302,0.0,0.0,0.0053479,0.0,0.9999964,0.0,0.0,0.0026739468,0.0,0.0,-0.0,1,0,0,0,0,0
75116521,0.0,0.0,0.005182217,0.0,0.99999666,0.0,0.0,0.0025911054,0.0,0.0,-0.0,1,0,0,0,0,0
75218164,0.0,0.0,0.0049805944,0.0,0.9999969,0.0,0.0,0.0024902946,0.0,0.0,-0.0,1,0,0,0,0,0
75318190,0.0,0.0,0.0049701356,0.0,0.9999969,0.0,0.0,0.0024850653,0.0,0.0,-0.0,1,0,0,0,0,0
75415525,0.0,0.0,0.0050209253,0.0,0.99999684,0.0,0.0,0.0025104603,0.0,0.0,-0.0,1,0,0,0,0,0
75510180,0.0,0.0,0.004973169,0.0,0.9999969,0.0,0.0,0.002486582,0.0,0.0,-0.0,1,0,0,0,0,0
75608144,0.0,0.0,0.0049178265,0.0,0.99999696,0.0,0.0,0.002458911,0.0,0.0,-0.0,1,0,0,0,0,0
75706581,0.0,0.0,0.0050241053,0.0,0.99999684,0.0,0.0,0.0025120506,0.0,0.0,-0.0,1,0,0,0,0,0
75824321,0.0,0.0,0.005084297,0.0,0.9999968,0.0,0.0,0.0025421458,0.0,0.0,-0.0,1,0,0,0,0,0
75923618,0.0,0.0,0.0050467546,0.0,0.99999684,0.0,0.0,0.002523375,0.0,0.0,-0.0,1,0,0,0,0,0
76020536,0.0,0.0,0.004797584,0.0,0.99999714,0.0,0.0,0.0023987894,0.0,0.0,-0.0,1,0,0,0,0,0
76118142,0.0,0.0,0.0047763363,0.0,0.99999714,0.0,0.0,0.0023881658,0.0,0.0,-0.0,1,0,0,0,0,0
76234228,0.0,0.0,0.004775324,0.0,0.99999714,0.0,0.0,0.0023876596,0.0,0.0,-0.0,1,0,0,0,0,0
76333233,0.0,0.0,0.004817575,0.0,0.99999714,0.0,0.0,0.0024087855,0.0,0.0,-0.0,1,0,0,0,0,0
76428162,0.0,0.0,0.004997473,0.0,0.9999969,0.0,0.0,0.002498734,0.0,0.0,-0.0,1,0,0,0,0,0
76526604,0.0,0.0,0.0049580405,0.0,0.9999969,0.0,0.0,0.0024790177,0.0,0.0,-0.0,1,0,0,0,0,0
76640162,0.0,0.0,0.005221955,0.0,0.9999966,0.0,0.0,0.002610975,0.0,0.0,-0.0,1,0,0,0,0,0
76724421,0.0,0.0,0.005646576,0.0,0.999996,0.0,0.0,0.0028232846,0.0,0.0,-0.0,1,0,0,0,0,0
76815012,0.0,0.0,0.0058956905,0.0,0.99999565,0.0,0.0,0.0029478418,0.0,0.0,-0.0,1,0,0,0,0,0
76938095,0.0,0.0,0.0054607545,0.0,0.99999624,0.0,0.0,0.0027303742,0.0,0.0,-0.0,1,0,0,0,0,0
77032007,0.0,0.0,0.0054429676,0.0,0.9999963,0.0,0.0,0.0027214806,0.0,0.0,-0.0,1,0,0,0,0,0
77150979,0.0,0.0,0.0054450333,0.0,0.9999963,0.0,0.0,0.0027225134,0.0,0.0,-0.0,1,0,0,0,0,0
77241756,0.0,0.0,0.005946638,0.0,0.9999956,0.0,0.0,0.002973315,0.0,0.0,-0.0,1,0,0,0,0,0
77333970,0.0,0.0,0.00535912,0.0,0.9999964,0.0,0.0,0.0026795568,0.0,0.0,-0.0,1,0,0,0,0,0
77455203,0.0,0.0,0.0055770995,0.0,0.9999961,0.0,0.0,0.0027885463,0.0,0.0,-0.0,1,0,0,0,0,0
77545444,0.05800642,0.086475015,0.0,0.0,0.9986452,0.02897204,0.04320586,-0.0012534601,0.0,0.0,-0.120653,1,0,0,0,0,0
77634500,0.036271013,0.080178864,0.0,0.0,0.9990322,0.018119939,0.0400721,-0.00072680746,0.0,0.0,-0.12046599,1,0,0,0,0,0
77755212,0.012936416,0.082048915,0.0,0.0,0.99913776,0.00646272,0.04101209,-0.00026527845,0.0,0.0,-0.12041513,1,0,0,0,0,0
77844667,-0.004700953,0.08255296,0.0,0.0,0.99914545,-0.0023484724,0.041264646,9.699176e-05,0.0,0.0,-0.12168455,1,0,0,0,0,0
77940210,-0.013556254,0.082396485,0.0,0.0,0.9991285,-0.006772324,0.041185644,0.00027916578,0.0,0.0,-0.14328249,1,0,0,0,0,0
78062489,-0.0147269135,0.08070742,0.0,0.0,0.9991588,-0.007357395,0.040341664,0.00029705942,0.0,0.0,-0.16422279,1,0,0,0,0,0
78150127,-0.01753808,0.07698492,0.0,0.0,0.99922085,-0.008762431,0.038481474,0.0003374542,0.0,0.0,-0.1963174,1,0,0,0,0,0
78241554,-0.016671276,0.0701003,0.0,0.0,0.9993511,-0.0083304215,0.035041757,0.00029210214,0.0,0.0,-0.22188292,1,0,0,0,0,0
78364174,-0.020176316,0.07211313,0.0,0.0,0.99929917,-0.01008143,0.03604692,0.00036365935,0.0,0.0,-0.2514577,1,0,0,0,0,0
78452781,-0.019725656,0.056557585,0.0,0.0,0.9995516,-0.009858726,0.028273648,0.00027886723,0.0,0.0,-0.32028928,1,0,0,0,0,0
78546274,-0.015588002,0.055743404,0.0,0.0,0.9995813,-0.0077908942,0.027867246,0.00021720173,0.0,0.0,-0.3572995,1,0,0,0,0,0
78668791,-0.011692509,0.053782444,0.0,0.0,0.99962133,-0.0058441074,0.026887523,0.00015719309,0.0,0.0,-0.39066175,1,0,0,0,0,0
78759146,-0.01042191,0.04997654,0.0,0.0,0.99967426,-0.005209304,0.024985326,0.00013019859,0.0,0.0,-0.43676785,1,0,0,0,0,0
78849959,-0.011606921,0.059311274,0.0,0.0,0.9995435,-0.0058008763,0.029650789,0.0001720791,0.0,0.0,-0.4136864,1,0,0,0,0,0
78972690,-0.0048231967,0.04718083,0.0,0.0,0.9997189,-0.0024109248,0.023588158,5.688527e-05,0.0,0.0,-0.4645932,1,0,0,0,0,0
79066867,-0.0008318038,0.037715588,0.0,0.0,0.99982214,-0.00041582788,0.018856673,7.8425255e-06,0.0,0.0,-0.5138833,1,0,0,0,0,0
79156182,0.0021751763,0.027991427,0.0,0.0,0.9999015,0.0010874815,0.013995249,-1.5221074e-05,0.0,0.0,-0.5494778,1,0,0,0,0,0
79280004,0.0020398775,0.022080952,0.0,0.0,0.99993855,0.0010198763,0.011040247,-1.1260378e-05,0.0,0.0,-0.58655554,1,0,0,0,0,0
79369652,0.0063802428,0.0033731512,0.0,0.0,0.9999935,0.0031901116,0.0016865664,-5.3803697e-06,0.0,0.0,-0.5913717,1,0,0,0,0,0
79459363,0.007668585,-0.005108442,0.0,0.0,0.9999894,0.003834271,-0.0025541994,9.793596e-06,0.0,0.0,-0.5916074,1,0,0,0,0,0
79581607,0.008834303,-0.014900933,0.0,0.0,0.9999625,0.0044170143,-0.007450325,3.290943e-05,0.0,0.0,-0.58918005,1,0,0,0,0,0
79673097,0.007961629,-0.020266725,0.0,0.0,0.99994075,0.0039805993,-0.010133108,4.0338233e-05,0.0,0.0,-0.5878098,1,0,0,0,0,0
79763796,0.0073623927,-0.026967375,0.0,0.0,0.9999023,0.0036808536,-0.013483188,4.9634487e-05,0.0,0.0,-0.5875182,1,0,0,0,0,0
79884714,0.0063661565,-0.031387486,0.0,0.0,0.9998718,0.003182681,-0.015693022,4.9952283e-05,0.0,0.0,-0.59083134,1,0,0,0,0,0
79974091,0.005053856,-0.035483114,0.0,0.0,0.9998394,0.0025265273,-0.017740568,4.482923e-05,0.0,0.0,-0.59017354,1,0,0,0,0,0
80095715,0.002778821,-0.034532603,0.0,0.0,0.99985003,0.0013892028,-0.017265428,2.398878e-05,0.0,0.0,-0.589269,1,0,0,0,0,0
80189132,0.0022271904,-0.03330996,0.0,0.0,0.9998607,0.0011134406,-0.0166542,1.8546047e-05,0.0,0.0,-0.5909112,1,0,0,0,0,0
80278559,0.0032445006,-0.031960294,0.0,0.0,0.999871,0.0016220424,-0.015979445,2.5922684e-05,0.0,0.0,-0.5885228,1,0,0,0,0,0
80400741,0.000860155,-0.028759288,0.0,0.0,0.9998965,0.00043003305,-0.0143791465,6.1841483e-06,0.0,0.0,-0.5887589,1,0,0,0,0,0
80493022,0.0003388502,-0.026437437,0.0,0.0,0.9999126,0.00016941028,-0.013218333,2.2395175e-06,0.0,0.0,-0.5755836,1,0,0,0,0,0
80585896,-0.0012400949,-0.025143655,0.0,0.0,0.9999208,-0.00061999843,-0.012571495,-7.7949235e-06,0.0,0.0,-0.54370725,1,0,0,0,0,0
80676609,-0.0008333247,-0.02302963,0.0,0.0,0.99993366,-0.0004166347,-0.011514559,-4.7976832e-06,0.0,0.0,-0.53149277,1,0,0,0,0,0
80799155,-0.004185815,-0.019087052,0.0,0.0,0.99995226,-0.0020928108,-0.009543361,-1.9973399e-05,0.0,0.0,-0.5370085,1,0,0,0,0,0
80890180,-0.0025460783,-0.017713707,0.0,0.0,0.99995995,-0.001272989,-0.008856731,-1.1274971e-05,0.0,0.0,-0.54079586,1,0,0,0,0,0
80981898,-0.0025045238,-0.01409043,0.0,0.0,0.9999744,-0.0012522306,-0.0070451517,-8.82238e-06,0.0,0.0,-0.5421139,1,0,0,0,0,0
81103891,-0.00316094,-0.0112519,0.0,0.0,0.99998295,-0.0015804443,-0.0056259134,-8.891595e-06,0.0,0.0,-0.5431898,1,0,0,0,0,0
81195581,-0.0047513656,-0.008833319,0.0,0.0,0.9999874,-0.0023756574,-0.0044166334,-1.0492538e-05,0.0,0.0,-0.5444598,1,0,0,0,0,0
81286415,-0.003420305,-0.0062975236,0.0,0.0,0.9999936,-0.0017101433,-0.003148752,-5.384851e-06,0.0,0.0,-0.54432243,1,0,0,0,0,0
81408546,-0.005842322,-0.0035462233,0.0,0.0,0.99999416,-0.0029211522,-0.001773103,-5.1795346e-06,0.0,0.0,-0.5425109,1,0,0,0,0,0
81500935,-0.006788673,0.0009610476,0.0,0.0,0.9999941,-0.0033943297,0.000480521,1.6310563e-06,0.0,0.0,-0.5418744,1,0,0,0,0,0
81591505,-0.005164167,0.0036682703,0.0,0.0,0.999995,-0.0025820765,0.001834128,4.735882e-06,0.0,0.0,-0.54318625,1,0,0,0,0,0
81712935,-0.004033506,0.008348152,0.0,0.0,0.9999893,-0.002016734,0.0041740555,8.41805e-06,0.0,0.0,-0.5425145,1,0,0,0,0,0
81805160,-0.0060559534,0.009746598,0.0,0.0,0.99998355,-0.003027936,0.004873257,1.4756154e-05,0.0,0.0,-0.54217774,1,0,0,0,0,0
81895759,-0.007878553,0.009740715,0.0,0.0,0.9999804,-0.0039392198,0.004870301,1.918556e-05,0.0,0.0,-0.5419329,1,0,0,0,0,0
82018173,-0.0062975055,0.010568957,0.0,0.0,0.9999811,-0.0031487034,0.0052844277,1.663941e-05,0.0,0.0,-0.5442751,1,0,0,0,0,0
82107567,-0.0031332015,0.008327468,0.0,0.0,0.9999901,-0.0015665864,0.004163717,6.5228874e-06,0.0,0.0,-0.54476464,1,0,0,0,0,0
82198564,0.0018334356,0.007075122,0.0,0.0,0.9999933,0.0009167119,0.0035375522,-3.2429377e-06,0.0,0.0,-0.5417682,1,0,0,0,0,0
82321124,0.003618085,0.008927151,0.0,0.0,0.99998844,0.0018090236,0.004463553,-8.074767e-06,0.0,0.0,-0.54251397,1,0,0,0,0,0
83115279,0.01497987,-0.0030816214,0.0,0.0,0.99997073,0.0074898563,-0.0015407669,1.1540459e-05,0.0,0.0,-0.53955823,1,0,0,0,0,0
83237262,0.014916992,-0.0055733114,0.0,0.0,0.9999683,0.007458397,-0.0027865744,2.0784037e-05,0.0,0.0,-0.54105115,1,0,0,0,0,0
83328883,0.013805499,-0.010092404,0.0,0.0,0.99996346,0.006902607,-0.005046061,3.4832243e-05,0.0,0.0,-0.54270405,1,0,0,0,0,0
83420331,0.012501139,-0.012844259,0.0,0.0,0.9999599,0.0062503996,-0.00642196,4.0141425e-05,0.0,0.0,-0.5429953,1,0,0,0,0,0
83537985,0.012613374,-0.013877968,0.0,0.0,0.999956,0.006306493,-0.0069387904,4.3761356e-05,0.0,0.0,-0.54047066,1,0,0,0,0,0
83635632,0.010842554,-0.012818667,0.0,0.0,0.9999648,0.0054211398,-0.006409196,3.474637e-05,0.0,0.0,-0.5416319,1,0,0,0,0,0
83726836,0.009255163,-0.010868854,0.0,0.0,0.99997455,0.004627497,-0.0054343417,2.514804e-05,0.0,0.0,-0.54198927,1,0,0,0,0,0
83850200,0.012059437,-0.009623772,0.0,0.0,0.99997026,0.0060296124,-0.0048117796,2.9014029e-05,0.0,0.0,-0.5420624,1,0,0,0,0,0
83941018,0.010145339,-0.0069048167,0.0,0.0,0.99998116,0.0050726174,-0.003452357,1.7512815e-05,0.0,0.0,-0.5414958,1,0,0,0,0,0
84033523,0.009914105,-0.00405427,0.0,0.0,0.99998564,0.004957023,-0.002027109,1.0048569e-05,0.0,0.0,-0.5412802,1,0,0,0,0,0
84155005,0.012538545,-0.004706202,0.0,0.0,0.9999776,0.0062692137,-0.0023530526,1.47521205e-05,0.0,0.0,-0.49813366,1,0,0,0,0,0
84249055,0.012613383,-0.0055013876,0.0,0.0,0.99997634,0.0063066264,-0.0027506356,1.734764e-05,0.0,0.0,-0.45433018,1,0,0,0,0,0
84341151,0.013790865,-0.0062794397,0.0,0.0,0.99997133,0.0068953442,-0.00313964,2.164952e-05,0.0,0.0,-0.44259307,1,0,0,0,0,0
84431329,0.015264736,-0.003311232,0.0,0.0,0.9999695,0.0076322826,-0.001655567,1.2636141e-05,0.0,0.0,-0.44858634,1,0,0,0,0,0
84554177,0.015803523,-0.00088742597,0.0,0.0,0.9999687,0.007901678,-0.00044369913,3.5060773e-06,0.0,0.0,-0.46232978,1,0,0,0,0,0
84643015,0.01480565,-0.0017063554,0.0,0.0,0.9999722,0.0074027553,-0.00085315417,6.315867e-06,0.0,0.0,-0.47383782,1,0,0,0,0,0
84734658,0.011836222,-0.0046941307,0.0,0.0,0.99997973,0.0059180604,-0.0023470218,1.38901e-05,0.0,0.0,-0.482548,1,0,0,0,0,0
84857262,0.0095161125,-0.0031191458,0.0,0.0,0.9999875,0.004758032,-0.0015595546,7.4205036e-06,0.0,0.0,-0.49523687,1,0,0,0,0,0
84948177,0.0068872026,-0.0039242436,0.0,0.0,0.9999922,0.003443588,-0.0019621088,6.7567476e-06,0.0,0.0,-0.5015363,1,0,0,0,0,0
85068810,0.004520662,-0.0060862657,0.0,0.0,0.9999928,0.0022603187,-0.0030431203,6.878471e-06,0.0,0.0,-0.5077323,1,0,0,0,0,0
85159050,0.0039480985,-0.0057719536,0.0,0.0,0.9999939,0.0019740397,-0.0028859668,5.697048e-06,0.0,0.0,-0.5076318,1,0,0,0,0,0
85250620,0.0053995242,-0.004287587,0.0,0.0,0.99999404,0.0026997526,-0.0021437842,5.787721e-06,0.0,0.0,-0.506653,1,0,0,0,0,0
85370813,0.0054467013,-0.006217367,0.0,0.0,0.9999915,0.0027233341,-0.003108667,8.466011e-06,0.0,0.0,-0.5085099,1,0,0,0,0,0
85463909,0.0045398176,-0.0075872927,0.0,0.0,0.9999902,0.0022698904,-0.0037936273,8.611203e-06,0.0,0.0,-0.50939745,1,0,0,0,0,0
85553578,0.0019500774,-0.008524798,0.0,0.0,0.9999904,0.00097502966,-0.004262384,4.15599e-06,0.0,0.0,-0.5103591,1,0,0,0,0,0
85676336,0.0023734625,-0.008305154,0.0,0.0,0.9999907,0.0011867207,-0.0041525615,4.927977e-06,0.0,0.0,-0.51058054,1,0,0,0,0,0
85766816,0.0006309296,-0.007737776,0.0,0.0,0.9999925,0.0003154624,-0.003868878,1.2204948e-06,0.0,0.0,-0.51283336,1,0,0,0,0,0
85857791,0.0017873428,-0.0040418524,0.0,0.0,0.99999756,0.00089366944,-0.0020209241,1.8060424e-06,0.0,0.0,-0.51636016,1,0,0,0,0,0
85979328,-0.0018259216,-0.0032095965,0.0,0.0,0.9999983,-0.00091295945,-0.001604797,-1.465117e-06,0.0,0.0,-0.52009827,1,0,0,0,0,0
86071357,-0.005452484,-0.00079322484,0.0,0.0,0.99999624,-0.0027262385,-0.00039661094,-1.08126e-06,0.0,0.0,-0.5248533,1,0,0,0,0,0
86164147,-0.007291623,0.00079092884,0.0,0.0,0.99999326,-0.0036458033,0.0003954618,1.4417857e-06,0.0,0.0,-0.5285688,1,0,0,0,0,0
86285800,-0.008107057,0.0027051144,0.0,0.0,0.9999909,-0.004053514,0.0013525458,5.4826132e-06,0.0,0.0,-0.5283765,1,0,0,0,0,0
86376665,-0.007820115,0.0026992445,0.0,0.0,0.9999915,-0.003910044,0.0013496117,5.277086e-06,0.0,0.0,-0.52783996,1,0,0,0,0,0
86467665,-0.0075132535,0.0036641273,0.0,0.0,0.9999913,-0.0037566114,0.0018320497,6.8823592e-06,0.0,0.0,-0.52371466,1,0,0,0,0,0
86587733,-0.0058078454,0.002021755,0.0,0.0,0.99999523,-0.0029039166,0.001010873,2.9355053e-06,0.0,0.0,-0.5212745,1,0,0,0,0,0
86679506,-0.0036411362,0.002791469,0.0,0.0,0.9999974,-0.0018205653,0.0013957316,2.5410272e-06,0.0,0.0,-0.52190834,1,0,0,0,0,0
86771194,-0.0014562629,0.003501296,0.0,0.0,0.9999982,-0.0007281303,0.0017506466,1.2747012e-06,0.0,0.0,-0.5233459,1,0,0,0,0,0
86892910,-0.0005565067,0.004086582,0.0,0.0,0.99999785,-0.0002782528,0.0020432898,5.685522e-07,0.0,0.0,-0.5252387,1,0,0,0,0,0
86985027,-0.00031424293,0.0032818825,0.0,0.0,0.9999986,-0.00015712123,0.0016409406,2.5782697e-07,0.0,0.0,-0.5288665,1,0,0,0,0,0
87075958,-0.0008683408,0.0032780005,0.0,0.0,0.99999857,-0.0004341698,0.0016389994,7.116051e-07,0.0,0.0,-0.5309266,1,0,0,0,0,0
87197408,-0.003034766,0.0049263504,0.0,0.0,0.9999958,-0.0015173776,0.0024631696,3.7375744e-06,0.0,0.0,-0.53183955,1,0,0,0,0,0
87291229,-0.0036302202,0.0075028273,0.0,0.0,0.9999913,-0.0018150965,0.0037513988,6.8092095e-06,0.0,0.0,-0.53058904,1,0,0,0,0,0
87382630,-0.0028088426,0.009883725,0.0,0.0,0.9999868,-0.0014044037,0.004941837,6.940426e-06,0.0,0.0,-0.52667725,1,0,0,0,0,0
87504463,-0.0065683383,0.012089576,0.0,0.0,0.99997634,-0.0032841037,0.006044719,1.9851952e-05,0.0,0.0,-0.52679545,1,0,0,0,0,0
87596655,-0.008298507,0.013164428,0.0,0.0,0.9999697,-0.004149152,0.00658211,2.7311002e-05,0.0,0.0,-0.52721906,1,0,0,0,0,0
87688360,-0.007696025,0.0121781435,0.0,0.0,0.9999741,-0.0038479315,0.0060889893,2.343062e-05,0.0,0.0,-0.5285206,1,0,0,0,0,0
87811761,-0.006180834,0.012139316,0.0,0.0,0.9999768,-0.0030903555,0.0060695917,1.8757632e-05,0.0,0.0,-0.52947634,1,0,0,0,0,0
87900536,-0.008467631,0.011381292,0.0,0.0,0.99997485,-0.004233734,0.005690564,2.4092942e-05,0.0,0.0,-0.52903944,1,0,0,0,0,0
87991936,-0.009768288,0.012838451,0.0,0.0,0.99996746,-0.0048840237,0.006419105,3.1352076e-05,0.0,0.0,-0.5268089,1,0,0,0,0,0
88114178,-0.007379568,0.01434663,0.0,0.0,0.99996746,-0.0036896807,0.0071732043,2.6467696e-05,0.0,0.0,-0.5269425,1,0,0,0,0,0
88203426,-0.0054472755,0.013743356,0.0,0.0,0.9999727,-0.00272357,0.006871598,1.871579e-05,0.0,0.0,-0.52847105,1,0,0,0,0,0
88295988,-0.007606352,0.012490355,0.0,0.0,0.9999733,-0.0038030925,0.0062450916,2.3751296e-05,0.0,0.0,-0.5291467,1,0,0,0,0,0
88417138,-0.008658676,0.010361031,0.0,0.0,0.99997723,-0.004329266,0.005180443,2.242803e-05,0.0,0.0,-0.5293418,1,0,0,0,0,0
88507920,-0.007783739,0.011331436,0.0,0.0,0.9999764,-0.0038917975,0.005665645,2.2050062e-05,0.0,0.0,-0.52746075,1,0,0,0,0,0
88599314,-0.00578466,0.012100363,0.0,0.0,0.9999775,-0.0028922735,0.0060501196,1.7498993e-05,0.0,0.0,-0.52834016,1,0,0,0,0,0
88721423,-0.00294535,0.008925325,0.0,0.0,0.999989,-0.0014726599,0.004462643,6.5720274e-06,0.0,0.0,-0.52920985,1,0,0,0,0,0
88814576,-0.0038285898,0.0080236355,0.0,0.0,0.9999901,-0.0019142785,0.0040118,7.679778e-06,0.0,0.0,-0.5286397,1,0,0,0,0,0
88906209,-0.0021620588,0.0039773434,0.0,0.0,0.99999744,-0.0010810271,0.0019886692,2.1498106e-06,0.0,0.0,-0.5282237,1,0,0,0,0,0
89029543,0.0016131534,0.0026061565,0.0,0.0,0.9999988,0.00080657593,0.0013030773,-1.0510321e-06,0.0,0.0,-0.53120685,1,0,0,0,0,0
89119926,0.0040858053,0.002958726,0.0,0.0,0.99999684,0.0020428991,0.0014793593,-3.0221915e-06,0.0,0.0,-0.5350315,1,0,0,0,0,0
89212508,0.00591022,0.0020645387,0.0,0.0,0.9999951,0.0029551042,0.0010322647,-3.0504648e-06,0.0,0.0,-0.5355005,1,0,0,0,0,0
89332833,0.0063025216,-0.001765234,0.0,0.0,0.99999464,0.0031512543,-0.0008826125,2.7813512e-06,0.0,0.0,-0.5338649,1,0,0,0,0,0
89423831,0.0065789307,-0.0037990657,0.0,0.0,0.9999928,0.0032894535,-0.0018995216,6.2484323e-06,0.0,0.0,-0.5330333,1,0,0,0,0,0
89515283,0.0064176214,-0.006499399,0.0,0.0,0.99998957,0.0032087886,-0.0032496771,1.0427634e-05,0.0,0.0,-0.5322076,1,0,0,0,0,0
89640576,0.008827389,-0.009248708,0.0,0.0,0.99997956,0.0044136327,-0.004624293,2.0410347e-05,0.0,0.0,-0.5329383,1,0,0,0,0,0
89731084,0.010304803,-0.01161568,0.0,0.0,0.9999699,0.0051522916,-0.0058077304,2.992402e-05,0.0,0.0,-0.5321413,1,0,0,0,0,0
89822581,0.009355062,-0.015100153,0.0,0.0,0.9999606,0.0046773804,-0.007549923,3.5315254e-05,0.0,0.0,-0.5314274,1,0,0,0,0,0
89943766,0.007443238,-0.01736899,0.0,0.0,0.99995536,0.0037214705,-0.008684327,3.2319906e-05,0.0,0.0,-0.53051424,1,0,0,0,0,0
90035362,0.0071048844,-0.019849807,0.0,0.0,0.99994445,0.0035522596,-0.009924678,3.525699e-05,0.0,0.0,-0.5312735,1,0,0,0,0,0
90126245,0.006055479,-0.019241551,0.0,0.0,0.99994916,0.003027595,-0.009620584,2.912871e-05,0.0,0.0,-0.5327123,1,0,0,0,0,0
90248450,0.007500892,-0.01955901,0.0,0.0,0.99994516,0.003750258,-0.00977928,3.6676836e-05,0.0,0.0,-0.53387797,1,0,0,0,0,0
90339340,0.0070247273,-0.01565678,0.0,0.0,0.9999632,0.003512249,-0.007828264,2.7495818e-05,0.0,0.0,-0.5313586,1,0,0,0,0,0
90430629,0.0060138283,-0.012167603,0.0,0.0,0.999977,0.0030068539,-0.0060837367,1.8293327e-05,0.0,0.0,-0.5293734,1,0,0,0,0,0
90551248,0.007644042,-0.008297167,0.0,0.0,0.9999841,0.0038219788,-0.004148541,1.5855889e-05,0.0,0.0,-0.5260468,1,0,0,0,0,0
90642737,0.0072753187,-0.007204076,0.0,0.0,0.9999869,0.0036376275,-0.0036020062,1.3102928e-05,0.0,0.0,-0.5249197,1,0,0,0,0,0
90735185,0.0059554423,-0.004763678,0.0,0.0,0.9999927,0.002977708,-0.0023818258,7.092434e-06,0.0,0.0,-0.52588636,1,0,0,0,0,0
90855017,0.005315883,-0.0019671114,0.0,0.0,0.999996,0.0026579376,-0.0009835521,2.6142307e-06,0.0,0.0,-0.5254558,1,0,0,0,0,0
90946103,0.0044878926,0.0022723554,0.0,0.0,0.99999684,0.002243943,0.0011361745,-2.5495192e-06,0.0,0.0,-0.525502,1,0,0,0,0,0
91038241,0.0049046343,0.0030469904,0.0,0.0,0.9999958,0.0024523118,0.0015234901,-3.736088e-06,0.0,0.0,-0.5264138,1,0,0,0,0,0
91160811,0.005252007,0.005759643,0.0,0.0,0.99999243,0.0026259897,0.0028798077,-7.5624025e-06,0.0,0.0,-0.52704644,1,0,0,0,0,0
91252613,0.0042940234,0.004738576,0.0,0.0,0.99999493,0.0021470042,0.0023692804,-5.0868803e-06,0.0,0.0,-0.5281926,1,0,0,0,0,0
91346174,0.001247877,0.0039775064,0.0,0.0,0.99999785,0.00062393723,0.0019887513,-1.2408586e-06,0.0,0.0,-0.52918,1,0,0,0,0,0
91469209,-8.8087974e-05,0.003436517,0.0,0.0,0.9999985,-4.404393e-05,0.0017182578,7.5678926e-08,0.0,0.0,-0.5330818,1,0,0,0,0,0
91561535,-0.0010691123,0.0025174785,0.0,0.0,0.99999905,-0.00053455564,0.0012587387,6.7286646e-07,0.0,0.0,-0.53676397,1,0,0,0,0,0
91651300,-0.0027411312,0.0023040883,0.0,0.0,0.9999984,-0.0013705643,0.0011520429,1.5789511e-06,0.0,0.0,-0.5390908,1,0,0,0,0,0
91773160,-0.00350702,-0.00217388,0.0,0.0,0.99999785,-0.0017535081,-0.0010869382,-1.9059589e-06,0.0,0.0,-0.53931916,1,0,0,0,0,0
91863987,-0.0044871825,-0.006321558,0.0,0.0,0.9999925,-0.0022435782,-0.0031607656,-7.0914784e-06,0.0,0.0,-0.53408515,1,0,0,0,0,0
91955445,-0.0072616106,-0.008878135,0.0,0.0,0.99998355,-0.0036307618,-0.004439024,-1.6117303e-05,0.0,0.0,-0.5291359,1,0,0,0,0,0
92077990,-0.008250661,-0.009566536,0.0,0.0,0.9999801,-0.004125271,-0.0047832085,-1.9732426e-05,0.0,0.0,-0.52744937,1,0,0,0,0,0
92171091,-0.008387901,-0.012869873,0.0,0.0,0.9999705,-0.0041938517,-0.0064348364,-2.6987545e-05,0.0,0.0,-0.52896315,1,0,0,0,0,0
92259972,-0.00797573,-0.0142194135,0.0,0.0,0.9999668,-0.003987754,-0.0071095903,-2.8352235e-05,0.0,0.0,-0.53114265,1,0,0,0,0,0
92381558,-0.0055492,-0.017923882,0.0,0.0,0.999956,-0.0027744847,-0.0089617865,-2.4865434e-05,0.0,0.0,-0.5349186,1,0,0,0,0,0
92473267,-0.0062522707,-0.017474204,0.0,0.0,0.99995697,-0.0031260108,-0.008736948,-2.7312968e-05,0.0,0.0,-0.53434837,1,0,0,0,0,0
92569154,0.00033745827,-0.7853981,0.0,0.0,0.92387956,0.00015588538,-0.3826834,6.456984e-05,0.0,0.0,-0.75359553,1,0,0,0,0,0
92687183,0.000906541,-0.7853978,0.0,0.0,0.92387956,0.00041876736,-0.38268322,0.00017345902,0.0,0.0,-0.55355656,1,0,0,0,0,0
92775740,0.0012932341,-0.7853974,0.0,0.0,0.92387956,0.00059739634,-0.38268298,0.00024744938,0.0,0.0,-0.46955904,1,0,0,0,0,0
92867693,0.00045184433,-0.78539807,0.0,0.0,0.9238795,0.00020872486,-0.3826834,8.645667e-05,0.0,0.0,-0.5194473,1,0,0,0,0,0
92990824,0.0013064377,-0.7853973,0.0,0.0,0.9238795,0.0006034955,-0.38268295,0.0002499757,0.0,0.0,-0.6112514,1,0,0,0,0,0
93081149,0.00091009465,-0.7853978,0.0,0.0,0.92387956,0.0004204089,-0.38268322,0.00017413897,0.0,0.0,-0.64376533,1,0,0,0,0,0
93172041,0.00083420903,-0.7853978,0.0,0.0,0.9238795,0.00038535436,-0.38268325,0.00015961892,0.0,0.0,-0.6479423,1,0,0,0,0,0
93292171,0.002703116,-0.7853946,0.0,0.0,0.9238793,0.0012486774,-0.38268143,0.00051721645,0.0,0.0,-0.6423947,1,0,0,0,0,0
93384320,0.003906285,-0.7853906,0.0,0.0,0.92387927,0.0018044699,-0.38267916,0.00074742787,0.0,0.0,-0.6377205,1,0,0,0,0,0
93475307,0.005320807,-0.7210927,0.0,0.0,0.9357009,0.002489348,-0.35278425,0.0009385507,0.0,0.0,-0.60170525,1,0,0,0,0,0
93598656,0.0076232944,-0.6237129,0.0,0.0,0.9517587,0.0036277857,-0.30682382,0.0011695098,0.0,0.0,-0.58027905,1,0,0,0,0,0
93690331,0.0066918368,-0.5610901,0.0,0.0,0.9608993,0.0032151025,-0.27687788,0.0009264142,0.0,0.0,-0.5793116,1,0,0,0,0,0
93780788,0.006924029,-0.516046,0.0,0.0,0.9668906,0.0033474024,-0.25516796,0.00088339864,0.0,0.0,-0.5767379,1,0,0,0,0,0
93903658,0.007058102,-0.47818995,0.0,0.0,0.9715467,0.003428652,-0.23682195,0.00083576026,0.0,0.0,-0.57066095,1,0,0,0,0,0
93995148,0.0064035305,-0.45883527,0.0,0.0,0.97379404,0.0031178703,-0.22740926,0.0007281136,0.0,0.0,-0.56486535,1,0,0,0,0,0
94085880,0.006911993,-0.4457809,0.0,0.0,0.9752568,0.0033704971,-0.22104815,0.0007639446,0.0,0.0,-0.5596904,1,0,0,0,0,0
94207716,0.0062299194,-0.42851087,0.0,0.0,0.9771303,0.003043731,-0.2126189,0.0006623014,0.0,0.0,-0.55671555,1,0,0,0,0,0
94298193,0.007558439,-0.42144856,0.0,0.0,0.9778727,0.003695613,-0.20916669,0.00079049065,0.0,0.0,-0.55268663,1,0,0,0,0,0
94392384,0.006460329,-0.41883925,0.0,0.0,0.9781466,0.0031595854,-0.20789117,0.00067152496,0.0,0.0,-0.54980814,1,0,0,0,0,0
94514402,0.004406175,-0.41756234,0.0,0.0,0.9782819,0.002155244,-0.20726718,0.00045662842,0.0,0.0,-0.54436934,1,0,0,0,0,0
94602740,0.0062285787,-0.4155671,0.0,0.0,0.9784858,0.0030472977,-0.20629062,0.00064245076,0.0,0.0,-0.5428683,1,0,0,0,0,0
94694647,0.0052916887,-0.41367185,0.0,0.0,0.9786822,0.0025894465,-0.20536357,0.0005433613,0.0,0.0,-0.54019326,1,0,0,0,0,0
94816055,0.0023767878,-0.4119057,0.0,0.0,0.97886586,0.0011632788,-0.20449983,0.00024302644,0.0,0.0,-0.538585,1,0,0,0,0,0
94906499,0.003609378,-0.40996322,0.0,0.0,0.9790631,0.0017669062,-0.20354882,0.0003673427,0.0,0.0,-0.5397538,1,0,0,0,0,0
94996559,0.0020726954,-0.40518653,0.0,0.0,0.97954756,0.0010151522,-0.20121011,0.00020852372,0.0,0.0,-0.5399303,1,0,0,0,0,0
95117046,0.0007549147,-0.4028591,0.0,0.0,0.9797815,0.00036982572,-0.20007016,7.551795e-05,0.0,0.0,-0.5408142,1,0,0,0,0,0
95209042,-2.0479438e-05,-0.40003675,0.0,0.0,0.98006296,-1.0035569e-05,-0.19868733,-2.0345024e-06,0.0,0.0,-0.5388847,1,0,0,0,0,0
95328721,-0.0003246603,-0.39924613,0.0,0.0,0.9801414,-0.00015910648,-0.19829988,-3.2190044e-05,0.0,0.0,-0.53804594,1,0,0,0,0,0
95420422,0.0012799541,-0.39828035,0.0,0.0,0.9802369,0.0006273291,-0.19782652,0.00012660444,0.0,0.0,-0.53587574,1,0,0,0,0,0
95512100,0.001419913,-0.39735124,0.0,0.0,0.98032856,0.00069599075,-0.19737113,0.00014012492,0.0,0.0,-0.5334878,1,0,0,0,0,0
95632369,0.009946129,-0.38927394,0.0,0.0,0.9811058,0.0048791426,-0.19340797,0.0009618381,0.0,0.0,-0.5306831,1,0,0,0,0,0
95723316,0.019985106,-0.37984514,0.0,0.0,0.98196983,0.009812712,-0.18877344,0.0018863914,0.0,0.0,-0.52932006,1,0,0,0,0,0
95813671,0.024172489,-0.37672016,0.0,0.0,0.98224086,0.01187218,-0.18723454,0.0022630724,0.0,0.0,-0.5283076,1,0,0,0,0,0
95938671,0.023953686,-0.3835917,0.0,0.0,0.9815931,0.011756947,-0.19060846,0.0022829962,0.0,0.0,-0.5297975,1,0,0,0,0,0
96030372,0.020322258,-0.38743705,0.0,0.0,0.9812445,0.009970896,-0.19249925,0.001956077,0.0,0.0,-0.53220284,1,0,0,0,0,0
96121882,0.01837019,-0.38671255,0.0,0.0,0.9813234,0.009013804,-0.1921456,0.0017649254,0.0,0.0,-0.53287935,1,0,0,0,0,0
96243307,0.01617788,-0.38718534,0.0,0.0,0.9812873,0.007937747,-0.19237939,0.0015561793,0.0,0.0,-0.5350409,1,0,0,0,0,0
96335304,0.015371026,-0.38746634,0.0,0.0,0.9812634,0.00754166,-0.19251786,0.0014796277,0.0,0.0,-0.5333098,1,0,0,0,0,0
96425496,0.011788331,-0.3909931,0.0,0.0,0.9809343,0.005781856,-0.19425027,0.0011449563,0.0,0.0,-0.53138304,1,0,0,0,0,0
96548078,0.008212734,-0.3972946,0.0,0.0,0.9803262,0.004025601,-0.19734174,0.00081036205,0.0,0.0,-0.5297444,1,0,0,0,0,0
96639964,0.0055606756,-0.39924252,0.0,0.0,0.980138,0.0027251213,-0.19829734,0.000551335,0.0,0.0,-0.5302201,1,0,0,0,0,0
96731217,0.0013419207,-0.4002065,0.0,0.0,0.9800458,0.000657572,-0.19877048,0.00013336712,0.0,0.0,-0.52814114,1,0,0,0,0,0
96853844,-0.0023434472,-0.4008504,0.0,0.0,0.97998136,-0.0011482676,-0.19908589,-0.00023327369,0.0,0.0,-0.52861327,1,0,0,0,0,0
96947379,-0.0029384377,-0.40034992,0.0,0.0,0.9800308,-0.0014398807,-0.19884057,-0.00029214052,0.0,0.0,-0.5296478,1,0,0,0,0,0
97037373,-0.004440283,-0.39893365,0.0,0.0,0.98016995,-0.0021761195,-0.19814625,-0.00043991348,0.0,0.0,-0.52933806,1,0,0,0,0,0
97157166,-0.0059822774,-0.4010282,0.0,0.0,0.97995996,-0.0029312046,-0.19917224,-0.00059575355,0.0,0.0,-0.5285935,1,0,0,0,0,0
97246675,0.014444049,-0.39600834,0.0,0.0,0.98043555,0.0070808525,-0.19670776,0.001420653,0.0,0.0,-0.52892977,1,0,0,0,0,0
97338693,0.030010438,-0.393159,0.0,0.0,0.98063,0.014715671,-0.19529384,0.0029306468,0.0,0.0,-0.5277128,1,0,0,0,0,0
97462438,0.033386063,-0.39728087,0.0,0.0,0.98019916,0.016364016,-0.19730921,0.0032939948,0.0,0.0,-0.5227934,1,0,0,0,0,0
97556402,0.03088963,-0.4000297,0.0,0.0,0.97994673,0.015136301,-0.19866018,0.0030685142,0.0,0.0,-0.52208304,1,0,0,0,0,0
97646583,0.030552085,-0.39582175,0.0,0.0,0.9803651,0.014977261,-0.19659847,0.00300348,0.0,0.0,-0.51862407,1,0,0,0,0,0
97767824,0.02994638,-0.3819699,0.0,0.0,0.9817077,0.014700394,-0.18980475,0.0028421949,0.0,0.0,-0.51594037,1,0,0,0,0,0
97858612,0.02799694,-0.37951,0.0,0.0,0.9819543,0.013746754,-0.1885998,0.002640281,0.0,0.0,-0.51913655,1,0,0,0,0,0
97950380,0.023728713,-0.38167006,0.0,0.0,0.9817771,0.011648698,-0.18966547,0.002250364,0.0,0.0,-0.5220199,1,0,0,0,0,0
98070455,0.0090316385,-0.37760293,0.0,0.0,0.9822199,0.004435557,-0.18767987,0.0008475341,0.0,0.0,-0.5232654,1,0,0,0,0,0
98162829,-0.0038478642,-0.36864835,0.0,0.0,0.9830585,-0.0018913404,-0.18328187,-0.00035262233,0.0,0.0,-0.52089226,1,0,0,0,0,0
98254107,-0.012768281,-0.36894965,0.0,0.0,0.9830127,-0.0062757763,-0.18342657,-0.0011710369,0.0,0.0,-0.5183473,1,0,0,0,0,0
98376435,-0.014833228,-0.37826562,0.0,0.0,0.98214066,-0.0072842916,-0.18800206,-0.0013943644,0.0,0.0,-0.5201365,1,0,0,0,0,0
98469483,-0.016392548,-0.38456208,0.0,0.0,0.98153794,-0.008045134,-0.19109197,-0.0015662772,0.0,0.0,-0.52032965,1,0,0,0,0,0
98560416,-0.017773714,-0.38939568,0.0,0.0,0.9810674,-0.008718836,-0.19346246,-0.0017193184,0.0,0.0,-0.5201845,1,0,0,0,0,0
98653345,-0.01960722,-0.39475784,0.0,0.0,0.9805368,-0.009613109,-0.1960904,-0.0019224555,0.0,0.0,-0.5194415,1,0,0,0,0,0
98776053,-0.01998266,-0.39821914,0.0,0.0,0.98019415,-0.00979377,-0.1977867,-0.001976218,0.0,0.0,-0.5206737,1,0,0,0,0,0
98867681,-0.019198868,-0.39990678,0.0,0.0,0.98003066,-0.009408029,-0.1986145,-0.0019066453,0.0,0.0,-0.52235353,1,0,0,0,0,0
98957613,-0.016808473,-0.4030235,0.0,0.0,0.97973055,-0.00823408,-0.20014365,-0.001682094,0.0,0.0,-0.5234301,1,0,0,0,0,0
99079829,-0.014009434,-0.4028716,0.0,0.0,0.9797563,-0.006863028,-0.20007138,-0.0014014666,0.0,0.0,-0.52566034,1,0,0,0,0,0
99171704,-0.0116330255,-0.40479207,0.0,0.0,0.97957116,-0.0056977523,-0.20101362,-0.0011692116,0.0,0.0,-0.5271753,1,0,0,0,0,0
99262378,-0.009540464,-0.4063171,0.0,0.0,0.9794231,-0.00467211,-0.20176162,-0.000962457,0.0,0.0,-0.5278462,1,0,0,0,0,0
99383164,-0.00985623,-0.40537646,0.0,0.0,0.9795171,-0.0048272116,-0.2013008,-0.0009920415,0.0,0.0,-0.52740514,1,0,0,0,0,0
99474393,-0.0076021473,-0.4067772,0.0,0.0,0.9793807,-0.003722716,-0.20198777,-0.00076777407,0.0,0.0,-0.52536404,1,0,0,0,0,0
99567365,-0.0059511224,-0.40982005,0.0,0.0,0.97907495,-0.002913306,-0.20347819,-0.0006054635,0.0,0.0,-0.52498126,1,0,0,0,0,0
99690736,-0.0033933942,-0.41306123,0.0,0.0,0.97874683,-0.0016606385,-0.20506519,-0.0003479338,0.0,0.0,-0.5231562,1,0,0,0,0,0
99781474,-0.0032395835,-0.41796583,0.0,0.0,0.97824115,-0.0015845482,-0.20746475,-0.00033604997,0.0,0.0,-0.52153784,1,0,0,0,0,0
99874061,-0.0030448684,-0.420027,0.0,0.0,0.978027,-0.0014889827,-0.20847285,-0.0003173864,0.0,0.0,-0.5217923,1,0,0,0,0,0
99998514,-0.0031747643,-0.42201406,0.0,0.0,0.97781926,-0.001552174,-0.20944443,-0.0003324686,0.0,0.0,-0.5209368,1,0,0,0,0,0
100092149,-0.0024625594,-0.42200568,0.0,0.0,0.97782063,-0.0012039712,-0.20944044,-0.00025787987,0.0,0.0,-0.52112466,1,0,0,0,0,0
100184237,-4.977663e-05,-0.42159784,0.0,0.0,0.9778641,-2.4337389e-05,-0.2092412,-5.2076607e-06,0.0,0.0,-0.523149,1,0,0,0,0,0
100305716,0.0015088859,-0.419659,0.0,0.0,0.97806615,0.0007378953,-0.2082931,0.00015714529,0.0,0.0,-0.52343345,1,0,0,0,0,0
100399505,0.0017388657,-0.42124867,0.0,0.0,0.97790027,0.00085021893,-0.20907041,0.00018177275,0.0,0.0,-0.52406365,1,0,0,0,0,0
100491066,0.0029793668,-0.41943598,0.0,0.0,0.97808856,0.0014570432,-0.20818384,0.0003101282,0.0,0.0,-0.5227692,1,0,0,0,0,0
100584180,0.0048934384,-0.4214696,0.0,0.0,0.9778745,0.0023925893,-0.20917787,0.0005118006,0.0,0.0,-0.5231484,1,0,0,0,0,0
100705345,0.007015865,-0.42304644,0.0,0.0,0.9777062,0.0034297414,-0.20994811,0.0007364868,0.0,0.0,-0.5244655,1,0,0,0,0,0
100797181,0.007535914,-0.42106065,0.0,0.0,0.9779133,0.0036847524,-0.20897704,0.0007874203,0.0,0.0,-0.5252005,1,0,0,0,0,0
100890215,0.006559833,-0.42280504,0.0,0.0,0.9777323,0.003206892,-0.20983028,0.0006882283,0.0,0.0,-0.5259431,1,0,0,0,0,0
101010011,0.0075193355,-0.4265013,0.0,0.0,0.97734123,0.0036744953,-0.21163651,0.0007956867,0.0,0.0,-0.52337617,1,0,0,0,0,0
101104178,0.008783815,-0.4294176,0.0,0.0,0.977029,0.0042910497,-0.21306087,0.0009357498,0.0,0.0,-0.5207474,1,0,0,0,0,0
101194846,0.008721873,-0.4307841,0.0,0.0,0.97688335,0.004260153,-0.21372841,0.0009320618,0.0,0.0,-0.5199645,1,0,0,0,0,0
101317414,0.010891845,-0.43030053,0.0,0.0,0.97692984,0.005320337,-0.21349108,0.0011626674,0.0,0.0,-0.5204547,1,0,0,0,0,0
101409873,0.009260425,-0.42733747,0.0,0.0,0.9772491,0.0045249034,-0.21204434,0.0009818174,0.0,0.0,-0.5208352,1,0,0,0,0,0
101500618,0.010834668,-0.42686513,0.0,0.0,0.9772953,0.0052943868,-0.21181272,0.0011474715,0.0,0.0,-0.5241068,1,0,0,0,0,0
101622156,0.01130975,-0.42448968,0.0,0.0,0.9775449,0.005527953,-0.21065152,0.0011912208,0.0,0.0,-0.5240594,1,0,0,0,0,0
101712518,0.009509499,-0.4248335,0.0,0.0,0.9775132,0.0046478654,-0.21082056,0.0010024066,0.0,0.0,-0.52125823,1,0,0,0,0,0
101804159,0.009924667,-0.42778146,0.0,0.0,0.97720045,0.004849234,-0.21226095,0.0010533183,0.0,0.0,-0.5226938,1,0,0,0,0,0
101926911,0.011604294,-0.42644545,0.0,0.0,0.9773376,0.0056707193,-0.21160716,0.0012277897,0.0,0.0,-0.52383745,1,0,0,0,0,0
102020570,0.011875088,-0.42280903,0.0,0.0,0.97771996,0.005805323,-0.20982964,0.0012458873,0.0,0.0,-0.5257926,1,0,0,0,0,0
102111314,0.0123125855,-0.42191526,0.0,0.0,0.9778123,0.006019775,-0.20939241,0.0012890974,0.0,0.0,-0.52638596,1,0,0,0,0,0
102233058,0.014265659,-0.42060035,0.0,0.0,0.9779434,0.0069756215,-0.20874815,0.0014889903,0.0,0.0,-0.5273143,1,0,0,0,0,0
102323841,0.015889205,-0.4192589,0.0,0.0,0.97807723,0.0077705965,-0.20809087,0.0016532339,0.0,0.0,-0.5268892,1,0,0,0,0,0
102415155,0.013461917,-0.42265064,0.0,0.0,0.97773165,0.00658117,-0.20975116,0.0014118475,0.0,0.0,-0.52552927,1,0,0,0,0,0
102537060,0.0121812,-0.42742756,0.0,0.0,0.97723186,0.005952001,-0.21208669,0.001291751,0.0,0.0,-0.5208908,1,0,0,0,0,0
102629841,0.011312388,-0.42969653,0.0,0.0,0.97699314,0.0055261217,-0.21319577,0.0012058894,0.0,0.0,-0.5187684,1,0,0,0,0,0
102720683,0.012410386,-0.4304902,0.0,0.0,0.9769053,0.0060619633,-0.21358275,0.0013253391,0.0,0.0,-0.517807,1,0,0,0,0,0
102841751,0.009638793,-0.43073928,0.0,0.0,0.9768861,0.004708038,-0.21370606,0.0010299423,0.0,0.0,-0.5210195,1,0,0,0,0,0
102932674,0.010680594,-0.42988238,0.0,0.0,0.976975,0.005217386,-0.21328692,0.0011390263,0.0,0.0,-0.5198197,1,0,0,0,0,0
103024389,0.010600829,-0.430841,0.0,0.0,0.97687286,0.005177879,-0.2137552,0.0011330015,0.0,0.0,-0.5179543,1,0,0,0,0,0
103147510,0.010549314,-0.43188804,0.0,0.0,0.976761,0.0051521272,-0.21426663,0.0011301935,0.0,0.0,-0.51959383,1,0,0,0,0,0
103238455,0.011006545,-0.45240426,0.0,0.0,0.9745105,0.00536305,-0.22427459,0.0012342567,0.0,0.0,-0.52721936,1,0,0,0,0,0
103330778,0.013848653,-0.46332592,0.0,0.0,0.9732626,0.006739295,-0.22959086,0.0015897874,0.0,0.0,-0.5288152,1,0,0,0,0,0
103422483,0.0152622955,-0.46338913,0.0,0.0,0.9732503,0.0074271616,-0.22962044,0.0017523016,0.0,0.0,-0.52808297,1,0,0,0,0,0
103544555,0.013954581,-0.45476335,0.0,0.0,0.97423625,0.0067976397,-0.22542188,0.0015728592,0.0,0.0,-0.525634,1,0,0,0,0,0
103635936,0.014114758,-0.45236507,0.0,0.0,0.97450536,0.006877568,-0.22425334,0.0015826671,0.0,0.0,-0.5262449,1,0,0,0,0,0
103727009,0.014846655,-0.44943106,0.0,0.0,0.9748307,0.00723662,-0.22282292,0.0016541176,0.0,0.0,-0.5256833,1,0,0,0,0,0
103850996,0.012449696,-0.4453102,0.0,0.0,0.97529566,0.006071146,-0.22081567,0.0013745617,0.0,0.0,-0.52476776,1,0,0,0,0,0
103940831,0.013491958,-0.44263375,0.0,0.0,0.975587,0.0065813903,-0.21950959,0.0014808296,0.0,0.0,-0.52566093,1,0,0,0,0,0
104033130,0.013010169,-0.43979183,0.0,0.0,0.9758995,0.0063483976,-0.21812342,0.0014189313,0.0,0.0,-0.5272335,1,0,0,0,0,0
104155065,0.014338079,-0.43620646,0.0,0.0,0.97628456,0.0069991415,-0.2163726,0.0015512102,0.0,0.0,-0.52873224,1,0,0,0,0,0
104246409,0.013559047,-0.43528512,0.0,0.0,0.9763868,0.0066195377,-0.21592343,0.0014638803,0.0,0.0,-0.5241895,1,0,0,0,0,0
104338509,0.013582098,-0.43831542,0.0,0.0,0.9760584,0.0066285618,-0.21740252,0.0014764139,0.0,0.0,-0.5202463,1,0,0,0,0,0
104461015,0.0070182434,-0.43490502,0.0,0.0,0.9764442,0.0034264752,-0.21574149,0.0007570662,0.0,0.0,-0.5186652,1,0,0,0,0,0
104554181,-0.0071222326,-0.42028093,0.0,0.0,0.97799546,-0.0034827702,-0.20859595,-0.00074283755,0.0,0.0,-0.5169946,1,0,0,0,0,0
104644094,-0.021400306,-0.40700218,0.0,0.0,0.97930896,-0.010479155,-0.20208783,-0.0021624533,0.0,0.0,-0.51756805,1,0,0,0,0,0
104764733,-0.026147429,-0.40745667,0.0,0.0,0.97923535,-0.012802972,-0.20230466,-0.002645024,0.0,0.0,-0.52154756,1,0,0,0,0,0
104854965,-0.023384938,-0.41010806,0.0,0.0,0.97898304,-0.011447251,-0.20360614,-0.0023807671,0.0,0.0,-0.52513725,1,0,0,0,0,0
104948163,-0.019988758,-0.41271475,0.0,0.0,0.97873485,-0.009782174,-0.2048857,-0.0020477737,0.0,0.0,-0.522962,1,0,0,0,0,0
105069595,-0.018227216,-0.41741398,0.0,0.0,0.97825897,-0.008915716,-0.20718652,-0.0018882691,0.0,0.0,-0.52103645,1,0,0,0,0,0
105157230,-0.014858026,-0.42187476,0.0,0.0,0.9778081,-0.007264282,-0.2093708,-0.001555447,0.0,0.0,-0.5214883,1,0,0,0,0,0
105250468,-0.012735658,-0.42278215,0.0,0.0,0.97772014,-0.0062260395,-0.20981596,-0.0013360903,0.0,0.0,-0.5231264,1,0,0,0,0,0
105371148,-0.0077686515,-0.42236143,0.0,0.0,0.97777677,-0.0037980224,-0.20961294,-0.00081420905,0.0,0.0,-0.52496713,1,0,0,0,0,0
105462977,-0.0046809562,-0.42340514,0.0,0.0,0.9776719,-0.0022882235,-0.21012416,-0.0004917918,0.0,0.0,-0.52424455,1,0,0,0,0,0
105556267,-0.0019193906,-0.42620045,0.0,0.0,0.9773795,-0.0009379867,-0.21149091,-0.00020296688,0.0,0.0,-0.52171165,1,0,0,0,0,0
105677607,0.0013723393,-0.42909738,0.0,0.0,0.97707236,0.0006704374,-0.21290645,0.00014608995,0.0,0.0,-0.5210087,1,0,0,0,0,0
105768481,0.0037378552,-0.43184775,0.0,0.0,0.9767772,0.0018255282,-0.21424957,0.00040041746,0.0,0.0,-0.5205327,1,0,0,0,0,0
105859934,0.006764086,-0.43021047,0.0,0.0,0.9769483,0.0033040936,-0.213449,0.0007218965,0.0,0.0,-0.5221015,1,0,0,0,0,0
105982179,0.0094273,-0.4316233,0.0,0.0,0.97679204,0.0046042893,-0.21413793,0.0010093787,0.0,0.0,-0.5237299,1,0,0,0,0,0
106071642,0.011378618,-0.43134385,0.0,0.0,0.976817,0.0055574733,-0.21400037,0.0012175273,0.0,0.0,-0.5235231,1,0,0,0,0,0
106191878,0.014160632,-0.43182665,0.0,0.0,0.9767567,0.0069158613,-0.21423426,0.0015168717,0.0,0.0,-0.5238814,1,0,0,0,0,0
106283805,0.015718352,-0.43340573,0.0,0.0,0.9765815,0.0076752836,-0.21500412,0.0016897899,0.0,0.0,-0.52386445,1,0,0,0,0,0
106375127,0.0117532825,-0.43515754,0.0,0.0,0.9764061,0.0057380544,-0.2158624,0.0012685603,0.0,0.0,-0.5252049,1,0,0,0,0,0
106497271,-0.009968323,-0.44847918,0.0,0.0,0.9749514,-0.0048593557,-0.22236228,-0.0011082988,0.0,0.0,-0.5260226,1,0,0,0,0,0
106588770,-0.018777998,-0.45163736,0.0,0.0,0.9745681,-0.009150489,-0.22389446,-0.002102207,0.0,0.0,-0.52802575,1,0,0,0,0,0
106681164,-0.020854197,-0.44956046,0.0,0.0,0.9747901,-0.010164602,-0.22288002,-0.0023240764,0.0,0.0,-0.5268967,1,0,0,0,0,0
106771630,-0.01948868,-0.44724825,0.0,0.0,0.97505385,-0.009501556,-0.2217544,-0.0021609187,0.0,0.0,-0.5254026,1,0,0,0,0,0
106893606,-0.017356997,-0.44213557,0.0,0.0,0.9756271,-0.008467192,-0.2192633,-0.001902924,0.0,0.0,-0.5245915,1,0,0,0,0,0
106986093,-0.01402141,-0.4413223,0.0,0.0,0.975729,-0.0068406584,-0.21886939,-0.0015344536,0.0,0.0,-0.5233738,1,0,0,0,0,0
107106490,-0.011221924,-0.44341034,0.0,0.0,0.9755086,-0.005473599,-0.21988991,-0.0012338068,0.0,0.0,-0.5222122,1,0,0,0,0,0
107198086,-0.0071185757,-0.44506904,0.0,0.0,0.97533506,-0.0034715126,-0.22070095,-0.0007855415,0.0,0.0,-0.5196823,1,0,0,0,0,0
107290203,-0.0032167847,-0.44632193,0.0,0.0,0.97520155,-0.0015685079,-0.22131301,-0.00035595844,0.0,0.0,-0.5183431,1,0,0,0,0,0
107379561,0.0005140511,-0.44476196,0.0,0.0,0.97537506,0.00025069635,-0.22055258,5.6687655e-05,0.0,0.0,-0.51803744,1,0,0,0,0,0
107500933,0.0033401162,-0.44221765,0.0,0.0,0.9756535,0.0016293995,-0.21931127,0.0003662629,0.0,0.0,-0.52389026,1,0,0,0,0,0
107595557,0.0059395414,-0.43709153,0.0,0.0,0.9762095,0.0028991268,-0.21680924,0.0006438757,0.0,0.0,-0.52651024,1,0,0,0,0,0
107715227,0.01026547,-0.4351909,0.0,0.0,0.9764065,0.0050116796,-0.21587954,0.0011080621,0.0,0.0,-0.525553,1,0,0,0,0,0
107808612,0.0115871085,-0.43703482,0.0,0.0,0.97620356,0.0056557516,-0.21677889,0.0012559342,0.0,0.0,-0.5251996,1,0,0,0,0,0
107895099,0.012074962,-0.4381114,0.0,0.0,0.9760853,0.005893168,-0.217304,0.0013119848,0.0,0.0,-0.5218273,1,0,0,0,0,0
108016241,0.006855214,-0.44227186,0.0,0.0,0.97564316,0.0033441344,-0.21933673,0.00075180305,0.0,0.0,-0.5237148,1,0,0,0,0,0
108108871,0.000567645,-0.4439947,0.0,0.0,0.9754596,0.00027685738,-0.22017838,6.249158e-05,0.0,0.0,-0.52332276,1,0,0,0,0,0
108199987,-0.0021161605,-0.44393495,0.0,0.0,0.9754657,-0.0010321214,-0.22014911,-0.00023293552,0.0,0.0,-0.5238758,1,0,0,0,0,0
108321262,-0.0018760116,-0.44251832,0.0,0.0,0.97562146,-0.0009151388,-0.21945816,-0.0002058531,0.0,0.0,-0.52346843,1,0,0,0,0,0
108412567,0.0009862826,-0.4398888,0.0,0.0,0.9759095,0.00048126135,-0.21817535,0.00010759129,0.0,0.0,-0.5239104,1,0,0,0,0,0
108505174,0.0015904147,-0.4408673,0.0,0.0,0.9758024,0.0007759654,-0.21865274,0.0001738743,0.0,0.0,-0.525335,1,0,0,0,0,0
108625283,0.0017598785,-0.44066495,0.0,0.0,0.97582453,0.0008586665,-0.21855398,0.00019231426,0.0,0.0,-0.52308327,1,0,0,0,0,0
108717372,0.002485894,-0.44003984,0.0,0.0,0.97589236,0.001212983,-0.21824889,0.0002712719,0.0,0.0,-0.5216088,1,0,0,0,0,0
108808183,0.0035503947,-0.4411571,0.0,0.0,0.9757695,0.001732185,-0.21879384,0.0003884026,0.0,0.0,-0.523752,1,0,0,0,0,0
108931341,0.00683794,-0.43644634,0.0,0.0,0.97627795,0.003337878,-0.21649398,0.00074018934,0.0,0.0,-0.5235393,1,0,0,0,0,0
109021280,0.008556628,-0.4343775,0.0,0.0,0.9764982,0.0041777906,-0.21548326,0.0009219106,0.0,0.0,-0.5247045,1,0,0,0,0,0
109111777,0.008999581,-0.4356745,0.0,0.0,0.9763573,0.004393433,-0.2161163,0.00097248476,0.0,0.0,-0.52609926,1,0,0,0,0,0
109234157,0.010512334,-0.43693164,0.0,0.0,0.9762176,0.00513121,-0.21672915,0.0011391753,0.0,0.0,-0.5237594,1,0,0,0,0,0
109325297,0.0123645915,-0.43816498,0.0,0.0,0.9760786,0.006034483,-0.21732998,0.0013436151,0.0,0.0,-0.52450955,1,0,0,0,0,0
109415706,0.012920545,-0.43832812,0.0,0.0,0.9760592,0.006305696,-0.21740921,0.0014045422,0.0,0.0,-0.52396995,1,0,0,0,0,0
109537895,0.0084435,-0.43956855,0.0,0.0,0.9759358,0.0041201813,-0.21801712,0.00092041923,0.0,0.0,-0.52306855,1,0,0,0,0,0
109628038,0.008511128,-0.4401368,0.0,0.0,0.9758737,0.0041529187,-0.2182944,0.0009289714,0.0,0.0,-0.52182525,1,0,0,0,0,0
109720564,0.009879529,-0.43746752,0.0,0.0,0.9761611,0.0048220446,-0.21699108,0.0010718934,0.0,0.0,-0.52308476,1,0,0,0,0,0
109841290,0.009430908,-0.43699223,0.0,0.0,0.9762137,0.004603324,-0.21675931,0.0010221261,0.0,0.0,-0.52373296,1,0,0,0,0,0
109931410,0.00824322,-0.43421096,0.0,0.0,0.9765167,0.004024843,-0.21540213,0.0008878085,0.0,0.0,-0.5244937,1,0,0,0,0,0
110025205,0.007419162,-0.43390125,0.0,0.0,0.97655165,0.003622614,-0.21525127,0.0007984956,0.0,0.0,-0.5259022,1,0,0,0,0,0
110144253,0.0060380353,-0.43260807,0.0,0.0,0.9766929,0.002948662,-0.21462028,0.0006479444,0.0,0.0,-0.5252704,1,0,0,0,0,0
110236173,0.005147008,-0.43262252,0.0,0.0,0.9766926,0.0025135276,-0.21462756,0.0005523462,0.0,0.0,-0.5263872,1,0,0,0,0,0
110330219,0.005312594,-0.43299702,0.0,0.0,0.97665215,0.002594284,-0.21481043,0.00057060167,0.0,0.0,-0.52699775,1,0,0,0,0,0
110451029,0.003988194,-0.43426254,0.0,0.0,0.9765175,0.0019472729,-0.2154287,0.00042958622,0.0,0.0,-0.5251711,1,0,0,0,0,0
110541456,0.0046824575,-0.43614966,0.0,0.0,0.9763131,0.0022857762,-0.21634984,0.00050652534,0.0,0.0,-0.52439773,1,0,0,0,0,0
110634542,0.003972909,-0.435926,0.0,0.0,0.976338,0.0019394539,-0.21624085,0.00042955318,0.0,0.0,-0.52225095,1,0,0,0,0,0
110755806,0.0008994812,-0.43618223,0.0,0.0,0.97631216,0.00043908722,-0.2163663,9.730873e-05,0.0,0.0,-0.52195525,1,0,0,0,0,0
110847156,9.697505e-05,-0.43572542,0.0,0.0,0.97636163,4.7341364e-05,-0.21614335,1.0480256e-05,0.0,0.0,-0.52353674,1,0,0,0,0,0
110939585,-0.002242951,-0.43557873,0.0,0.0,0.9763769,-0.0010949833,-0.21607162,-0.00024231912,0.0,0.0,-0.5244896,1,0,0,0,0,0
111061639,-0.0020415671,-0.43462926,0.0,0.0,0.9764794,-0.0009967745,-0.21560809,-0.00022008925,0.0,0.0,-0.52521765,1,0,0,0,0,0
111150470,-0.0019174124,-0.4340307,0.0,0.0,0.97654396,-0.0009362191,-0.21531586,-0.00020642474,0.0,0.0,-0.5255955,1,0,0,0,0,0
111241363,-0.0015757194,-0.4357297,0.0,0.0,0.9763609,-0.0007692355,-0.21614535,-0.00017029226,0.0,0.0,-0.52613974,1,0,0,0,0,0
111363926,-0.0037274025,-0.43285462,0.0,0.0,0.9766692,-0.0018202214,-0.21474127,-0.000400214,0.0,0.0,-0.5262311,1,0,0,0,0,0
111455381,-0.005575216,-0.4317906,0.0,0.0,0.9767812,-0.0027228897,-0.21422115,-0.00059716613,0.0,0.0,-0.5253406,1,0,0,0,0,0
111546903,-0.0059825163,-0.43491706,0.0,0.0,0.97644454,-0.0029208062,-0.21574773,-0.00064535905,0.0,0.0,-0.5248169,1,0,0,0,0,0
111670512,-0.0072186063,-0.4390058,0.0,0.0,0.9759995,-0.003522693,-0.21774304,-0.000785904,0.0,0.0,-0.5236546,1,0,0,0,0,0
111760761,-0.008740149,-0.4375019,0.0,0.0,0.97615993,-0.004265919,-0.21700844,-0.0009483491,0.0,0.0,-0.5215238,1,0,0,0,0,0
111852132,-0.008698946,-0.43892682,0.0,0.0,0.9760052,-0.0042451345,-0.21770385,-0.0009469029,0.0,0.0,-0.5222767,1,0,0,0,0,0
111976248,-0.007067013,-0.43951008,0.0,0.0,0.9759448,-0.0034485215,-0.21798919,-0.00077026937,0.0,0.0,-0.52118653,1,0,0,0,0,0
112064906,-0.007557067,-0.44380334,0.0,0.0,0.9754737,-0.0036858777,-0.22008349,-0.00083159684,0.0,0.0,-0.5170189,1,0,0,0,0,0
112157037,-0.008615331,-0.44790083,0.0,0.0,0.9750187,-0.0042000804,-0.22208105,-0.00095665676,0.0,0.0,-0.51529354,1,0,0,0,0,0
112280305,0.021348722,-0.4502549,0.0,0.0,0.9747101,0.010404804,-0.22321787,0.0023827988,0.0,0.0,-0.5157459,1,0,0,0,0,0
112371446,0.05775304,-0.45042312,0.0,0.0,0.9743405,0.028143387,-0.22321948,0.006447594,0.0,0.0,-0.5177582,1,0,0,0,0,0
112464177,0.08165939,-0.44724914,0.0,0.0,0.97428733,0.039801978,-0.22158058,0.009052098,0.0,0.0,-0.5206533,1,0,0,0,0,0
112584528,0.09371355,-0.43863174,0.0,0.0,0.9749752,0.045717657,-0.21732314,0.01019052,0.0,0.0,-0.524657,1,0,0,0,0,0
112676020,0.09372198,-0.43767282,0.0,0.0,0.9750791,0.045726646,-0.2168556,0.0101695135,0.0,0.0,-0.5260213,1,0,0,0,0,0
112767562,0.09348831,-0.43673024,0.0,0.0,0.9751866,0.045617502,-0.21639723,0.010122679,0.0,0.0,-0.52580976,1,0,0,0,0,0
112890798,0.08849571,-0.4368938,0.0,0.0,0.9752797,0.04318222,-0.21650156,0.009585988,0.0,0.0,-0.52492726,1,0,0,0,0,0
112981915,0.084090374,-0.43824622,0.0,0.0,0.9752258,0.041027725,-0.21718167,0.009136828,0.0,0.0,-0.5244675,1,0,0,0,0,0
113073540,0.07806013,-0.4373442,0.0,0.0,0.97544295,0.038090944,-0.21676832,0.00846478,0.0,0.0,-0.52445203,1,0,0,0,0,0
113194674,0.06520636,-0.43593678,0.0,0.0,0.97581995,0.03182611,-0.2161316,0.0070490753,0.0,0.0,-0.52374893,1,0,0,0,0,0
113286809,0.055636756,-0.43807802,0.0,0.0,0.97572905,0.027150204,-0.21720763,0.0060439226,0.0,0.0,-0.52306896,1,0,0,0,0,0
113831759,0.0,-0.0,0.055763304,0.0,0.9996113,0.0,0.0,0.02787804,0.0,0.0,-0.0,1,0,0,0,0,0
