timestamp,roll,pitch,yaw,thrust_body[0],thrust_body[1],thrust_body[2]
36713448,0.00059513736,0.005358774,-0.007272443,0.0,0.0,0.0
36749454,0.000925868,0.0049912794,-0.00683588,0.0,0.0,0.0
36770403,0.0011127894,0.0047698906,-0.0067818565,0.0,0.0,0.0
36790412,0.0018485532,0.004988996,-0.0065925135,0.0,0.0,0.0
36814414,0.0016988578,0.0046964954,-0.006642073,0.0,0.0,0.0
36835423,0.0012624739,0.005056916,-0.006762026,0.0,0.0,0.0
36842486,0.0010923954,0.004904082,-0.006874705,0.0,0.0,0.0
36922379,0.0012904805,0.0044470336,-0.0068508727,0.0,0.0,0.0
36943432,0.0003768943,0.008455009,-0.0071953572,0.0,0.0,0.0
36963552,0.00094808894,0.008475934,-0.007562043,0.0,0.0,0.0
36982401,0.000600387,0.008972754,-0.0071148938,0.0,0.0,0.0
37007496,0.0004463867,0.009082598,-0.0070418115,0.0,0.0,0.0
37028448,0.00035865814,0.008857666,-0.0069901133,0.0,0.0,0.0
37047064,0.00066768384,0.009009058,-0.007126609,0.0,0.0,0.0
37068445,0.00083521055,0.009425774,-0.007339386,0.0,0.0,0.0
37088432,0.00011212186,0.009196116,-0.0075879437,0.0,0.0,0.0
37110410,0.00013815516,0.008924739,-0.007818319,0.0,0.0,0.0
37133437,-0.00036366849,0.007876641,-0.008153778,0.0,0.0,0.0
37150485,-0.0014096955,0.007687429,-0.008255983,0.0,0.0,0.0
37173439,-0.0017247027,0.007634259,-0.008315386,0.0,0.0,0.0
37195425,-0.0018842001,0.006371774,-0.008473045,0.0,0.0,0.0
37216486,-0.0025017196,0.0060034567,-0.008382992,0.0,0.0,0.0
37237403,-0.003071787,0.005225129,-0.008569477,0.0,0.0,0.0
37258453,-0.0029747095,0.0042668,-0.008498213,0.0,0.0,0.0
37278455,-0.003995382,0.0035401974,-0.008639289,0.0,0.0,0.0
37299407,-0.0042334404,0.0029967169,-0.008938204,0.0,0.0,0.0
37322407,-0.003986681,0.0020922464,-0.008783033,0.0,0.0,0.0
37344402,-0.0048964885,0.0016729495,-0.008570794,0.0,0.0,0.0
37365409,-0.0048703514,0.0009177825,-0.008384996,0.0,0.0,0.0
37386410,-0.005730282,0.0006168213,-0.008282293,0.0,0.0,0.0
37405409,-0.0060942206,-8.152903e-05,-0.008511436,0.0,0.0,0.0
37430401,-0.0070863767,-0.00036089157,-0.008525448,0.0,0.0,0.0
37450465,-0.0070905127,-0.00081037066,-0.008577298,0.0,0.0,0.0
37470409,-0.007477186,-0.0014221916,-0.008473558,0.0,0.0,0.0
37491487,-0.0069680493,-0.0020902802,-0.00839109,0.0,0.0,0.0
37512409,-0.0070297606,-0.0025155575,-0.008460876,0.0,0.0,0.0
37534623,-0.0069722594,-0.0028962018,-0.008452935,0.0,0.0,0.0
37553431,-0.0071306215,-0.0036949837,-0.008282609,0.0,0.0,0.0
37577403,-0.007084828,-0.0036297129,-0.008207287,0.0,0.0,0.0
37592452,-0.0071339104,-0.0040483545,-0.008158172,0.0,0.0,0.0
37619404,-0.007341829,-0.0034678036,8.764538e-06,0.0,0.0,-0.0
37639467,-0.0072392006,-0.0036200574,2.8237519e-05,0.0,0.0,-0.0
37660407,-0.0067899586,-0.004320442,2.5542971e-05,0.0,0.0,-0.0
37679462,-0.0069688037,-0.0041451366,-7.08329e-05,0.0,0.0,-0.0
37703612,-0.006932638,-0.003590179,6.4396416e-05,0.0,0.0,-0.0
37720419,-0.0072546294,-0.003990654,1.1096485e-05,0.0,0.0,-0.0
37744401,-0.007916967,-0.0041198144,0.00012824628,0.0,0.0,-0.0
37764409,-0.007799862,-0.0045103305,0.0001784077,0.0,0.0,-0.0
37785408,-0.007910568,-0.004506768,-4.5970366e-05,0.0,0.0,-0.0
37804406,-0.0077551454,-0.0047901054,3.136039e-05,0.0,0.0,-0.0
37825411,-0.007848427,-0.005581007,0.00024359462,0.0,0.0,-0.0
37847409,-0.00835756,-0.00561034,-9.6872725e-05,0.0,0.0,-0.0
37869406,-0.008726966,-0.0053266655,3.945269e-05,0.0,0.0,-0.0
37891411,-0.009096286,-0.005472168,9.771555e-05,0.0,0.0,-0.0
37911435,-0.009422965,-0.0051364335,1.6037728e-06,0.0,0.0,-0.0
37932421,-0.008690499,-0.0059418567,-0.00019699316,0.0,0.0,-0.0
37952403,-0.008568944,-0.005635294,-0.0001110914,0.0,0.0,-0.0
37976413,-0.008614068,-0.005400782,0.00014241242,0.0,0.0,-0.0
37995469,-0.008876964,-0.0052636857,0.00011336106,0.0,0.0,-0.0
38015407,-0.008386518,-0.0052393936,-6.602562e-05,0.0,0.0,-0.0
38037413,-0.008209931,-0.0054425765,1.4793903e-06,0.0,0.0,-0.0
38059407,-0.008157291,-0.006042808,-4.2304226e-05,0.0,0.0,-0.0
38078759,-0.008285011,-0.0057186824,-0.00018265391,0.0,0.0,-0.0
38099485,-0.008706074,-0.0056827264,-1.8864788e-05,0.0,0.0,-0.0
38123450,-0.00857082,-0.005722165,-4.4145468e-06,0.0,0.0,-0.0
38139410,-0.008404691,-0.005702098,-1.530054e-05,0.0,0.0,-0.0
38163453,-0.008776506,-0.005693949,4.865835e-05,0.0,0.0,-0.0
38184436,-0.0090998905,-0.00568531,-1.2197156e-05,0.0,0.0,-0.0
38205410,-0.008570553,-0.0053342595,1.5135611e-06,0.0,0.0,-0.0
38224406,-0.008426889,-0.005451552,-0.00019337438,0.0,0.0,-0.0
38856407,-0.006209386,-0.0064423815,6.121634e-05,0.0,0.0,-0.0
38879407,-0.0064319307,-0.0057594846,-9.84978e-05,0.0,0.0,-0.0
38899430,-0.006512053,-0.0056141694,1.2126005e-06,0.0,0.0,-0.0
38920408,-0.0063074958,-0.0054084877,0.00011045849,0.0,0.0,-0.0
38940403,-0.006667551,-0.005912631,-7.685473e-05,0.0,0.0,-0.0
38960407,-0.006630758,-0.0061216312,-2.3937131e-05,0.0,0.0,-0.0
38983450,-0.0061890646,-0.0058966596,9.531859e-05,0.0,0.0,-0.0
39004410,-0.005898222,-0.0053699566,6.821913e-05,0.0,0.0,-0.0
39024497,-0.0063877567,-0.0054328884,-8.497715e-05,0.0,0.0,-0.0
39044465,-0.0067262896,-0.0050275116,1.122817e-06,0.0,0.0,-0.0
39068539,-0.0065428293,-0.004821697,-2.2842998e-05,0.0,0.0,-0.0
39089413,-0.0062880516,-0.0046474296,9.692969e-07,0.0,0.0,-0.0
39109401,-0.006398216,-0.0039528343,-7.750185e-05,0.0,0.0,-0.0
39130516,-0.00628475,-0.0042179897,9.242544e-05,0.0,0.0,-0.0
39150405,-0.006273429,-0.0040407246,-4.5095945e-05,0.0,0.0,-0.0
39172409,-0.0054502296,-0.0039600083,-0.00011100879,0.0,0.0,-0.0
39191408,-0.0057451925,-0.0034736875,-2.0722133e-05,0.0,0.0,-0.0
39215405,-0.006115391,-0.0030251343,0.00011667086,0.0,0.0,-0.0
39235415,-0.006092217,-0.0037694941,-6.455822e-05,0.0,0.0,-0.0
39257409,-0.0061869803,-0.0041146064,1.563805e-05,0.0,0.0,-0.0
39277515,-0.006518354,-0.004642789,1.0045186e-06,0.0,0.0,-0.0
39299524,-0.006929074,-0.004757966,1.0917282e-06,0.0,0.0,-0.0
39320407,-0.006592111,-0.005025887,-0.00022037551,0.0,0.0,-0.0
39339463,-0.007436519,-0.0046989857,0.00019835104,0.0,0.0,-0.0
39359406,-0.007600582,-0.0043414063,5.7124595e-05,0.0,0.0,-0.0
39383462,-0.0082422765,-0.004498595,1.6111535e-05,0.0,0.0,-0.0
39401408,-0.008208121,-0.004279961,5.5416192e-05,0.0,0.0,-0.0
39421029,-0.0084028635,-0.00413761,6.894462e-05,0.0,0.0,-0.0
39443427,-0.008595444,-0.0043625976,0.00014478063,0.0,0.0,-0.0
39463462,-0.00851397,-0.004822306,-6.1490944e-05,0.0,0.0,-0.0
39488443,-0.008515474,-0.004357889,1.2301465e-06,0.0,0.0,-0.0
39508540,-0.008684614,-0.0050237873,-5.2976615e-05,0.0,0.0,-0.0
39526641,-0.008848437,-0.004452615,0.00021959047,0.0,0.0,-0.0
39548428,-0.009196102,-0.004800562,0.00012188995,0.0,0.0,-0.0
39572416,-0.008928672,-0.0041730017,0.00024615446,0.0,0.0,-0.0
39592401,-0.008693764,-0.004540047,8.540269e-05,0.0,0.0,-0.0
39612410,-0.008163918,-0.00410754,2.39699e-05,0.0,0.0,-0.0
39632408,-0.008709853,-0.0040680403,1.1919812e-05,0.0,0.0,-0.0
39656456,-0.008328995,-0.004109846,1.2075924e-05,0.0,0.0,-0.0
39675410,-0.008122966,-0.004732172,1.2744216e-06,0.0,0.0,-0.0
39694689,-0.00812836,-0.004804527,0.00023318136,0.0,0.0,-0.0
39715416,-0.008213553,-0.004316077,-0.00020088392,0.0,0.0,-0.0
39739550,-0.008169616,-0.0040933266,0.00011874468,0.0,0.0,-0.0
39760409,-0.008780066,-0.0035100877,3.3467495e-05,0.0,0.0,-0.0
39780416,-0.008645786,-0.0037978436,-2.3503596e-06,0.0,0.0,-0.0
39799413,-0.008793557,-0.0041429866,3.7200698e-05,0.0,0.0,-0.0
39822995,-0.008926925,-0.0044442685,-0.00019199548,0.0,0.0,-0.0
39844427,-0.008661845,-0.0044212663,-0.00010231655,0.0,0.0,-0.0
39864410,-0.008580205,-0.0044301185,1.2606426e-06,0.0,0.0,-0.0
39883529,-0.008214946,-0.0043126815,-4.974854e-05,0.0,0.0,-0.0
39905485,-0.007913343,-0.0037913397,8.0224545e-06,0.0,0.0,-0.0
39928451,-0.008362804,-0.0035411678,0.000117538926,0.0,0.0,-0.0
39947407,-0.008449496,-0.003741987,-7.613088e-06,0.0,0.0,-0.0
39968447,-0.0082176635,-0.0041341954,6.473194e-05,0.0,0.0,-0.0
39992411,-0.008148815,-0.0040925834,-7.567355e-05,0.0,0.0,-0.0
40012443,-0.008165539,-0.004015949,1.9455685e-05,0.0,0.0,-0.0
40033446,-0.008418726,-0.004268518,1.1908949e-06,0.0,0.0,-0.0
40052407,-0.008679484,-0.0041698487,-0.00022395527,0.0,0.0,-0.0
40072412,-0.007922049,-0.0044836984,3.7086127e-05,0.0,0.0,-0.0
40097420,-0.007939379,-0.004119839,-0.00021215307,0.0,0.0,-0.0
40117407,-0.007671343,-0.0042273863,9.759854e-05,0.0,0.0,-0.0
40139409,-0.0072792335,-0.004404139,5.2291896e-05,0.0,0.0,-0.0
40158551,-0.0068394733,-0.0041177585,6.2836625e-05,0.0,0.0,-0.0
40178496,-0.0075685964,-0.004198203,1.0539565e-06,0.0,0.0,-0.0
40199408,-0.0071183313,-0.004369565,-6.518746e-05,0.0,0.0,-0.0
40221733,-0.0069665834,-0.00424228,-9.215282e-05,0.0,0.0,-0.0
40240408,-0.007327385,-0.004367649,2.7437434e-05,0.0,0.0,-0.0
40264408,-0.007528085,-0.004414506,2.2026945e-05,0.0,0.0,-0.0
40283435,-0.008027975,-0.004405595,-2.8289465e-05,0.0,0.0,-0.0
40304407,-0.007713894,-0.0046439306,5.686339e-05,0.0,0.0,-0.0
40328456,-0.007582257,-0.004317667,-1.946943e-05,0.0,0.0,-0.0
40347405,-0.0074772793,-0.0040426636,1.0009277e-06,0.0,0.0,-0.0
40369402,-0.007253646,-0.004222752,7.863788e-05,0.0,0.0,-0.0
40390402,-0.007298324,-0.0037937667,-6.2610496e-05,0.0,0.0,-0.0
40410410,-0.0068911808,-0.0042395936,5.6663744e-06,0.0,0.0,-0.0
40433555,-0.0070782173,-0.004421172,-6.836625e-05,0.0,0.0,-0.0
40454406,-0.0077074366,-0.004644718,3.320083e-05,0.0,0.0,-0.0
40475409,-0.0075816177,-0.0043399576,-4.373522e-05,0.0,0.0,-0.0
40494429,-0.0077179195,-0.004005529,-7.224564e-05,0.0,0.0,-0.0
40516706,-0.007666866,-0.0040118853,1.021091e-06,0.0,0.0,-0.0
40538441,-0.007537964,-0.0041700667,0.000197449,0.0,0.0,-0.0
40559409,-0.0069341757,-0.004494151,-3.152794e-05,0.0,0.0,-0.0
40580408,-0.0071282946,-0.004424458,7.343341e-05,0.0,0.0,-0.0
40599409,-0.0069996407,-0.004109765,-0.0001035019,0.0,0.0,-0.0
40621179,-0.006742777,-0.0037420918,9.037943e-05,0.0,0.0,-0.0
40641404,-0.006706468,-0.0030000247,-8.531257e-05,0.0,0.0,-0.0
40663449,-0.007033932,-0.0030009309,4.6180165e-05,0.0,0.0,-0.0
40683709,-0.007306123,-0.0028836594,6.998964e-07,0.0,0.0,-0.0
40704437,-0.0073774992,-0.0036082645,0.00012651102,0.0,0.0,-0.0
40723431,-0.0075366143,-0.0039890595,9.456634e-05,0.0,0.0,-0.0
40748430,-0.0078704385,-0.00317233,6.422731e-05,0.0,0.0,-0.0
40768453,-0.0075150146,-0.002837846,-0.00015298446,0.0,0.0,-0.0
40788430,-0.0075663473,-0.0030532358,-0.0001226328,0.0,0.0,-0.0
40810410,-0.008014919,-0.002744657,5.452568e-05,0.0,0.0,-0.0
40830413,-0.0077855005,-0.0025807219,6.648414e-07,0.0,0.0,-0.0
40853430,-0.00809205,-0.0023498877,6.316935e-07,0.0,0.0,-0.0
40874462,-0.007860132,-0.0020232182,-3.873169e-05,0.0,0.0,-0.0
40895487,-0.006905803,-0.0015633273,0.00032725115,0.0,0.0,-0.0
40916454,-0.0066033495,-0.0016054832,1.6404652e-05,0.0,0.0,-0.0
40936407,-0.0069223233,-0.0016255544,-4.074526e-05,0.0,0.0,-0.0
40956403,-0.007450659,-0.0013170613,3.297081e-05,0.0,0.0,-0.0
40979416,-0.0071230493,-0.0010149496,-9.237397e-05,0.0,0.0,-0.0
41001408,-0.0075457795,-0.00045406824,3.2263142e-05,0.0,0.0,-0.0
41021410,-0.007471175,-0.0008495303,2.110537e-07,0.0,0.0,-0.0
41045422,-0.0075730123,-0.0009558343,2.409308e-07,0.0,0.0,-0.0
41066407,-0.007445867,-0.0010501498,0.00024170225,0.0,0.0,-0.0
41086410,-0.0081014745,-0.0014785936,-0.00019720016,0.0,0.0,-0.0
41109403,-0.0075652623,-0.0011705828,2.8096285e-05,0.0,0.0,-0.0
41130407,-0.0075526065,-0.0014622457,-0.00028843325,0.0,0.0,-0.0
41151411,-0.007720594,-0.0020102486,0.00015007827,0.0,0.0,-0.0
41172406,-0.0073080766,-0.0011385074,-0.000113811286,0.0,0.0,-0.0
41193460,-0.0070541967,-0.0010149024,2.3721236e-07,0.0,0.0,-0.0
41211407,-0.0066173524,-0.0012862843,-0.00020821819,0.0,0.0,-0.0
41235465,-0.0063554435,-0.0016652792,-0.00016633296,0.0,0.0,-0.0
41255402,-0.00643424,-0.0016046256,-2.7672439e-05,0.0,0.0,-0.0
41276406,-0.0065038055,-0.0020635081,1.9206095e-06,0.0,0.0,-0.0
41295410,-0.006764205,-0.002314994,0.00017471271,0.0,0.0,-0.0
41317402,-0.0068201083,-0.0026495995,-0.00015055742,0.0,0.0,-0.0
41338452,-0.006541542,-0.0026328783,-2.0703399e-05,0.0,0.0,-0.0
41361420,-0.006641286,-0.0033822206,-0.00010283268,0.0,0.0,-0.0
41382414,-0.0067020776,-0.0036197286,8.037503e-07,0.0,0.0,-0.0
41401572,-0.00664085,-0.0036175451,9.797653e-06,0.0,0.0,-0.0
41422411,-0.0067564882,-0.0037104527,-7.811569e-05,0.0,0.0,-0.0
41442410,-0.006997728,-0.0038373864,0.00011135387,0.0,0.0,-0.0
41466421,-0.006542622,-0.0036628412,0.00015076877,0.0,0.0,-0.0
41487402,-0.0062659443,-0.0033245124,0.00016260927,0.0,0.0,-0.0
41507409,-0.006621946,-0.0031707934,-4.106193e-05,0.0,0.0,-0.0
41529410,-0.0065236413,-0.0036717735,7.9594184e-07,0.0,0.0,-0.0
41547407,-0.007132654,-0.0033433796,-0.000103335275,0.0,0.0,-0.0
41568451,-0.00736915,-0.0030392783,1.5898198e-05,0.0,0.0,-0.0
41592409,-0.007292905,-0.0025541207,2.0179292e-05,0.0,0.0,-0.0
41611490,-0.0072458936,-0.0030460272,-6.400593e-05,0.0,0.0,-0.0
41634411,-0.006737626,-0.003228656,7.2408664e-05,0.0,0.0,-0.0
41653448,-0.006556571,-0.0029280419,5.3306812e-06,0.0,0.0,-0.0
41672404,-0.0064902767,-0.00345922,7.44501e-07,0.0,0.0,-0.0
41694407,-0.0067662867,-0.0032117262,-4.9489405e-05,0.0,0.0,-0.0
41715409,-0.006308178,-0.003796559,0.00013589098,0.0,0.0,-0.0
41735407,-0.006220112,-0.004237963,-8.188465e-05,0.0,0.0,-0.0
41760409,-0.0063545704,-0.0041614985,-0.000101143574,0.0,0.0,-0.0
41780463,-0.006742043,-0.003716803,-6.988985e-06,0.0,0.0,-0.0
41800412,-0.0064239604,-0.0032470427,-7.168172e-05,0.0,0.0,-0.0
41823426,-0.006003599,-0.0028359622,0.00014847024,0.0,0.0,-0.0
41843446,-0.0056972182,-0.0034479336,-8.6953456e-05,0.0,0.0,-0.0
41864487,-0.005756633,-0.003262557,9.358581e-05,0.0,0.0,-0.0
41884409,-0.0058039683,-0.0032164818,6.2071626e-07,0.0,0.0,-0.0
41903428,-0.005726052,-0.0034043202,-0.00021101246,0.0,0.0,-0.0
41927418,-0.0063528474,-0.0041542295,6.599855e-05,0.0,0.0,-0.0
41948444,-0.0068286085,-0.0043477435,9.1084454e-05,0.0,0.0,-0.0
41969407,-0.007202114,-0.004959169,-4.2857326e-05,0.0,0.0,-0.0
41989417,-0.0070864623,-0.004915835,1.1552717e-06,0.0,0.0,-0.0
42010401,-0.007379918,-0.0047714342,0.00020637929,0.0,0.0,-0.0
42031412,-0.00756506,-0.0050544236,3.5542125e-05,0.0,0.0,-0.0
42054412,-0.007557719,-0.004950944,0.000119185686,0.0,0.0,-0.0
42073722,-0.0076894937,-0.004904155,-4.4972116e-05,0.0,0.0,-0.0
42094414,-0.007414322,-0.0046533966,8.463107e-05,0.0,0.0,-0.0
42117420,-0.007841779,-0.0043279207,8.952995e-05,0.0,0.0,-0.0
42136409,-0.0077694273,-0.0047416557,1.2206204e-06,0.0,0.0,-0.0
42158432,-0.008203042,-0.0037893627,1.031861e-06,0.0,0.0,-0.0
42178460,-0.007846565,-0.0038808663,3.835971e-05,0.0,0.0,-0.0
42201412,-0.0076572318,-0.004115465,2.8003764e-05,0.0,0.0,-0.0
42222407,-0.008057501,-0.0042873053,-0.000110906505,0.0,0.0,-0.0
42242432,-0.0080182245,-0.0047496897,1.167468e-05,0.0,0.0,-0.0
42262410,-0.007846741,-0.004739853,-3.7586207e-05,0.0,0.0,-0.0
42284954,-0.007929548,-0.0047310703,1.2695235e-05,0.0,0.0,-0.0
42306403,-0.008057727,-0.004529526,1.212046e-06,0.0,0.0,-0.0
42325402,-0.008131552,-0.004552195,9.656358e-05,0.0,0.0,-0.0
42344898,-0.008049254,-0.0040176464,-4.3281925e-05,0.0,0.0,-0.0
42366402,-0.008118474,-0.004218725,-5.0094695e-05,0.0,0.0,-0.0
42389445,-0.00833811,-0.004303146,-4.25334e-05,0.0,0.0,-0.0
42411407,-0.007760458,-0.004190751,-6.3909196e-05,0.0,0.0,-0.0
42430408,-0.0072646914,-0.0043212203,4.605632e-05,0.0,0.0,-0.0
42450407,-0.007352181,-0.004800029,-0.000115456045,0.0,0.0,-0.0
42471408,-0.007759368,-0.004675854,4.5487894e-05,0.0,0.0,-0.0
42495408,-0.007731336,-0.0047239005,7.5613043e-06,0.0,0.0,-0.0
42516411,-0.008440129,-0.004474994,-9.923825e-06,0.0,0.0,-0.0
42536411,-0.008864101,-0.0044992073,-2.4433952e-05,0.0,0.0,-0.0
42555406,-0.008915223,-0.0037313523,-6.504151e-05,0.0,0.0,-0.0
42576410,-0.008956428,-0.003405558,-7.1043294e-05,0.0,0.0,-0.0
42599429,-0.008438137,-0.0040644826,9.437409e-06,0.0,0.0,-0.0
42621404,-0.008204863,-0.00456927,1.2446482e-06,0.0,0.0,-0.0
42641415,-0.0080224825,-0.004768177,1.2695111e-06,0.0,0.0,-0.0
42660407,-0.008376349,-0.0054620495,0.00042305328,0.0,0.0,-0.0
42684408,-0.008763976,-0.004992309,-0.000106630876,0.0,0.0,-0.0
42706470,-0.009481007,-0.0053303605,-7.899225e-05,0.0,0.0,-0.0
42725648,-0.009599955,-0.005502849,8.388883e-05,0.0,0.0,-0.0
42750403,-0.009174137,-0.0053403536,-0.00017996255,0.0,0.0,-0.0
42771401,-0.008984964,-0.00496836,-9.4434516e-05,0.0,0.0,-0.0
42790401,-0.008395391,-0.0052061463,-2.191911e-05,0.0,0.0,-0.0
42810519,-0.008209918,-0.0055577825,1.511211e-06,0.0,0.0,-0.0
42830407,-0.008211198,-0.005757404,-0.000116328985,0.0,0.0,-0.0
42854516,-0.008763977,-0.0059625804,9.085367e-05,0.0,0.0,-0.0
42874403,-0.009466581,-0.0057005766,-7.924783e-05,0.0,0.0,-0.0
42895411,-0.009231953,-0.0053875004,-2.5847712e-05,0.0,0.0,-0.0
42915418,-0.008938639,-0.00628299,-0.00013510295,0.0,0.0,-0.0
42935409,-0.008404796,-0.00656098,-1.9703271e-05,0.0,0.0,-0.0
42957410,-0.008430783,-0.0062347413,1.7440764e-06,0.0,0.0,-0.0
42981409,-0.0078938035,-0.006957014,1.8217585e-06,0.0,0.0,-0.0
42998486,-0.008274252,-0.0069249235,-9.744713e-05,0.0,0.0,-0.0
43021229,-0.008064785,-0.006601844,6.483047e-05,0.0,0.0,-0.0
43043454,-0.008376878,-0.007017551,5.398786e-06,0.0,0.0,-0.0
43065409,-0.008980395,-0.0069893957,-2.483806e-05,0.0,0.0,-0.0
43083461,-0.00904421,-0.0071407245,-4.9171478e-05,0.0,0.0,-0.0
43106410,-0.0089905355,-0.007362336,5.977942e-05,0.0,0.0,-0.0
43126411,-0.0098565295,-0.007668118,8.415094e-05,0.0,0.0,-0.0
43147409,-0.009911495,-0.0078312075,-6.257465e-05,0.0,0.0,-0.0
43169409,-0.010516297,-0.007940198,2.766043e-06,0.0,0.0,-0.0
43188453,-0.009948181,-0.007889731,-0.000116764124,0.0,0.0,-0.0
43211415,-0.009768155,-0.008106462,-0.00010024009,0.0,0.0,-0.0
43228531,-0.009433377,-0.007700278,-0.00017576326,0.0,0.0,-0.0
43252448,-0.009169045,-0.0084700575,2.0998572e-05,0.0,0.0,-0.0
43272465,-0.00856839,-0.008414833,-6.369382e-05,0.0,0.0,-0.0
43292415,-0.0091067385,-0.008497367,1.0491618e-05,0.0,0.0,-0.0
43316449,-0.009625193,-0.007819687,6.453648e-05,0.0,0.0,-0.0
43335422,-0.009833963,-0.007055006,2.2999998e-06,0.0,0.0,-0.0
43356423,-0.009796192,-0.007053713,-2.7438131e-05,0.0,0.0,-0.0
43379407,-0.0098720575,-0.0068307044,1.02040385e-05,0.0,0.0,-0.0
43401405,-0.010303254,-0.0072101615,0.00012959518,0.0,0.0,-0.0
43419405,-0.0096898,-0.007154033,7.09657e-05,0.0,0.0,-0.0
43440413,-0.009687858,-0.0073912772,0.00022609101,0.0,0.0,-0.0
43464416,-0.009821561,-0.0077237394,8.7075656e-05,0.0,0.0,-0.0
43485403,-0.010381085,-0.0075613614,-2.3487688e-05,0.0,0.0,-0.0
43506411,-0.01020122,-0.007835142,0.00010071681,0.0,0.0,-0.0
43526411,-0.010309552,-0.007622988,2.6049377e-06,0.0,0.0,-0.0
43545414,-0.010115518,-0.008087614,0.00026984874,0.0,0.0,-0.0
43566410,-0.009999743,-0.008081498,-7.019908e-05,0.0,0.0,-0.0
43590403,-0.0101657575,-0.007961182,-0.00025905715,0.0,0.0,-0.0
43610414,-0.009730989,-0.008261393,6.946836e-05,0.0,0.0,-0.0
43629836,-0.0103548765,-0.008355232,8.631142e-05,0.0,0.0,-0.0
43650464,-0.00984318,-0.008925897,-2.5494064e-05,0.0,0.0,-0.0
43674426,-0.01064677,-0.008677132,5.6031295e-05,0.0,0.0,-0.0
43694486,-0.010390123,-0.009193301,3.1663214e-06,0.0,0.0,-0.0
43714443,-0.010866179,-0.009045218,0.00012620364,0.0,0.0,-0.0
43735443,-0.011268081,-0.009396343,8.723001e-05,0.0,0.0,-0.0
43756405,-0.011037638,-0.009719266,1.3199498e-06,0.0,0.0,-0.0
43775401,-0.010734339,-0.009682817,0.00015569093,0.0,0.0,-0.0
43797449,-0.011158598,-0.010163156,0.00015248804,0.0,0.0,-0.0
43821407,-0.011099313,-0.009839734,2.4148858e-05,0.0,0.0,-0.0
43842408,-0.011372074,-0.009660306,5.7362668e-06,0.0,0.0,-0.0
43861407,-0.011874784,-0.009933828,8.119503e-06,0.0,0.0,-0.0
43882408,-0.011628894,-0.010052477,3.8729227e-06,0.0,0.0,-0.0
43905410,-0.011724255,-0.01011196,3.9292977e-06,0.0,0.0,-0.0
43922620,-0.010911276,-0.009976196,0.00011590676,0.0,0.0,-0.0
43945454,-0.010871598,-0.009543933,0.00013215435,0.0,0.0,-0.0
43966443,-0.0104966,-0.009925168,0.00015715494,0.0,0.0,-0.0
43989442,-0.010345725,-0.010194909,-0.00013587542,0.0,0.0,-0.0
44007407,-0.010137216,-0.010095855,7.461671e-05,0.0,0.0,-0.0
44027463,-0.009721601,-0.009472116,-0.0001179838,0.0,0.0,-0.0
44051411,-0.009653857,-0.009495758,-2.242433e-05,0.0,0.0,-0.0
44070406,-0.009344636,-0.009324143,6.5256114e-05,0.0,0.0,-0.0
44091424,-0.009266033,-0.009157748,0.00020265969,0.0,0.0,-0.0
44111406,-0.0092168655,-0.008667569,-0.00015461181,0.0,0.0,-0.0
44132446,-0.0091259265,-0.008209776,-3.502462e-05,0.0,0.0,-0.0
44156443,-0.009266631,-0.008309023,-0.00011723555,0.0,0.0,-0.0
44178651,-0.009071398,-0.00795357,4.3150918e-05,0.0,0.0,-0.0
44197449,-0.008368183,-0.008111342,0.00013309946,0.0,0.0,-0.0
44220445,-0.007655205,-0.008131056,0.0001518094,0.0,0.0,-0.0
44239434,-0.007276628,-0.007618277,-5.3992094e-06,0.0,0.0,-0.0
44260465,-0.006630752,-0.006778659,8.232763e-05,0.0,0.0,-0.0
44280407,-0.0068102647,-0.0066997153,-8.00045e-05,0.0,0.0,-0.0
44301413,-0.0075264308,-0.0065684696,1.6376055e-06,0.0,0.0,-0.0
44324406,-0.006585586,-0.00662757,-6.888706e-05,0.0,0.0,-0.0
44345421,-0.006543546,-0.0069129486,0.00010585687,0.0,0.0,-0.0
44367410,-0.006636639,-0.0070173102,0.00026451782,0.0,0.0,-0.0
44386401,-0.0073116273,-0.0076106763,-0.000104871586,0.0,0.0,-0.0
44405408,-0.007207645,-0.0071736104,3.141648e-05,0.0,0.0,-0.0
44430403,-0.006750253,-0.0077487878,-9.216117e-05,0.0,0.0,-0.0
44449419,-0.0067887083,-0.0069501335,-3.267158e-05,0.0,0.0,-0.0
44470410,-0.0063507543,-0.0062774243,1.1530507e-05,0.0,0.0,-0.0
44491414,-0.0060380087,-0.0067201452,1.3423962e-06,0.0,0.0,-0.0
44512466,-0.006244966,-0.0070268055,8.967914e-05,0.0,0.0,-0.0
44533451,-0.0059182467,-0.0071119904,-5.0809864e-05,0.0,0.0,-0.0
44555414,-0.0056933807,-0.0075296345,-0.00035907724,0.0,0.0,-0.0
44576424,-0.005287872,-0.007375615,0.00021787798,0.0,0.0,-0.0
44596413,-0.0051708748,-0.007338217,0.00023869998,0.0,0.0,-0.0
44616443,-0.005526001,-0.0077801864,4.416049e-06,0.0,0.0,-0.0
44640423,-0.006174948,-0.0075974143,6.585971e-05,0.0,0.0,-0.0
44660444,-0.006179817,-0.007722453,4.7984566e-05,0.0,0.0,-0.0
44679462,-0.0064605046,-0.0074165617,-7.5542657e-06,0.0,0.0,-0.0
44701417,-0.007188163,-0.0076231067,1.8167434e-06,0.0,0.0,-0.0
44724410,-0.006724697,-0.00695927,7.341696e-05,0.0,0.0,-0.0
44743131,-0.006277702,-0.0074677956,1.5529122e-06,0.0,0.0,-0.0
44764435,-0.006745942,-0.0072434954,1.8755702e-05,0.0,0.0,-0.0
44784409,-0.007623418,-0.007190933,-9.889731e-05,0.0,0.0,-0.0
44808441,-0.00742371,-0.0068623587,-0.00020814044,0.0,0.0,-0.0
44828428,-0.007951167,-0.006783627,0.000100643585,0.0,0.0,-0.0
44848447,-0.0075145504,-0.0072710332,-2.2493916e-05,0.0,0.0,-0.0
44868489,-0.0076880436,-0.0065648155,-2.687536e-05,0.0,0.0,-0.0
44888442,-0.0072433534,-0.0062864237,1.5074202e-06,0.0,0.0,-0.0
44912539,-0.0076237414,-0.0063767848,1.6089692e-06,0.0,0.0,-0.0
44932404,-0.0072574113,-0.006793863,1.6332427e-06,0.0,0.0,-0.0
44953434,-0.0065298183,-0.0064556296,-0.00021247852,0.0,0.0,-0.0
44973447,-0.0063461782,-0.006234156,-0.00012834198,0.0,0.0,-0.0
44994407,-0.006400107,-0.006665623,-0.00011222481,0.0,0.0,-0.0
45018464,-0.006607554,-0.0066105304,-1.9077874e-05,0.0,0.0,-0.0
45039402,-0.0062804446,-0.006743979,-5.3490803e-05,0.0,0.0,-0.0
45058450,-0.0060309074,-0.0062933858,-0.00012850373,0.0,0.0,-0.0
45081408,-0.006052242,-0.0065551335,5.3080606e-05,0.0,0.0,-0.0
45101411,-0.0055654654,-0.006738233,2.2866212e-05,0.0,0.0,-0.0
45122485,-0.005555229,-0.0071358467,0.00012044213,0.0,0.0,-0.0
45142472,-0.005179815,-0.0070469505,6.497538e-05,0.0,0.0,-0.0
45165027,-0.0046601268,-0.0066406527,8.008456e-05,0.0,0.0,-0.0
45182410,-0.004623761,-0.006917495,-7.619383e-05,0.0,0.0,-0.0
45206412,-0.0047682207,-0.0066483896,5.8662055e-05,0.0,0.0,-0.0
45226412,-0.004947267,-0.0068685613,0.000109074004,0.0,0.0,-0.0
45245669,-0.0045576333,-0.0077884984,4.19093e-05,0.0,0.0,-0.0
45267412,0.27825153,-0.30970776,-0.007964003,0.0,0.0,-0.120244056
45288469,0.27373153,-0.31543112,-0.007891362,0.0,0.0,-0.12024635
45312410,0.27522978,-0.32240254,-0.0077537713,0.0,0.0,-0.12025362
45332410,0.27578458,-0.3225502,-0.0076959725,0.0,0.0,-0.12025362
45353539,0.27851436,-0.31875637,-0.007773201,0.0,0.0,-0.1202532
45372410,0.29073784,-0.32708636,-0.007664087,0.0,0.0,-0.12027093
45393472,0.30065298,-0.33132616,-0.0073236255,0.0,0.0,-0.120283
45417412,0.30453584,-0.3438306,-0.0069929683,0.0,0.0,-0.120298624
45438465,0.30063504,-0.355341,-0.006956546,0.0,0.0,-0.12030678
45458437,0.2940532,-0.36126488,-0.0071254517,0.0,0.0,-0.12030697
45478452,0.30151594,-0.3798223,-0.006658691,0.0,0.0,-0.120332256
45498442,0.3001165,-0.3792325,-0.0067047845,0.0,0.0,-0.120332256
45521649,0.30707505,-0.36664125,-0.006996707,0.0,0.0,-0.12032538
45543460,0.3072331,-0.36712572,-0.006870902,0.0,0.0,-0.12032538
45564409,0.31205115,-0.37023592,-0.0068142507,0.0,0.0,-0.12033329
45584527,0.3151234,-0.36071244,-0.0070839613,0.0,0.0,-0.12032777
45604407,0.2871704,-0.33599135,-0.0077540837,0.0,0.0,-0.1265519
45625409,0.26861686,-0.319192,-0.008149902,0.0,0.0,-0.13107865
45647415,0.2657565,-0.31789097,-0.008381314,0.0,0.0,-0.1362602
45668462,0.26080734,-0.31044117,-0.008468387,0.0,0.0,-0.14054804
45688478,0.26048118,-0.3103075,-0.008468896,0.0,0.0,-0.14054804
45711401,0.26125807,-0.31041571,-0.008538337,0.0,0.0,-0.14512382
45728458,0.2535094,-0.29996797,-0.008737232,0.0,0.0,-0.14886066
45751414,0.25235048,-0.28992832,-0.0089957705,0.0,0.0,-0.15434937
45774410,0.24020536,-0.28604978,-0.009019789,0.0,0.0,-0.1589734
45794414,0.24013844,-0.28063345,-0.009200886,0.0,0.0,-0.16467546
45814413,0.23607719,-0.27133363,-0.009118996,0.0,0.0,-0.16911869
45834414,0.23537284,-0.27065855,-0.008975594,0.0,0.0,-0.16911869
45858454,0.2266331,-0.26308596,-0.009200028,0.0,0.0,-0.17424297
45875415,0.2042225,-0.2720813,-0.009231669,0.0,0.0,-0.17912929
45896410,0.20000428,-0.26052195,-0.009490952,0.0,0.0,-0.18523568
45919405,0.1999004,-0.25064266,-0.009792001,0.0,0.0,-0.19024368
45940412,0.19197886,-0.24240686,-0.010004548,0.0,0.0,-0.19577233
45962425,0.191865,-0.23038791,-0.01006127,0.0,0.0,-0.20138796
45984471,0.18470776,-0.20975284,-0.010527993,0.0,0.0,-0.20697765
46000405,0.18315908,-0.20854917,-0.010488622,0.0,0.0,-0.20697765
46026411,0.1737566,-0.2010425,-0.010538521,0.0,0.0,-0.21270892
46046587,0.17275089,-0.20005484,-0.010625658,0.0,0.0,-0.21823615
46065343,0.17684545,-0.191662,-0.010673456,0.0,0.0,-0.2243683
46088456,0.16944988,-0.1846154,-0.010719158,0.0,0.0,-0.23037173
46110413,0.16285025,-0.18024604,-0.010889982,0.0,0.0,-0.23496206
46130412,0.15224186,-0.17394792,-0.011030644,0.0,0.0,-0.24133658
46150414,0.14625248,-0.17146279,-0.011277837,0.0,0.0,-0.24667437
46171413,0.14393462,-0.16887873,-0.010932302,0.0,0.0,-0.24667437
46192416,0.14603478,-0.16091093,-0.010795628,0.0,0.0,-0.2525402
46212409,0.14545852,-0.15321943,-0.010879515,0.0,0.0,-0.25860876
46236408,0.14144823,-0.14768936,-0.010913283,0.0,0.0,-0.26419947
46256411,0.1322439,-0.14004372,-0.010982581,0.0,0.0,-0.27709946
46275409,0.120594606,-0.116191715,-0.011171651,0.0,0.0,-0.30542448
46298451,0.11885369,-0.114089124,-0.011455962,0.0,0.0,-0.30542448
46317478,0.11417469,-0.10940701,-0.011476504,0.0,0.0,-0.30742335
46338450,0.121912256,-0.107826486,-0.011383714,0.0,0.0,-0.30920866
46362410,0.12387685,-0.10963168,-0.011574836,0.0,0.0,-0.31105557
46380409,0.12687454,-0.10983663,-0.011703601,0.0,0.0,-0.31390697
46400419,0.122790866,-0.10559534,-0.011634849,0.0,0.0,-0.31390697
46425419,0.09630378,-0.08489328,-0.0117069725,0.0,0.0,-0.34184194
46446417,0.09140204,-0.07587393,-0.011805661,0.0,0.0,-0.34814963
46467408,0.091513805,-0.0757621,-0.01157539,0.0,0.0,-0.3483832
46486493,0.09172624,-0.074283525,-0.011568613,0.0,0.0,-0.34860778
46506413,0.08350133,-0.061273325,-0.011626785,0.0,0.0,-0.36477324
46530509,0.065927975,-0.041127477,-0.011820897,0.0,0.0,-0.3874936
46550412,0.06923221,-0.041902512,-0.011654162,0.0,0.0,-0.3846091
46570409,0.06763249,-0.040683504,-0.011595148,0.0,0.0,-0.3846091
46590417,0.071394265,-0.047581613,-0.011622653,0.0,0.0,-0.38277218
46614413,0.057164926,-0.024186783,-0.01164918,0.0,0.0,-0.39555356
46635404,0.03903239,-0.013349144,-0.011591084,0.0,0.0,-0.42751333
46654412,0.041290052,-0.016934814,-0.0114238635,0.0,0.0,-0.4216157
46673548,0.047662638,-0.017214093,-0.011520909,0.0,0.0,-0.41781828
46698447,0.032075316,-3.2708314e-05,-0.011879053,0.0,0.0,-0.43740574
46718440,0.012908708,0.02007747,-0.011863803,0.0,0.0,-0.4661169
46738456,0.011519344,0.02012403,-0.011881256,0.0,0.0,-0.4661169
46761486,0.015438386,0.013751137,-0.011702918,0.0,0.0,-0.45663983
46782417,0.01628242,0.022029553,-0.011539782,0.0,0.0,-0.44987845
46800845,-0.014394998,0.042381424,-0.011460409,0.0,0.0,-0.48299372
46822412,-0.025749458,0.05033974,-0.011459941,0.0,0.0,-0.5019207
46845417,-0.011452939,0.038436487,-0.011447091,0.0,0.0,-0.48961005
46866472,-0.020431343,0.04674309,-0.01135763,0.0,0.0,-0.49410123
46885477,-0.05369266,0.07066412,-0.011234655,0.0,0.0,-0.5272679
46905408,-0.066472195,0.08050297,-0.011201081,0.0,0.0,-0.5272679
46927414,-0.06254434,0.081369534,-0.010897662,0.0,0.0,-0.53980345
46947410,-0.05168751,0.068301655,-0.010862662,0.0,0.0,-0.5265852
46968474,-0.064872876,0.080768816,-0.010595721,0.0,0.0,-0.53458047
46989417,-0.09268888,0.1036065,-0.010421897,0.0,0.0,-0.56004727
47010412,-0.115499176,0.12093124,-0.010539633,0.0,0.0,-0.5861865
47030411,-0.08421707,0.09421561,-0.010445225,0.0,0.0,-0.57107747
47054406,-0.08209379,0.08904134,-0.010352365,0.0,0.0,-0.5688762
47074411,-0.10549856,0.1100289,-0.0103356475,0.0,0.0,-0.59004915
47094409,-0.10887498,0.11304633,-0.010163567,0.0,0.0,-0.59004915
47118456,-0.121373765,0.1265638,-0.009745844,0.0,0.0,-0.6100254
47134410,-0.1312739,0.14136314,-0.009131138,0.0,0.0,-0.6297605
47159414,-0.13507275,0.1413429,-0.008242519,0.0,0.0,-0.64495087
47179499,-0.09145416,0.105453715,-0.007936182,0.0,0.0,-0.6282905
47198131,-0.09520138,0.109135814,-0.007808735,0.0,0.0,-0.6307765
47220424,-0.11506208,0.12023665,-0.0075292843,0.0,0.0,-0.6407648
47244415,-0.12232126,0.12380711,-0.006814101,0.0,0.0,-0.6500425
47265410,-0.13289754,0.12809852,-0.0064821197,0.0,0.0,-0.6599789
47284418,-0.14086667,0.13180926,-0.0061385417,0.0,0.0,-0.6687925
47304410,-0.13885638,0.12394322,-0.005490902,0.0,0.0,-0.6687925
47328449,-0.13903017,0.12429263,-0.004885595,0.0,0.0,-0.67582756
47348447,-0.14238784,0.12905002,-0.004357953,0.0,0.0,-0.6809388
47368521,-0.14540723,0.13266388,-0.0036036917,0.0,0.0,-0.68410873
47389417,-0.14470582,0.13662818,-0.0030942108,0.0,0.0,-0.68605566
47410489,-0.13462226,0.13105191,-0.0029856442,0.0,0.0,-0.68836164
47428755,-0.12983143,0.13032053,-0.002661887,0.0,0.0,-0.6875019
47452405,-0.12353471,0.12817891,-0.0016899862,0.0,0.0,-0.6869412
47472408,-0.11281322,0.12270468,-0.0010509894,0.0,0.0,-0.6869412
47496478,-0.10190287,0.1208869,-0.00027194212,0.0,0.0,-0.6864711
47516414,-0.097595945,0.1237005,0.0004244524,0.0,0.0,-0.68582404
47537411,-0.09212527,0.12372521,0.00093329675,0.0,0.0,-0.6862116
47557410,-0.08759924,0.117753826,0.0015014882,0.0,0.0,-0.68550825
47577433,-0.087080635,0.10768368,0.0019702879,0.0,0.0,-0.6854277
47601416,-0.09137217,0.097825445,0.0024953103,0.0,0.0,-0.6850459
47620406,-0.095756106,0.09498797,0.0029787754,0.0,0.0,-0.6843048
47641493,-0.093102165,0.08991616,0.003270228,0.0,0.0,-0.6843048
47661437,-0.09549168,0.0858363,0.003711795,0.0,0.0,-0.6844608
47685490,-0.09403152,0.0798285,0.0043177977,0.0,0.0,-0.6842012
47705415,-0.09075177,0.0776376,0.004559439,0.0,0.0,-0.68381345
47726413,-0.0846282,0.07619482,0.00501201,0.0,0.0,-0.6835626
47744433,-0.08332637,0.073581494,0.005441098,0.0,0.0,-0.68328583
47766412,-0.08045748,0.07266969,0.005905485,0.0,0.0,-0.6837807
47787439,-0.073898755,0.067165874,0.0062384154,0.0,0.0,-0.6837807
47808435,-0.069461115,0.06395661,0.006568418,0.0,0.0,-0.6832067
47831412,-0.07002602,0.065336555,0.0068272026,0.0,0.0,-0.68364346
47850489,-0.07020122,0.060054567,0.0068369987,0.0,0.0,-0.68324333
47873456,-0.0671449,0.05612059,0.0070224274,0.0,0.0,-0.68345314
47892413,-0.06310202,0.05195908,0.00704107,0.0,0.0,-0.684189
47915892,-0.059871837,0.052602105,0.006883023,0.0,0.0,-0.6841253
47935417,-0.059283745,0.056931213,0.00667468,0.0,0.0,-0.6832486
47957413,-0.054984983,0.058693275,0.0066492693,0.0,0.0,-0.6832486
47974417,-0.051574454,0.063107185,0.006561389,0.0,0.0,-0.68294775
47998438,-0.048066664,0.06406127,0.006408259,0.0,0.0,-0.68192714
48018456,-0.049135927,0.06139462,0.006494445,0.0,0.0,-0.6828443
48042473,-0.04678693,0.055223633,0.00633222,0.0,0.0,-0.68365544
48062408,-0.044486515,0.05052818,0.0062843133,0.0,0.0,-0.685096
48082452,-0.04116398,0.040812697,0.006291573,0.0,0.0,-0.6840684
48103489,-0.040497184,0.028902885,0.0061916593,0.0,0.0,-0.6841144
48122412,-0.03862764,0.022435112,0.006066436,0.0,0.0,-0.6841144
48147454,-0.039264098,0.017155852,0.0058171926,0.0,0.0,-0.68292534
48168435,-0.03782241,0.010752247,0.005744929,0.0,0.0,-0.68291044
48189406,-0.03738246,0.005820003,0.005609062,0.0,0.0,-0.6825462
48206437,-0.035600003,0.004129947,0.0056738276,0.0,0.0,-0.6827721
48228460,-0.03537554,0.008011888,0.005608742,0.0,0.0,-0.6831755
48248433,-0.035201214,0.010996532,0.005236447,0.0,0.0,-0.6831755
48271465,-0.034572583,0.012769212,0.0051196753,0.0,0.0,-0.67990744
48294411,-0.030432928,0.017754605,0.0051616235,0.0,0.0,-0.67016435
48314413,-0.03359261,0.019193755,0.0051908665,0.0,0.0,-0.6622652
48334421,-0.031290725,0.016707815,0.0053411853,0.0,0.0,-0.65498513
48354436,-0.031717386,0.013927188,0.005327093,0.0,0.0,-0.64920294
48374418,-0.027752899,0.016687544,0.0052838637,0.0,0.0,-0.6443253
48399419,-0.025749782,0.023427177,0.005213887,0.0,0.0,-0.6406752
48419474,-0.025403662,0.024363564,0.005037316,0.0,0.0,-0.6406752
48440421,-0.028359802,0.024739165,0.004950069,0.0,0.0,-0.6384319
48460403,-0.025757167,0.022025477,0.004791996,0.0,0.0,-0.6369945
48480416,-0.023177832,0.023114499,0.00458533,0.0,0.0,-0.63667154
48504419,-0.022657245,0.021777794,0.004276968,0.0,0.0,-0.6367463
48523452,-0.022734836,0.022089398,0.004005385,0.0,0.0,-0.63695294
48544495,-0.016516736,0.019981585,0.004190676,0.0,0.0,-0.63754094
48564403,-0.015231155,0.01934997,0.0038330115,0.0,0.0,-0.63754094
48588553,-0.014556837,0.017491816,0.003492034,0.0,0.0,-0.6376412
48608435,-0.017026061,0.015652582,0.003195459,0.0,0.0,-0.63774455
48628504,-0.013870487,0.011447215,0.0029388997,0.0,0.0,-0.63791114
48647621,-0.015871162,0.008800029,0.0027271202,0.0,0.0,-0.6381751
48672414,-0.015373612,0.0029398827,0.0022723738,0.0,0.0,-0.63837355
48692414,-0.016051996,0.0038608992,0.0024297843,0.0,0.0,-0.6385805
48713437,-0.010721585,0.0006426372,0.0023031924,0.0,0.0,-0.63837117
48732423,-0.010651676,0.0017461369,0.0023765191,0.0,0.0,-0.63837117
48756414,-0.012757396,-0.0062142136,0.0024427802,0.0,0.0,-0.6386607
48777449,-0.009349645,-0.0105110025,0.0026592815,0.0,0.0,-0.6388175
48797498,-0.005859477,-0.013362661,0.0027519416,0.0,0.0,-0.6387926
48818434,-0.007421774,-0.015388001,0.0028174713,0.0,0.0,-0.6388046
48838438,-0.006495557,-0.015663419,0.0028528005,0.0,0.0,-0.63947684
48858153,-0.0038398383,-0.014486225,0.003219715,0.0,0.0,-0.6395092
48879407,-0.004956783,-0.011219293,0.0036934568,0.0,0.0,-0.6395092
48903432,-0.0041672997,-0.0048242384,0.0036195721,0.0,0.0,-0.639193
48923533,-0.0028421446,-0.0023839702,0.0035606045,0.0,0.0,-0.6393279
48944462,-0.004293869,-0.0012036131,0.0035829449,0.0,0.0,-0.6393228
48964411,-0.00067329855,0.0038452756,0.0035046688,0.0,0.0,-0.6393366
48984494,0.003318761,0.0016093631,0.0036145686,0.0,0.0,-0.639326
49008432,0.0054211244,0.0029568248,0.0035064274,0.0,0.0,-0.639033
49027409,0.0066269035,0.005409122,0.0035194787,0.0,0.0,-0.63937396
49048434,0.005020673,0.007307398,0.0035630248,0.0,0.0,-0.63937396
49068466,0.007149471,0.0086316895,0.0034777455,0.0,0.0,-0.63940924
49088500,0.00857576,0.012068637,0.003405093,0.0,0.0,-0.6395239
49113437,0.01144764,0.016609084,0.0035889815,0.0,0.0,-0.63939095
49134411,0.018886846,0.017628217,0.0038727205,0.0,0.0,-0.6394249
49154410,0.02416879,0.01751823,0.004034793,0.0,0.0,-0.6397367
49174406,0.020948501,0.014623155,0.003948485,0.0,0.0,-0.6398322
49194408,0.01907713,0.013301025,0.003750481,0.0,0.0,-0.6398322
49218428,0.02577295,0.010338451,0.003732835,0.0,0.0,-0.6397181
49236412,0.027954241,0.003434958,0.0037504544,0.0,0.0,-0.6401346
49258459,0.021319767,-0.0007680345,0.0037898202,0.0,0.0,-0.6402916
49281491,0.016097171,-0.0073677814,0.0034501022,0.0,0.0,-0.6404562
49301412,0.019976225,-0.015376646,0.0033601136,0.0,0.0,-0.64043534
49324081,0.01938011,-0.018283185,0.0031474538,0.0,0.0,-0.64021987
49341414,0.016929837,-0.016276345,0.002992339,0.0,0.0,-0.64021987
49365957,0.014583119,-0.016608076,0.002687077,0.0,0.0,-0.64024764
49385417,0.0139028765,-0.017413335,0.0025190972,0.0,0.0,-0.64037204
49406406,0.0108272,-0.017662574,0.0025545084,0.0,0.0,-0.64012074
49427408,0.013025612,-0.013939623,0.0023635225,0.0,0.0,-0.6399508
49447412,0.016597066,-0.01499944,0.002086799,0.0,0.0,-0.6397798
49467403,0.021480558,-0.015759997,0.002243283,0.0,0.0,-0.6396774
49490497,0.026740123,-0.013342229,0.0022158036,0.0,0.0,-0.6391946
49512491,0.026995322,-0.011715039,0.0024108028,0.0,0.0,-0.6387657
49532472,0.024193386,-0.008109389,0.0024450049,0.0,0.0,-0.6387657
49553436,0.022355841,-0.01071893,0.0022661786,0.0,0.0,-0.6390618
49573457,0.019492902,-0.0109229665,0.0023162058,0.0,0.0,-0.63911134
49593433,0.020094879,-0.0112339165,0.0023842521,0.0,0.0,-0.63920695
49614411,0.01772834,-0.013276925,0.0024716768,0.0,0.0,-0.63952655
49638461,0.020732457,-0.012392145,0.0026741556,0.0,0.0,-0.6393482
49658437,0.020558372,-0.014353928,0.0026569904,0.0,0.0,-0.6391837
49678545,0.016149271,-0.0139029855,0.0026342757,0.0,0.0,-0.6391837
49698434,0.013492261,-0.015403708,0.0026325653,0.0,0.0,-0.6393171
49722413,0.012279501,-0.014862202,0.0026636522,0.0,0.0,-0.6392919
49742418,0.0147766825,-0.016147416,0.002731135,0.0,0.0,-0.6394681
49764431,0.014927675,-0.015187557,0.0028840026,0.0,0.0,-0.6397403
49784415,0.015577912,-0.014421263,0.0029071348,0.0,0.0,-0.6398425
49806408,0.012472706,-0.009244523,0.0026469075,0.0,0.0,-0.6398425
49825315,0.010124536,-0.006524152,0.0023480332,0.0,0.0,-0.63967925
49846409,0.0070237718,-0.0054715658,0.002041421,0.0,0.0,-0.63933915
49866434,0.0021841635,-0.009975998,0.001983081,0.0,0.0,-0.638715
49887451,0.0015908398,-0.010758151,0.001738787,0.0,0.0,-0.6386426
49908556,0.0046383566,-0.0075412975,0.001664216,0.0,0.0,-0.6386375
49928521,0.00430542,-0.007973774,0.0016383376,0.0,0.0,-0.6386375
49952489,-0.00033806133,-0.008559814,0.0012040148,0.0,0.0,-0.63892865
49972415,-0.0024188985,-0.008097649,0.001234868,0.0,0.0,-0.6389465
49991584,-0.00053616177,-0.008367155,0.0014351875,0.0,0.0,-0.63853693
50016407,-0.00066425133,-0.005525689,0.0012727376,0.0,0.0,-0.63875383
50036413,-0.0034695275,-0.0063284333,0.001137676,0.0,0.0,-0.63870955
50056439,-0.005137772,-0.006564409,0.00096616964,0.0,0.0,-0.6382449
50076420,-0.006193481,-0.0034053116,0.0012504065,0.0,0.0,-0.63843256
50100421,-0.003106205,-0.0071778647,0.0012900282,0.0,0.0,-0.6386582
50121410,-0.002743779,-0.0054805055,0.0014317952,0.0,0.0,-0.63880455
50140515,-0.002559001,-0.0047881817,0.0013161534,0.0,0.0,-0.63880455
50162520,0.0015748384,-0.006299808,0.001071987,0.0,0.0,-0.6391595
50182411,0.002757472,-0.007784436,0.0009637653,0.0,0.0,-0.6390894
50203438,0.0052198074,-0.010514312,0.00064107653,0.0,0.0,-0.63922095
50223727,0.0073144874,-0.0068216864,0.00042183284,0.0,0.0,-0.6387358
50244434,0.0057562175,-0.0067303577,0.00035789903,0.0,0.0,-0.6387358
50264413,0.0057104537,-0.0085601155,9.6712385e-05,0.0,0.0,-0.6386341
50288458,0.0050011417,-0.007453968,0.0002735004,0.0,0.0,-0.63835174
50308433,0.001331941,-0.0025416082,0.00010602988,0.0,0.0,-0.63847405
50329417,0.0011319119,-0.0025931085,0.00016599034,0.0,0.0,-0.6384715
50352408,-0.00061872555,-0.0027191995,0.00017783006,0.0,0.0,-0.6383257
50373460,0.00034754912,-0.0026640908,0.00032886828,0.0,0.0,-0.637783
50394508,0.0022139119,-0.0026741202,0.00022140794,0.0,0.0,-0.6377453
50413452,0.0053993724,-0.0020667873,0.00013985655,0.0,0.0,-0.6377453
50433434,0.010219373,0.0010820073,0.00057227793,0.0,0.0,-0.63768154
50454411,0.007917164,0.0060551,0.00065360666,0.0,0.0,-0.63776445
50478462,0.00336115,0.009938085,0.00047090428,0.0,0.0,-0.6376506
50499407,9.035485e-05,0.013394791,0.00031982065,0.0,0.0,-0.63767135
50518456,-0.00014641137,0.016418835,0.00036451666,0.0,0.0,-0.6375731
50538435,0.0019976648,0.018613854,0.0006096524,0.0,0.0,-0.63752097
50562494,0.0011281524,0.01755328,0.0007201811,0.0,0.0,-0.6379254
50582479,-0.0011730496,0.013048095,0.0010053533,0.0,0.0,-0.6379254
50602494,-0.003436636,0.010130872,0.00088978576,0.0,0.0,-0.63814676
50623458,-0.0076375483,0.00806489,0.0008674427,0.0,0.0,-0.63850987
50646492,-0.010833382,0.0065886294,0.0011903715,0.0,0.0,-0.63871235
50666413,-0.010805022,0.0044547683,0.001236242,0.0,0.0,-0.638946
50686408,-0.008871747,0.004152502,0.0011859366,0.0,0.0,-0.6388816
50706415,-0.011745014,0.0016338472,0.001098064,0.0,0.0,-0.6386117
50730414,-0.012896732,3.0471194e-05,0.0013718097,0.0,0.0,-0.63849676
50751411,-0.009519704,-0.0011918215,0.0012584254,0.0,0.0,-0.63849676
50772469,-0.0071222843,-0.003133477,0.001212093,0.0,0.0,-0.6381498
50792476,-0.0055297967,-0.003183222,0.0014098907,0.0,0.0,-0.6375489
50812422,-0.00028384218,-0.0019283604,0.0014366779,0.0,0.0,-0.63748294
50833540,0.0026124096,0.00060130365,0.0014195294,0.0,0.0,-0.6375697
50856410,0.005593481,0.0036052703,0.0013948145,0.0,0.0,-0.6377582
50875426,0.0035347322,0.0076657934,0.0012238504,0.0,0.0,-0.6382262
50896425,0.0014366321,0.00821754,0.0011302055,0.0,0.0,-0.6382262
50916403,-0.0011264216,0.006726638,0.000990232,0.0,0.0,-0.6382153
50936408,0.0020245672,0.0065576728,0.0010462292,0.0,0.0,-0.637757
50961440,0.0030190868,0.009843747,0.0012376329,0.0,0.0,-0.6375273
50980479,0.0038395044,0.010564605,0.0016162305,0.0,0.0,-0.6372761
51002436,0.0033365616,0.0062525575,0.0017230833,0.0,0.0,-0.6372659
51022415,0.0003853246,0.00075304304,0.0018567756,0.0,0.0,-0.63784856
51042431,-0.003898317,-0.0031002806,0.0017583525,0.0,0.0,-0.63784856
51066409,-0.008071396,-0.0017245099,0.0019176949,0.0,0.0,-0.63799053
51086409,-0.0111300405,1.6765605e-05,0.0020594522,0.0,0.0,-0.63831264
51107413,-0.012887924,0.0002340923,0.0020610848,0.0,0.0,-0.6385194
51126424,-0.014911115,-0.0022367425,0.0018579031,0.0,0.0,-0.6385087
51147407,-0.012569909,0.0008692464,0.00197738,0.0,0.0,-0.63857263
51167412,-0.014633979,-0.0010439162,0.0019438651,0.0,0.0,-0.6385786
51191465,-0.016733067,0.0035048705,0.0018680985,0.0,0.0,-0.6386921
51211406,-0.018079566,0.0045843977,0.0021546371,0.0,0.0,-0.63840526
51233448,-0.015553925,0.004885851,0.0024112475,0.0,0.0,-0.63840526
51252486,-0.013966902,0.0064246533,0.0023054688,0.0,0.0,-0.63819766
51276412,-0.015165151,0.007970663,0.0022972396,0.0,0.0,-0.63795793
51297533,-0.016518012,0.0091108885,0.002443519,0.0,0.0,-0.63786966
51316403,-0.014953006,0.012181231,0.0023250866,0.0,0.0,-0.63833266
51336449,-0.012794507,0.012567952,0.002464539,0.0,0.0,-0.63835573
51360409,-0.008959585,0.010905761,0.002589541,0.0,0.0,-0.63857555
51380408,-0.008400009,0.008749927,0.0025058142,0.0,0.0,-0.63857555
51401426,-0.009146931,0.008044075,0.00215305,0.0,0.0,-0.6383807
51422415,-0.009329537,0.008294176,0.0017334148,0.0,0.0,-0.6385533
51442411,-0.0034550335,0.008599759,0.0015443282,0.0,0.0,-0.63861406
51462488,-0.0012597353,0.00594237,0.0013013785,0.0,0.0,-0.6389117
51486472,-0.00026623026,0.0017777026,0.0010705551,0.0,0.0,-0.6387214
51506487,0.0042721154,0.0062471093,0.0012374674,0.0,0.0,-0.6385489
51527412,0.0055163726,0.006783363,0.0011875323,0.0,0.0,-0.6385821
51549418,0.0017011709,0.0053570573,0.00092274457,0.0,0.0,-0.6382041
51570406,0.002669915,0.0041035768,0.001323734,0.0,0.0,-0.6382041
51590413,0.00090837566,0.004872071,0.0011068247,0.0,0.0,-0.6381747
51610412,0.0009305654,0.006833685,0.0007513785,0.0,0.0,-0.6386446
51631410,-3.1165644e-06,0.009643091,0.00063432095,0.0,0.0,-0.6380904
51654407,-0.0023481103,0.012140038,0.0004956491,0.0,0.0,-0.63816094
51675403,-0.0021570977,0.013068954,0.000112160815,0.0,0.0,-0.63788795
51695410,-0.00443244,0.012080105,0.0001879728,0.0,0.0,-0.637578
51714440,-0.0040653585,0.009918637,1.0280347e-06,0.0,0.0,-0.637578
51738452,0.0014053982,0.007020774,3.0844592e-05,0.0,0.0,-0.63748187
51758430,0.0033874582,0.011278491,-0.00010108926,0.0,0.0,-0.63744915
51779413,0.0041078194,0.01078556,-0.00023391363,0.0,0.0,-0.6376788
51801418,0.007259001,0.009133983,-0.00012290044,0.0,0.0,-0.63743836
51822732,0.0048158267,0.00066710514,-0.00011614189,0.0,0.0,-0.63794523
51840412,0.005856164,0.0011284023,-0.00014482258,0.0,0.0,-0.6379134
51861402,0.0030049603,0.0019419926,-0.00042298547,0.0,0.0,-0.6379134
51882413,0.00016738247,0.0021525172,-0.0004514902,0.0,0.0,-0.63807225
51901234,-0.0026313767,0.006145568,-0.00056890416,0.0,0.0,-0.638598
51926417,-0.003316058,0.0066379528,-0.00047520222,0.0,0.0,-0.6386988
51946504,-0.001806528,0.0035130444,-0.00032003102,0.0,0.0,-0.6391939
51968562,-0.0010858289,0.0002583692,-0.00022242889,0.0,0.0,-0.6393134
51987465,-0.0017634445,-0.0023370143,-0.00013697351,0.0,0.0,-0.63930506
52007408,-0.0059772264,-0.0022628463,-0.00039418196,0.0,0.0,-0.6391427
52032419,-0.0056357076,-0.0048095626,-0.00050553324,0.0,0.0,-0.6387156
52052468,-0.0046932227,-0.004251963,-0.00052695605,0.0,0.0,-0.6387156
52073456,-0.0059851697,-0.003945523,-0.0006285407,0.0,0.0,-0.63849866
52093431,-0.0063506477,-0.0035117948,-0.0005568949,0.0,0.0,-0.63836753
52114410,-0.0075624995,-0.0053747776,-0.0005107798,0.0,0.0,-0.63812596
52134409,-0.006358219,-0.004190495,-0.00032572978,0.0,0.0,-0.6382157
52158435,-0.009741731,-0.004415756,-0.00023440714,0.0,0.0,-0.63832337
52179414,-0.011464756,-0.003123604,9.508442e-05,0.0,0.0,-0.6381833
52199487,-0.011930075,-0.001420049,0.00014065081,0.0,0.0,-0.6381833
52220410,-0.011670812,-0.00085096044,7.684541e-05,0.0,0.0,-0.6382098
52242417,-0.007959364,-0.00070033036,-2.5926978e-05,0.0,0.0,-0.6382321
52263439,-0.0041946652,-0.001631371,0.00022843046,0.0,0.0,-0.6267617
52282450,-0.0019199481,-0.0014098567,0.00020595873,0.0,0.0,-0.6125912
52303438,0.00018977882,-0.0010502662,5.150584e-05,0.0,0.0,-0.5990456
52323450,0.0022430185,-0.0020911752,-0.00040526385,0.0,0.0,-0.587528
52343433,0.0054068775,-0.0020343298,-0.00018012874,0.0,0.0,-0.587528
52367408,0.008475898,0.00040918938,-0.00010785731,0.0,0.0,-0.5792687
52388435,0.011374203,0.00032357068,-0.00017074551,0.0,0.0,-0.5722133
52408544,0.010751381,-0.0014413779,8.400515e-05,0.0,0.0,-0.5674467
52428436,0.010140008,-0.0020913181,0.00040600862,0.0,0.0,-0.5641948
52449403,0.010222001,-0.0017356082,0.00014147285,0.0,0.0,-0.56244975
52473538,0.010581765,0.0064477306,9.840532e-05,0.0,0.0,-0.5610725
52493437,0.01263432,0.006407176,0.0001438288,0.0,0.0,-0.5608805
52515406,0.010309543,0.0068376223,0.00031197016,0.0,0.0,-0.5608805
52534412,0.012969201,0.0030980934,0.0005276147,0.0,0.0,-0.5616248
52557407,0.011056396,0.0031016471,0.0006336654,0.0,0.0,-0.5629098
52578465,0.006616094,0.0029302936,0.00042621634,0.0,0.0,-0.56406856
52598432,0.005620844,0.0062331697,0.0006492354,0.0,0.0,-0.56565
52618470,0.0023644024,0.005970645,0.0006375856,0.0,0.0,-0.56754315
52638431,0.00072800386,0.006705909,0.0008802859,0.0,0.0,-0.56967604
52662462,0.0036174636,0.008598397,0.0012284761,0.0,0.0,-0.5717943
52681384,0.004560304,0.0076178676,0.0014002004,0.0,0.0,-0.5736908
52704410,0.0033904149,0.006098849,0.0013044294,0.0,0.0,-0.5736908
52723076,0.0008237355,0.0010868199,0.0010947614,0.0,0.0,-0.5767025
52744413,0.0023512095,-0.00077259215,0.00084995496,0.0,0.0,-0.5788928
52765409,0.002184152,0.00056584505,0.00065030286,0.0,0.0,-0.5806522
52786928,0.0026880715,-0.00041156454,0.0008193572,0.0,0.0,-0.5823509
52808531,8.311053e-05,-0.0032910802,0.0010213904,0.0,0.0,-0.584303
52828449,-0.0016007569,-0.003732141,0.0009833033,0.0,0.0,-0.5861669
52848534,-0.0018796189,-0.0029685763,0.0013641411,0.0,0.0,-0.5861669
52872407,-0.0044024307,-0.007779332,0.0012459005,0.0,0.0,-0.5876179
52892403,-0.00612542,-0.01020585,0.0013631753,0.0,0.0,-0.58858943
52914415,-0.0052095954,-0.013920482,0.0013868781,0.0,0.0,-0.5899618
52932402,-0.0053547667,-0.018190136,0.0011233584,0.0,0.0,-0.59098935
52956437,-0.005167513,-0.023069413,0.0011532332,0.0,0.0,-0.592186
52977406,-0.009811835,-0.02577621,0.0009648091,0.0,0.0,-0.59348154
52996423,-0.008751283,-0.021151045,0.0010275827,0.0,0.0,-0.5944448
53016420,-0.009680131,-0.017413065,0.00081121887,0.0,0.0,-0.59563136
53040415,-0.011061914,-0.007429739,0.0007834442,0.0,0.0,-0.5961315
53060466,-0.008237638,-0.0019873364,0.000935036,0.0,0.0,-0.5961315
53080414,-0.003588738,0.0063208467,0.0007467814,0.0,0.0,-0.59715897
53100468,0.0032614255,0.012456718,0.0006220399,0.0,0.0,-0.5983153
53124615,0.004182364,0.011213647,0.00051905494,0.0,0.0,-0.5993358
53142411,0.0006841605,0.007977105,0.0006793612,0.0,0.0,-0.6006244
53165574,-0.005287414,0.004775314,0.00073927216,0.0,0.0,-0.60216826
53185098,-0.0077816434,0.007079783,0.0008726796,0.0,0.0,-0.60272795
53206413,-0.0058750315,0.008258185,0.0009297017,0.0,0.0,-0.6038389
53228444,-0.0017646259,0.009909241,0.0009098308,0.0,0.0,-0.6038389
53249470,0.0005960489,0.011575574,0.0008888024,0.0,0.0,-0.6047106
53268573,0.0020297575,0.012459144,0.00086289423,0.0,0.0,-0.605204
53291215,0.00273928,0.0083210105,0.00088959164,0.0,0.0,-0.6053804
53312524,-0.00078187813,0.0058411844,0.00088400673,0.0,0.0,-0.6055742
53333495,-0.00042856825,0.0009804697,0.0008528256,0.0,0.0,-0.60563654
53355433,0.0010446172,0.0018476368,0.0006418003,0.0,0.0,-0.60535383
53374408,0.0012067903,0.0024459145,0.00057465764,0.0,0.0,-0.60535383
53397956,0.0017712897,-0.0018046491,0.00011897241,0.0,0.0,-0.6053727
53414735,0.001015854,-0.006940096,0.00033769914,0.0,0.0,-0.60576874
53436408,-5.667955e-05,-0.011818736,0.0006565534,0.0,0.0,-0.6057151
53456415,-0.001226266,-0.016400578,0.00064198783,0.0,0.0,-0.60620934
53481421,0.0017792461,-0.011153582,0.00082637055,0.0,0.0,-0.6064201
53500407,0.00032177218,-0.007226706,0.0008610447,0.0,0.0,-0.6064201
53522805,-0.0036569298,-0.0018180353,0.00072563865,0.0,0.0,-0.60735273
53544457,-5.4525353e-05,0.0011312864,0.0008596104,0.0,0.0,-0.6076671
53564438,0.0037685996,0.0008527042,0.0009521117,0.0,0.0,-0.60836804
53584409,0.00070824375,0.0005446339,0.0009788981,0.0,0.0,-0.60864854
53604414,0.0010635494,-0.0020675338,0.00083017995,0.0,0.0,-0.60899734
53623326,0.0001196567,-0.0041988897,0.0009523646,0.0,0.0,-0.6094441
53648436,0.0021093767,-0.0028442785,0.00077572186,0.0,0.0,-0.6095815
53668461,0.000827605,-0.002920189,0.0008627196,0.0,0.0,-0.6095815
53686864,-0.00030721337,0.00033031628,0.0006248466,0.0,0.0,-0.6093505
53712413,-0.00011930788,-0.00060307304,0.0004945291,0.0,0.0,-0.6097454
53732427,-0.0025216679,0.0006578828,0.0004064041,0.0,0.0,-0.609389
53754412,-0.007259058,0.0024363487,0.00036771153,0.0,0.0,-0.6100069
53773441,-0.010004712,-4.9691203e-05,0.00041267276,0.0,0.0,-0.61050564
53794413,-0.01432482,-0.008774987,0.00023972768,0.0,0.0,-0.611024
53814413,-0.01520461,-0.01392367,8.777156e-05,0.0,0.0,-0.6120081
53834409,-0.017680082,-0.017867649,7.0649054e-05,0.0,0.0,-0.6124023
53855588,-0.013659842,-0.016117318,-5.7223506e-06,0.0,0.0,-0.6124023
53880437,-0.008697962,-0.009256281,-2.6475254e-05,0.0,0.0,-0.6128503
53901416,-0.009387728,-0.009943196,-0.00014414397,0.0,0.0,-0.61357725
53920410,-0.0072353496,-0.008126257,0.0001758234,0.0,0.0,-0.6141396
53940488,-0.008617572,-0.009196121,-4.143557e-05,0.0,0.0,-0.61463225
53960414,-0.0058237077,-0.0063594356,-6.8032864e-06,0.0,0.0,-0.61469465
53984530,0.005501698,-0.010729968,2.0299745e-05,0.0,0.0,-0.6150275
54006489,0.011787329,-0.009566667,-0.00031982578,0.0,0.0,-0.6154852
54026364,0.015544796,-0.0062960666,-0.00015921827,0.0,0.0,-0.615704
54046403,0.015992098,-0.004991956,-6.0861243e-05,0.0,0.0,-0.615704
54067415,0.019893458,-0.0024122298,-0.00022053033,0.0,0.0,-0.61589706
54090410,0.018340835,0.0061781565,-0.00037261157,0.0,0.0,-0.61593443
54107417,0.0157915,0.013200405,-0.0005022129,0.0,0.0,-0.6157155
54131476,0.012947818,0.013575637,-0.0007780527,0.0,0.0,-0.6159769
54151406,0.011337673,0.011026395,-0.0005094088,0.0,0.0,-0.6162386
54172423,0.004791127,0.011329659,-0.00013401872,0.0,0.0,-0.6164662
54192410,0.0008203855,0.009501763,-4.7447087e-05,0.0,0.0,-0.6164662
54216408,-0.0042712656,0.0084051695,-0.00026777992,0.0,0.0,-0.61666626
54237525,-0.011952579,0.0075242794,-0.00013392554,0.0,0.0,-0.6166047
54256411,-0.015952464,0.0036097015,-7.4290394e-05,0.0,0.0,-0.6169139
54277415,-0.015064746,0.00089922483,-8.202014e-05,0.0,0.0,-0.61717
54297412,-0.015738886,-0.000107389744,-7.082704e-05,0.0,0.0,-0.6174982
54318453,-0.012184753,-0.0005447971,6.134891e-05,0.0,0.0,-0.61767036
54338448,-0.010088664,-0.00036328332,7.793367e-05,0.0,0.0,-0.61767036
54363532,-0.012154661,-0.0017486371,-0.0002896499,0.0,0.0,-0.6183723
54382405,-0.010355448,-0.0032338449,-0.00011931584,0.0,0.0,-0.6183723
54402498,-0.0073978207,-0.0026609597,-0.00026702456,0.0,0.0,-0.6187266
54426411,-0.0068995347,-0.00300657,-0.00038023965,0.0,0.0,-0.6186265
54447410,-0.0032676843,-0.0033559753,-0.0003654135,0.0,0.0,-0.61890715
54467409,0.0010974073,-0.0036355432,-0.00022968867,0.0,0.0,-0.618657
54486823,0.0046849004,-0.001466682,3.225904e-05,0.0,0.0,-0.6187588
54507302,0.0038521048,-0.0009439012,0.00027730636,0.0,0.0,-0.619311
54520408,0.0034716015,0.00028143343,0.00029895065,0.0,0.0,-0.619311
54552444,3.0232277e-05,0.0037125323,0.00070627034,0.0,0.0,-0.61973107
54571423,0.0041727955,0.006253084,0.0007942817,0.0,0.0,-0.62042433
54587416,0.004912178,0.006227715,0.0007504736,0.0,0.0,-0.62042433
54613457,0.00077580166,0.0051584765,0.0011857671,0.0,0.0,-0.6206057
54636413,0.003141676,0.009383141,0.0010847745,0.0,0.0,-0.6206279
54649414,0.001697061,0.008356711,0.0010267494,0.0,0.0,-0.6202649
54666432,-0.006025731,0.010687585,0.0010641633,0.0,0.0,-0.6200193
54697481,-0.01438451,0.007818045,0.0007645005,0.0,0.0,-0.6209304
54714410,-0.01404316,0.0074423742,0.0010655404,0.0,0.0,-0.6209304
54737404,-0.011588713,0.0032260166,0.0009960723,0.0,0.0,-0.6210411
54761409,-0.009014313,0.0051555242,0.0010942587,0.0,0.0,-0.6213231
54782411,-0.0072398647,0.012826194,0.0011524104,0.0,0.0,-0.62120503
54803452,-0.0028692167,0.015354687,0.0010561356,0.0,0.0,-0.62104785
54822406,-8.993589e-05,0.017374191,0.00086527376,0.0,0.0,-0.6207212
54845231,0.003989039,0.015738716,0.0007969318,0.0,0.0,-0.6203452
54866410,0.0058755334,0.015698941,0.0006238745,0.0,0.0,-0.6200525
54886405,0.007420044,0.0130264945,0.00041696828,0.0,0.0,-0.62036055
54906410,0.010406433,0.011861859,0.0005112073,0.0,0.0,-0.62036055
54930415,0.013922065,0.011594072,0.0006611958,0.0,0.0,-0.6203716
54950410,0.01753969,0.012440253,0.0006000187,0.0,0.0,-0.62061685
54972410,0.01566906,0.010291973,0.00057343405,0.0,0.0,-0.6212076
54990403,0.011677745,0.014482232,0.00036358915,0.0,0.0,-0.62148225
55014410,0.009593676,0.01337743,0.00042679894,0.0,0.0,-0.62177575
55034434,0.0049736015,0.014330277,0.0005317114,0.0,0.0,-0.6219499
55054409,0.0059874165,0.01404488,0.00047389357,0.0,0.0,-0.6218962
55074488,0.005586409,0.014150658,0.0004967069,0.0,0.0,-0.6218962
55098486,0.004406595,0.013346694,0.00081086095,0.0,0.0,-0.62228066
55118561,0.003623178,0.008783854,0.00083916204,0.0,0.0,-0.62240446
55140491,-0.00081258686,0.0032046707,0.0007578422,0.0,0.0,-0.6227778
55159407,-0.00034484043,-0.0010570714,0.00063983235,0.0,0.0,-0.6231154
55180403,-0.0056367377,-0.007535033,0.00054596504,0.0,0.0,-0.62372625
56159411,0.013577465,0.0090066055,0.00047552018,0.0,0.0,-0.62426907
56180417,0.00980157,0.006146242,0.00047454025,0.0,0.0,-0.6243907
56201414,0.0077927853,0.0014761983,0.00055534334,0.0,0.0,-0.6239355
56222496,0.011290032,0.00018933164,0.0002471137,0.0,0.0,-0.6237769
56242412,0.009473393,-0.001715145,4.7844114e-06,0.0,0.0,-0.6237769
56264405,0.007211531,-0.0012384125,3.511875e-05,0.0,0.0,-0.6237285
56283440,0.010563796,-0.003356252,-7.0307186e-05,0.0,0.0,-0.6237068
56306587,0.010557286,-0.0064963177,-0.00022708347,0.0,0.0,-0.6237746
56327411,0.0062570707,-0.006589545,-0.00044213003,0.0,0.0,-0.6238011
56351405,-0.0026430723,-0.008373123,-0.0005111439,0.0,0.0,-0.6241737
56370406,-0.00522248,-0.011824242,-0.00069018605,0.0,0.0,-0.62464404
56390411,-0.0040921383,-0.01513536,-0.0008699619,0.0,0.0,-0.6252033
56411406,-0.0033142145,-0.0126625085,-0.00068663066,0.0,0.0,-0.6252033
56434412,-0.0004425568,-0.009653257,-0.0006399992,0.0,0.0,-0.6252291
56454410,-0.0005269955,-0.00534047,-0.0006077455,0.0,0.0,-0.62569773
56476472,-4.5241894e-05,-0.0053490535,-0.0005585897,0.0,0.0,-0.6258499
56496403,0.0016077699,-0.0062110857,-0.00079865643,0.0,0.0,-0.62587
56516412,0.0012520021,-0.004552365,-0.0009324655,0.0,0.0,-0.6258832
56538511,0.003619771,-0.004096621,-0.0012043931,0.0,0.0,-0.6260157
56560403,0.0051675206,-0.010068271,-0.0015792112,0.0,0.0,-0.6261616
56580410,0.0044249827,-0.01474315,-0.0016759697,0.0,0.0,-0.62665474
56601462,0.0050428766,-0.016831683,-0.0017122212,0.0,0.0,-0.62665474
56624408,0.001175724,-0.01921093,-0.001898601,0.0,0.0,-0.6262717
56645457,-0.0021674433,-0.019480353,-0.0018954487,0.0,0.0,-0.62665164
56665410,-0.0056297826,-0.019039134,-0.0018296527,0.0,0.0,-0.6264845
56683127,-0.0058430773,-0.014239897,-0.0019795583,0.0,0.0,-0.62687707
56708430,-0.002151581,-0.009995409,-0.0020009049,0.0,0.0,-0.6267364
56729406,-0.0013812146,-0.008753551,-0.0022160579,0.0,0.0,-0.62686473
56749409,0.0027606252,-0.012558404,-0.0021269172,0.0,0.0,-0.6270905
56769490,0.005674428,-0.014822798,-0.0021626246,0.0,0.0,-0.6274126
56788433,0.005062049,-0.014784324,-0.0022121347,0.0,0.0,-0.62779105
56813531,0.008814447,-0.013633615,-0.0019020325,0.0,0.0,-0.627841
56833452,0.009643435,-0.016928922,-0.0016082384,0.0,0.0,-0.62792754
56853431,0.010827039,-0.016096352,-0.0015482418,0.0,0.0,-0.62792754
56874407,0.01016316,-0.017326131,-0.0012868645,0.0,0.0,-0.6282383
56896403,0.010265928,-0.02115944,-0.001253554,0.0,0.0,-0.62799555
56916415,0.010015587,-0.02175359,-0.0013484356,0.0,0.0,-0.62787133
56936409,0.00814052,-0.020562556,-0.0014467614,0.0,0.0,-0.6279563
56956490,0.0063440707,-0.019052355,-0.001268797,0.0,0.0,-0.62829834
56978543,0.0012264047,-0.019762222,-0.0013153993,0.0,0.0,-0.62811047
57001425,-0.0005453822,-0.015937885,-0.0013014657,0.0,0.0,-0.628146
57022492,-0.004270203,-0.015315161,-0.0011813067,0.0,0.0,-0.62822247
57043435,-0.0024748947,-0.010607984,-0.0011131273,0.0,0.0,-0.62822247
57064473,-0.000679669,-0.010290063,-0.0011117968,0.0,0.0,-0.6280263
57083436,0.00068680337,-0.015333638,-0.0011231357,0.0,0.0,-0.6283404
57103451,-0.0014595387,-0.0163929,-0.0010925804,0.0,0.0,-0.62811464
57127402,-0.0028309675,-0.015084841,-0.0013193138,0.0,0.0,-0.627804
57149406,-0.0072788955,-0.010652372,-0.0013691039,0.0,0.0,-0.6278366
57166110,-0.006114384,-0.010727055,-0.0013130708,0.0,0.0,-0.6275301
57189406,-0.008916265,-0.0077152047,-0.0015735168,0.0,0.0,-0.6275301
57211500,-0.010461772,-0.007636007,-0.0015497301,0.0,0.0,-0.6271195
57231417,-0.004484346,-0.0104229115,-0.0015768805,0.0,0.0,-0.62719595
57252411,-0.0020861167,-0.011292171,-0.0012604449,0.0,0.0,-0.62743944
57272418,-0.0010447532,-0.016293082,-0.0012105338,0.0,0.0,-0.627558
57296406,-0.0026118048,-0.012713236,-0.00105416,0.0,0.0,-0.6279815
57317413,-0.0039891824,-0.012002125,-0.00091476383,0.0,0.0,-0.62801933
57336405,-0.004606477,-0.012144662,-0.00093878363,0.0,0.0,-0.62809086
57356407,-0.0046066483,-0.008872086,-0.0009323058,0.0,0.0,-0.6278833
57377419,-0.0049751797,-0.006590352,-0.0011722284,0.0,0.0,-0.6275251
57398431,-0.0060582506,-0.0059151417,-0.00094329956,0.0,0.0,-0.6275251
57418461,-0.00762431,-0.00484416,-0.0009578279,0.0,0.0,-0.62769365
57442407,-0.004370484,-0.004198834,-0.0004570659,0.0,0.0,-0.627825
57463543,0.00072398194,-0.0038431392,-0.00052573066,0.0,0.0,-0.6281348
57483849,0.008516251,0.0009157707,-0.000434491,0.0,0.0,-0.6288299
57504412,0.006043829,0.0012551867,-0.00044431022,0.0,0.0,-0.62906355
57524546,0.006739772,0.00072974106,-0.00035768564,0.0,0.0,-0.62906355
57546404,0.006507325,4.6642387e-07,-0.00045568994,0.0,0.0,-0.629509
57566409,0.0038958841,-0.004913819,-0.00026211448,0.0,0.0,-0.6297481
57587693,0.0036588006,-0.0007082895,-0.0002358574,0.0,0.0,-0.62967604
57608467,0.0065667005,-3.3835895e-05,-0.00029204017,0.0,0.0,-0.6295002
57628544,0.008322104,-0.001126201,-0.00022394295,0.0,0.0,-0.629594
57653430,0.007312052,0.00043522124,-0.00043929846,0.0,0.0,-0.6293054
57674411,0.0052744937,-0.0013494667,-0.0004916084,0.0,0.0,-0.6294105
57691463,0.0045453217,7.220629e-05,-0.00027998266,0.0,0.0,-0.6294105
57716517,0.005721257,-0.0017857851,-6.268581e-05,0.0,0.0,-0.6300758
57736413,0.006772765,-0.0059620137,-0.00020739478,0.0,0.0,-0.6304726
57758449,0.0034985412,-0.0054444103,-0.00024883932,0.0,0.0,-0.63077426
57776405,0.002940714,-0.007941437,-0.000109190085,0.0,0.0,-0.63077796
57797418,-0.00078201876,-0.0070325555,-0.00011277355,0.0,0.0,-0.6306659
57821408,-0.0027727357,-0.0009973096,-0.00041644328,0.0,0.0,-0.63047785
57841409,-0.002857908,-0.0016625008,-0.0005437317,0.0,0.0,-0.63047785
57862409,-0.006095452,-0.0006453597,-0.0008053744,0.0,0.0,-0.6300233
57882415,-0.0051810117,0.0006562141,-0.00091446267,0.0,0.0,-0.6293509
57902413,-0.007322339,0.0037637753,-0.001099343,0.0,0.0,-0.62891906
57926404,-0.0061692307,0.007517028,-0.0011487553,0.0,0.0,-0.6288444
57946411,-0.0052009635,0.005257824,-0.0011128556,0.0,0.0,-0.6285468
57968452,-0.0020892294,0.0040650144,-0.0009793058,0.0,0.0,-0.6287663
57989443,-0.00087931077,0.0031041792,-0.0010328642,0.0,0.0,-0.6287663
58009408,-0.0017065958,-0.0014642542,-0.0008999333,0.0,0.0,-0.6288962
58029441,-0.0022166949,-0.0019044451,-0.0009930843,0.0,0.0,-0.6288951
58049407,-0.0055600735,0.0022068017,-0.00086738035,0.0,0.0,-0.62831384
58070406,-0.000717221,0.0057514412,-0.0009798047,0.0,0.0,-0.62808937
58094403,0.0015518789,0.0067841425,-0.0008725871,0.0,0.0,-0.62763536
58115410,0.0020050264,0.0063567623,-0.00086639123,0.0,0.0,-0.6278433
58134415,0.0031722342,0.0047558714,-0.00056874764,0.0,0.0,-0.6278433
58155427,0.0025541983,0.004680975,-0.0003542489,0.0,0.0,-0.62797046
58175406,0.0033558053,0.0060340893,-0.000265495,0.0,0.0,-0.6281166
58197410,-0.00089167454,0.008207856,-0.00016905028,0.0,0.0,-0.6282563
58217480,-0.007862918,0.0066377446,-6.797568e-05,0.0,0.0,-0.6279614
58238436,-0.01664551,0.005761536,7.007646e-05,0.0,0.0,-0.6276758
58262411,-0.017211128,0.005577022,0.00028053144,0.0,0.0,-0.6277554
58282420,-0.014234462,0.0022284642,-7.386317e-05,0.0,0.0,-0.6277554
58304407,-0.008848205,0.0013869266,-0.00018017918,0.0,0.0,-0.62757915
58324482,-0.0070855776,0.0024722137,-0.00027627617,0.0,0.0,-0.6279317
58344489,-0.0022170509,0.0013125255,-0.00032700415,0.0,0.0,-0.6274009
58365410,0.00011813549,0.0014073792,-0.00035004877,0.0,0.0,-0.62764114
58388536,0.0033820774,0.0009906164,-0.00047131852,0.0,0.0,-0.6280909
58408292,0.0028801975,0.002376241,-0.0003326082,0.0,0.0,-0.627908
58428475,0.0027237488,0.004376654,-0.00053908257,0.0,0.0,-0.627908
58449406,0.0030647498,0.01183306,-0.00051824754,0.0,0.0,-0.62818885
58468450,0.0023664876,0.00874131,-0.0003666754,0.0,0.0,-0.6284897
58493518,0.0005190593,0.009106357,-0.000424253,0.0,0.0,-0.62852377
58513489,0.0037132513,0.012807796,-0.00033144004,0.0,0.0,-0.6283481
58533441,0.006655904,0.012045122,-0.00042769592,0.0,0.0,-0.6282641
58556402,0.007792639,0.008156981,-0.0004791575,0.0,0.0,-0.6283957
58576408,0.005879849,0.011234478,-0.000546905,0.0,0.0,-0.6285548
58596407,0.0031542962,0.0114238,-0.00041209423,0.0,0.0,-0.62901324
58616412,0.00063670333,0.011408485,-0.0005175774,0.0,0.0,-0.62951183
58640408,-0.0030156344,0.011111145,-0.0004699392,0.0,0.0,-0.6296293
58660408,-0.0029112357,0.0121256085,-0.00051852694,0.0,0.0,-0.62941456
58680410,-0.004394069,0.011942655,-0.00047266248,0.0,0.0,-0.62941456
58701414,-0.0059436895,0.009980954,-0.0005499303,0.0,0.0,-0.6290389
58724404,-0.0047193062,0.009656064,-0.0005496056,0.0,0.0,-0.6288728
58745459,-0.0030680606,0.010967266,-0.0007123382,0.0,0.0,-0.62911594
58765409,-0.003181694,0.007610734,-0.0003933932,0.0,0.0,-0.6288335
58787029,-0.0014275013,0.0053631812,-0.00040965507,0.0,0.0,-0.6286135
58804410,-0.002942761,0.005042934,-0.00054116006,0.0,0.0,-0.6285032
58829412,-0.0028137364,0.0034959165,-0.000671408,0.0,0.0,-0.6285307
58850489,-0.002930405,0.00041389558,-0.00087617064,0.0,0.0,-0.6285307
58870411,-0.0069987057,-0.0013467633,-0.0009884964,0.0,0.0,-0.6286711
58891473,-0.00674272,-0.0029846684,-0.000882923,0.0,0.0,-0.62826914
58910413,-0.006028193,-0.0043473807,-0.00083705893,0.0,0.0,-0.62830037
58934474,-0.0051757493,-0.0030692818,-0.00063227006,0.0,0.0,-0.6278316
58954405,-0.0098688,-0.001940461,-0.00073191314,0.0,0.0,-0.62758255
58974436,-0.0105440635,0.00033716406,-0.0010618042,0.0,0.0,-0.62758255
58996464,-0.0072078845,-1.7764845e-05,-0.001104398,0.0,0.0,-0.627407
59016403,-0.0036759917,0.00059786084,-0.0010524602,0.0,0.0,-0.6277039
59038481,-0.006933512,-0.0034552845,-0.000841831,0.0,0.0,-0.62838876
59060403,-0.006175321,-0.0031985454,-0.0008195656,0.0,0.0,-0.62873346
59080415,-0.0074921213,-0.007969012,-0.00056383235,0.0,0.0,-0.6285212
59100409,-0.007105392,-0.012965519,-0.00053158985,0.0,0.0,-0.6285212
59120415,-0.009815734,-0.017035928,-0.00060465926,0.0,0.0,-0.6280192
59144437,-0.010417928,-0.01474597,-0.0007802232,0.0,0.0,-0.6281064
59164412,-0.0059990487,-0.012454585,-0.000678321,0.0,0.0,-0.62809896
59185417,-0.007956796,-0.012468108,-0.0007514987,0.0,0.0,-0.6278057
59205412,-0.007153866,-0.014411371,-0.0009695487,0.0,0.0,-0.6279536
59226496,-0.011159014,-0.014150382,-0.00093024527,0.0,0.0,-0.6279587
59246489,-0.010259065,-0.012715812,-0.0009684163,0.0,0.0,-0.628182
59268577,-0.005020797,-0.004901665,-0.00053133134,0.0,0.0,-0.62831503
59291473,8.768072e-05,0.0009959259,-0.00051374466,0.0,0.0,-0.6284089
59311425,0.0043202057,0.0022636417,-0.00065933063,0.0,0.0,-0.6284089
59331409,0.0053013386,0.0052748085,-0.00078669656,0.0,0.0,-0.62875
59353432,0.005967036,0.0100831,-0.00083956047,0.0,0.0,-0.62865585
59373444,-0.002060814,0.010179775,-0.0004952419,0.0,0.0,-0.62877905
59396416,-0.006476829,0.009226054,-0.00046639066,0.0,0.0,-0.62871534
59414414,-0.0052452018,0.0097902855,-0.00020030935,0.0,0.0,-0.6285831
59437409,-0.006240321,0.015660288,-4.945406e-05,0.0,0.0,-0.6289289
59459412,-0.0064055687,0.018434413,-5.4487016e-05,0.0,0.0,-0.6289289
59479418,-0.007906169,0.016634483,-7.8930585e-05,0.0,0.0,-0.6285598
59499489,-0.0076975296,0.015335316,-0.00017023527,0.0,0.0,-0.62845266
59519416,-0.007857195,0.012746627,-0.00029845,0.0,0.0,-0.62859607
59543525,-0.002558,0.013196143,-0.00026934364,0.0,0.0,-0.62847817
59564411,-0.0004157695,0.0142992735,1.1505479e-05,0.0,0.0,-0.62884194
59581426,0.00030745953,0.013763554,0.00014798767,0.0,0.0,-0.62884194
59604409,0.0029403826,0.012888079,0.00033234892,0.0,0.0,-0.6285115
59627309,0.002980175,0.0075612585,8.248535e-05,0.0,0.0,-0.6283365
59643700,0.0034488048,0.0054159877,-0.00015876621,0.0,0.0,-0.628237
59669409,-0.00020812539,0.0012738075,-0.00041344794,0.0,0.0,-0.6276786
59687495,0.0022327611,-0.00094673014,-0.00024167195,0.0,0.0,-0.6270579
59709414,0.012151948,-0.0048771193,3.8994724e-05,0.0,0.0,-0.62687635
59732418,0.01464212,-0.005477017,-2.3325812e-05,0.0,0.0,-0.62681735
59753428,0.015089852,-0.00030342053,-4.7031266e-05,0.0,0.0,-0.6266977
59773469,0.013597105,0.0042235227,-0.00010635247,0.0,0.0,-0.62693053
59793439,0.01467934,0.0036471952,-7.948936e-05,0.0,0.0,-0.62693053
59813465,0.016616166,0.0002916293,-0.000106885745,0.0,0.0,-0.62702006
59837482,0.015134882,0.0018753074,-3.429811e-05,0.0,0.0,-0.6273096
59858432,0.013750406,-0.0007862099,-2.0232359e-05,0.0,0.0,-0.62784356
59878449,0.013437663,-0.0009616866,8.8817564e-05,0.0,0.0,-0.6281721
59900406,0.009282696,-0.0020337203,0.00014081433,0.0,0.0,-0.6279994
59920412,0.005581673,-0.0015110227,2.6007297e-05,0.0,0.0,-0.62835276
59939489,0.00040150058,0.0016476101,-3.969508e-05,0.0,0.0,-0.62835276
59963473,-0.0039849267,0.006251433,-0.0001273481,0.0,0.0,-0.6286884
59984423,-0.005382369,0.0054146554,-5.7942576e-05,0.0,0.0,-0.62865555
60004414,-0.007251757,0.010642061,0.00018234477,0.0,0.0,-0.628496
60023445,-0.008385446,0.011057033,3.316093e-05,0.0,0.0,-0.62835073
60045412,-0.0082156565,0.014981446,-1.81224e-05,0.0,0.0,-0.62872297
60064414,-0.011403196,0.016805563,-0.00023103166,0.0,0.0,-0.62868965
60086412,-0.011337911,0.017958272,-0.00039464823,0.0,0.0,-0.6284361
60110415,-0.010835476,0.012434998,-0.00043689838,0.0,0.0,-0.6278728
60130420,-0.008355,0.008504507,-0.00046189,0.0,0.0,-0.6278728
60151415,-0.009313057,0.004093537,-0.0003720394,0.0,0.0,-0.6278655
60170492,-0.008400386,-0.0014777365,-0.00018985677,0.0,0.0,-0.6276457
60191413,-0.0061224643,-0.0073243533,5.78805e-05,0.0,0.0,-0.6278029
60214489,-0.0045370143,-0.010032793,-5.7246452e-05,0.0,0.0,-0.6273312
60234410,-0.00873933,-0.01314927,-0.00026915947,0.0,0.0,-0.6273122
60256407,-0.0074441275,-0.018323652,-0.00038915573,0.0,0.0,-0.62756985
60275406,-0.0037143126,-0.021133311,-0.00039683157,0.0,0.0,-0.62773
60296408,0.020388726,-0.041901484,0.00039325745,0.0,0.0,-0.62773
60320406,0.107615806,-0.12671763,0.0031217728,0.0,0.0,-0.63455015
60340411,0.22135468,-0.23844267,0.008078235,0.0,0.0,-0.6475566
60360410,0.3519725,-0.36972323,0.015213802,0.0,0.0,-0.665993
60381408,0.4912921,-0.5128215,0.024416476,0.0,0.0,-0.68797517
60400467,0.6430111,-0.678568,0.037594892,0.0,0.0,-0.7049865
60425413,0.806419,-0.85048485,0.0549544,0.0,0.0,-0.7295547
60445488,0.91829854,-0.96313006,0.069809325,0.0,0.0,-0.75932676
60467605,1.0423568,-1.0913727,0.09167084,0.0,0.0,-0.7904811
60488905,1.1263802,-1.1696529,0.111656494,0.0,0.0,-0.7904811
60513483,1.2066251,-1.236373,0.13541271,0.0,0.0,-0.8355671
60532413,1.2465894,-1.2672913,0.15264517,0.0,0.0,-0.8786032
60554408,1.290118,-1.2929944,0.17740437,0.0,0.0,-0.9312255
60574410,1.305373,-1.2855067,0.19886068,0.0,0.0,-0.9736126
60595412,1.1737397,-1.1350489,0.221442,0.0,0.0,-1.0
60616412,1.1589212,-1.1004689,0.24365981,0.0,0.0,-1.0
60636412,1.131314,-1.0517424,0.26849446,0.0,0.0,-1.0
60658500,1.0998052,-1.0043242,0.29233512,0.0,0.0,-1.0
60680405,1.0639768,-0.95508265,0.3179685,0.0,0.0,-1.0
60697687,1.0352719,-0.91873336,0.33734837,0.0,0.0,-1.0
60711585,1.0283259,-0.9103485,0.34215325,0.0,0.0,-1.0
60743446,0.980698,-0.85380197,0.37590703,0.0,0.0,-1.0
60757092,0.9539664,-0.82338464,0.39528248,0.0,0.0,-1.0
60772897,0.9327811,-0.80249006,0.41130176,0.0,0.0,-1.0
60802141,0.88659865,-0.75737476,0.44674933,0.0,0.0,-1.0
60818468,0.86526525,-0.737512,0.4645717,0.0,0.0,-1.0
60847973,0.8262432,-0.70174164,0.4999042,0.0,0.0,-1.0
60863543,0.8063529,-0.68348354,0.5182031,0.0,0.0,-1.0
60878074,0.7861167,-0.6673846,0.5362495,0.0,0.0,-1.0
60910446,0.748482,-0.63804936,0.57274264,0.0,0.0,-1.0
60923826,0.73149806,-0.62462234,0.58995765,0.0,0.0,-1.0
60939442,0.7180539,-0.61561495,0.60582185,0.0,0.0,-1.0
60970034,0.68731695,-0.59538984,0.64253455,0.0,0.0,-1.0
60985958,0.67373025,-0.58592474,0.6597091,0.0,0.0,-1.0
61015822,0.64681745,-0.5641,0.6967851,0.0,0.0,-1.0
61030765,0.6360603,-0.555057,0.712051,0.0,0.0,-1.0
61045975,0.6247039,-0.5437739,0.7292275,0.0,0.0,-1.0
61077407,0.6026256,-0.5222219,0.76365185,0.0,0.0,-1.0
61091597,0.5906478,-0.51019675,0.7829374,0.0,0.0,-1.0
61122443,0.57134265,-0.49165195,0.81668234,0.0,0.0,-1.0
61137939,0.55885696,-0.4831335,0.8346176,0.0,0.0,-1.0
61153122,0.54681796,-0.4750116,0.8519488,0.0,0.0,-1.0
61183250,0.5255909,-0.4588238,0.88681823,0.0,0.0,-1.0
61200415,0.5160019,-0.44932464,0.90385383,0.0,0.0,-1.0
61213781,0.5042357,-0.4387601,0.9235299,0.0,0.0,-1.0
61246243,0.4849223,-0.42193177,0.95593596,0.0,0.0,-1.0
61259089,0.47439322,-0.41204703,0.9759602,0.0,0.0,-1.0
61290403,0.45613745,-0.39750862,1.0084444,0.0,0.0,-1.0
61307415,0.44631353,-0.38809684,1.0260001,0.0,0.0,-1.0
61321721,0.43516606,-0.3787424,1.0448397,0.0,0.0,-1.0
61352349,0.41824192,-0.36126727,1.0782189,0.0,0.0,-1.0
61368546,0.41073614,-0.35421324,1.0955666,0.0,0.0,-1.0
61383711,0.40160793,-0.34772214,1.1140307,0.0,0.0,-1.0
61412859,0.38821745,-0.33493373,1.1462885,0.0,0.0,-1.0
61427669,0.38109767,-0.32859233,1.1633074,0.0,0.0,-1.0
61458401,0.36627543,-0.3142835,1.1977568,0.0,0.0,-1.0
61474375,0.35862008,-0.30704686,1.2141014,0.0,0.0,-1.0
61488509,0.35141766,-0.3006341,1.231783,0.0,0.0,-1.0
61519521,0.33820647,-0.28946167,1.2650673,0.0,0.0,-1.0
61534377,0.3313816,-0.28371507,1.2819173,0.0,0.0,-1.0
61565557,0.31755784,-0.2712446,1.3166586,0.0,0.0,-1.0
61581422,0.31108195,-0.26524207,1.333427,0.0,0.0,-1.0
61596485,0.30457187,-0.26050973,1.3511497,0.0,0.0,-1.0
61626126,0.2907935,-0.25129068,1.3853184,0.0,0.0,-1.0
61642386,0.28518468,-0.2465645,1.400797,0.0,0.0,-1.0
61658701,0.27938032,-0.24109207,1.4186757,0.0,0.0,-1.0
61689415,0.26690733,-0.23078123,1.4516298,0.0,0.0,-1.0
61703793,0.26021457,-0.2254289,1.4705197,0.0,0.0,-1.0
61733660,0.2524309,-0.21781534,1.5016056,0.0,0.0,-1.0
61748870,0.2474288,-0.21383819,1.5187392,0.0,0.0,-1.0
61765985,0.24265707,-0.20963773,1.535478,0.0,0.0,-1.0
61794486,0.2324375,-0.2028794,1.5695473,0.0,0.0,-1.0
61810098,0.2271008,-0.19962862,1.5857728,0.0,0.0,-1.0
61839732,0.21823817,-0.19228794,1.619451,0.0,0.0,-1.0
61854884,0.21381482,-0.18735695,1.635182,0.0,0.0,-1.0
61870017,0.21077098,-0.18378346,1.6518042,0.0,0.0,-1.0
61886010,0.20829083,-0.17903195,1.6682734,0.0,0.0,-1.0
61916497,0.19934173,-0.17153418,1.7051326,0.0,0.0,-1.0
61931432,0.19643764,-0.16779566,1.7193702,0.0,0.0,-1.0
61962365,0.18884286,-0.16012073,1.7545545,0.0,0.0,-1.0
61978861,0.18567975,-0.15794738,1.7698567,0.0,0.0,-1.0
61992803,0.18197791,-0.15390456,1.7880902,0.0,0.0,-1.0
62026417,0.17623554,-0.14701506,1.8207536,0.0,0.0,-1.0
62040410,0.17233858,-0.14440225,1.839799,0.0,0.0,-1.0
62069255,0.1632857,-0.1401971,1.8694967,0.0,0.0,-1.0
62086686,0.15884075,-0.13690984,1.8857123,0.0,0.0,-1.0
62099456,0.15413477,-0.13406552,1.9046723,0.0,0.0,-1.0
62130032,0.14865957,-0.12804183,1.9368474,0.0,0.0,-1.0
62147414,0.14588119,-0.1249941,1.951369,0.0,0.0,-1.0
62160999,0.14269945,-0.12287821,1.9697118,0.0,0.0,-1.0
62191751,0.13763705,-0.11804659,2.001538,0.0,0.0,-1.0
62207152,0.13584429,-0.11526599,2.0168502,0.0,0.0,-1.0
62237943,0.13110335,-0.109096296,2.0505323,0.0,0.0,-1.0
62253268,0.12790512,-0.10777907,2.0665371,0.0,0.0,-1.0
62268740,0.124879465,-0.10510462,2.082828,0.0,0.0,-1.0
62299373,0.121448144,-0.102883264,2.115417,0.0,0.0,-1.0
62315661,0.11974685,-0.10121517,2.1323504,0.0,0.0,-1.0
62329888,0.11736113,-0.09930284,2.1495047,0.0,0.0,-1.0
62359846,0.11128903,-0.09453209,2.1821985,0.0,0.0,-1.0
62375848,0.10829083,-0.09277522,2.196259,0.0,0.0,-1.0
62405882,0.10440232,-0.08967846,2.2293403,0.0,0.0,-1.0
62421206,0.103254326,-0.08740422,2.2448516,0.0,0.0,-1.0
62451921,0.1009052,-0.082885414,2.2777975,0.0,0.0,-1.0
62466834,0.098774716,-0.080407344,2.2939053,0.0,0.0,-1.0
62497049,0.09384374,-0.07700054,2.3266208,0.0,0.0,-1.0
62512101,0.091156274,-0.07675949,2.341271,0.0,0.0,-1.0
62542262,0.08692238,-0.075334266,2.3735797,0.0,0.0,-1.0
62557814,0.08567865,-0.0741795,2.389531,0.0,0.0,-1.0
62574414,0.08406427,-0.07192453,2.4062243,0.0,0.0,-1.0
62605441,0.0822489,-0.06932803,2.4391158,0.0,0.0,-1.0
62619398,0.07976438,-0.06828213,2.4568214,0.0,0.0,-1.0
62634699,0.078754984,-0.067524716,2.471387,0.0,0.0,-1.0
62665868,0.07532142,-0.06290615,2.4996657,0.0,0.0,-1.0
62681417,0.071690895,-0.059901044,2.5050359,0.0,0.0,-1.0
62696849,0.06777973,-0.058700304,2.506468,0.0,0.0,-1.0
62726790,0.06330284,-0.055789907,2.507706,0.0,0.0,-1.0
62742999,0.06112764,-0.05460821,2.5075135,0.0,0.0,-1.0
62773133,0.055363,-0.051017147,2.5067837,0.0,0.0,-1.0
62787790,0.052493498,-0.049600072,2.506854,0.0,0.0,-1.0
62803708,0.05055025,-0.048144583,2.5067208,0.0,0.0,-1.0
62833665,0.045917824,-0.045618184,2.5065825,0.0,0.0,-1.0
62854432,0.044405855,-0.045240562,2.5064962,0.0,0.0,-1.0
62867672,0.041650344,-0.0433559,2.5069575,0.0,0.0,-1.0
62894167,0.038631707,-0.041029647,2.5071945,0.0,0.0,-1.0
62909496,0.037812635,-0.039530713,2.5073395,0.0,0.0,-1.0
62938948,0.034213632,-0.036404267,2.5068278,0.0,0.0,-1.0
62954145,0.0332302,-0.035517737,2.5070834,0.0,0.0,-1.0
62969156,0.03258727,-0.034286432,2.5072515,0.0,0.0,-1.0
63000294,0.028835256,-0.034602955,2.5069828,0.0,0.0,-1.0
63016257,0.02831602,-0.03436237,2.5071528,0.0,0.0,-1.0
63046046,0.02576554,-0.032439526,2.5075626,0.0,0.0,-1.0
63061567,0.025103344,-0.031412084,2.507206,0.0,0.0,-1.0
63092155,0.024112143,-0.028640011,2.506807,0.0,0.0,-1.0
63107825,0.022638071,-0.028178912,2.5070634,0.0,0.0,-1.0
63125085,0.022142438,-0.027770896,2.507229,0.0,0.0,-1.0
63154643,0.019746454,-0.027006224,2.5072968,0.0,0.0,-1.0
63171495,0.018550856,-0.026388383,2.507284,0.0,0.0,-1.0
63200626,0.015829751,-0.025500733,2.5075705,0.0,0.0,-1.0
63217420,0.015652915,-0.025244562,2.5072505,0.0,0.0,-1.0
63230969,0.015350381,-0.02449966,2.507209,0.0,0.0,-1.0
63261888,0.014421043,-0.023964308,2.5071166,0.0,0.0,-1.0
63276292,0.014466036,-0.024541995,2.50694,0.0,0.0,-1.0
63306468,0.014407209,-0.024938425,2.5064304,0.0,0.0,-1.0
63321326,0.014330372,-0.024837855,2.5061288,0.0,0.0,-1.0
63336009,0.013204756,-0.02498182,2.505745,0.0,0.0,-1.0
63367194,0.01202669,-0.024172794,2.5050964,0.0,0.0,-1.0
63384418,0.012153481,-0.023555536,2.5052829,0.0,0.0,-1.0
63401413,0.012363957,-0.023561532,2.505367,0.0,0.0,-1.0
63429242,0.012278555,-0.022532258,2.5053566,0.0,0.0,-1.0
63446057,0.011933482,-0.02160859,2.5052345,0.0,0.0,-1.0
63459563,0.010969564,-0.021939034,2.5056734,0.0,0.0,-1.0
63489962,0.010335134,-0.020999538,2.5056887,0.0,0.0,-1.0
63507419,0.010653652,-0.019865252,2.5055196,0.0,0.0,-1.0
63536467,0.009567239,-0.017817648,2.5049176,0.0,0.0,-1.0
63551049,0.0089557255,-0.017409503,2.5046937,0.0,0.0,-1.0
63565898,0.008283659,-0.017815126,2.5045652,0.0,0.0,-1.0
63597265,0.008025312,-0.01749999,2.5044227,0.0,0.0,-1.0
63611475,0.008535389,-0.017112164,2.5040784,0.0,0.0,-1.0
63627569,0.0076508443,-0.017525626,2.5040996,0.0,0.0,-1.0
63657866,0.005980158,-0.016070854,2.5042741,0.0,0.0,-1.0
63672177,0.005396867,-0.01518728,2.504251,0.0,0.0,-1.0
63702330,0.0062004183,-0.014513504,2.5043685,0.0,0.0,-1.0
63717763,0.005538572,-0.013527493,2.5046923,0.0,0.0,-1.0
63731888,0.0048706676,-0.012529686,2.5050178,0.0,0.0,-1.0
63762369,0.003725587,-0.011429354,2.5044,0.0,0.0,-1.0
63777743,0.0030027246,-0.010825445,2.5040839,0.0,0.0,-1.0
63808437,0.0037253217,-0.011207579,2.5041132,0.0,0.0,-1.0
63821971,0.0041451068,-0.0109336,2.5042,0.0,0.0,-1.0
63837483,0.0036380796,-0.010448012,2.5042157,0.0,0.0,-1.0
63868083,0.0039614006,-0.011723301,2.5040576,0.0,0.0,-1.0
63884966,0.0049161166,-0.011087019,2.5038397,0.0,0.0,-1.0
63914056,0.0046880143,-0.01037335,2.50404,0.0,0.0,-1.0
63928825,0.0040705786,-0.0109133655,2.503877,0.0,0.0,-1.0
63945213,0.004105191,-0.0116168745,2.5034888,0.0,0.0,-1.0
63974506,0.004936878,-0.011276833,2.5035057,0.0,0.0,-1.0
63989596,0.004347478,-0.010781515,2.5037825,0.0,0.0,-1.0
64006272,0.0044940286,-0.011147358,2.5034254,0.0,0.0,-1.0
64038528,0.003403099,-0.009715824,2.5029583,0.0,0.0,-1.0
64051545,0.0031878175,-0.009369453,2.5028923,0.0,0.0,-1.0
64080687,0.0038443462,-0.009303315,2.5031848,0.0,0.0,-1.0
64096713,0.0033153563,-0.008874463,2.502822,0.0,0.0,-1.0
64111246,0.0027181713,-0.008401365,2.5024188,0.0,0.0,-1.0
64141207,0.0016623023,-0.0061730654,2.5017054,0.0,0.0,-1.0
64156939,0.0016447722,-0.006832077,2.5013855,0.0,0.0,-1.0
64188181,0.00089141645,-0.007266299,2.5016856,0.0,0.0,-1.0
64202942,0.00012586161,-0.0074370955,2.501483,0.0,0.0,-1.0
64221267,0.0011799006,-0.0073472685,2.501433,0.0,0.0,-1.0
64247927,0.0019043977,-0.0068512186,2.5014896,0.0,0.0,-1.0
64265420,0.0015180612,-0.006285931,2.5015175,0.0,0.0,-1.0
64279242,0.002125281,-0.0069547663,2.5014772,0.0,0.0,-1.0
64309063,0.0031015347,-0.007298266,2.5012276,0.0,0.0,-1.0
64325552,0.0025988873,-0.0069933278,2.5012054,0.0,0.0,-1.0
64354916,0.0012096895,-0.0066145426,2.5008593,0.0,0.0,-1.0
64369834,0.00095759414,-0.0070882626,2.5010355,0.0,0.0,-1.0
64389417,0.0008998221,-0.0063511888,2.5013342,0.0,0.0,-1.0
64417413,0.001393463,-0.006281774,2.5015862,0.0,0.0,-1.0
64431256,0.0023132274,-0.0056662783,2.5015736,0.0,0.0,-1.0
64448434,0.0016817151,-0.005974818,2.5018542,0.0,0.0,-1.0
64478405,0.0013593034,-0.005139936,2.5016642,0.0,0.0,-1.0
64492450,0.00078838697,-0.0052059563,2.501269,0.0,0.0,-1.0
64507334,0.00046525797,-0.004714962,2.5009172,0.0,0.0,-1.0
64537934,-0.00059080496,-0.0030111957,2.5011232,0.0,0.0,-1.0
64553231,-0.00013635345,-0.0037167566,2.5011158,0.0,0.0,-1.0
64582797,8.7503024e-05,-0.004974433,2.5011234,0.0,0.0,-1.0
64598472,-1.1821307e-05,-0.0041294936,2.5010943,0.0,0.0,-1.0
64629237,-0.0011518842,-0.0041098464,2.5018356,0.0,0.0,-1.0
64644869,-0.0016862603,-0.0048834053,2.5020175,0.0,0.0,-1.0
64662412,-0.0008402994,-0.0058777197,2.501906,0.0,0.0,-1.0
64691067,-0.0011858349,-0.005727966,2.5022376,0.0,0.0,-1.0
64707642,-0.001693217,-0.005280464,2.5022042,0.0,0.0,-1.0
64721853,-0.0020607763,-0.004046732,2.502122,0.0,0.0,-1.0
64750682,-0.0018757329,-0.004135364,2.5025945,0.0,0.0,-1.0
64767965,-0.0010415474,-0.005295582,2.5023193,0.0,0.0,-1.0
64796349,-0.0005755496,-0.006183962,2.502112,0.0,0.0,-1.0
64812147,-0.0010727308,-0.0062936125,2.502313,0.0,0.0,-1.0
64829416,-0.00025342908,-0.0054491884,2.5021837,0.0,0.0,-1.0
64857786,0.0019631807,-0.0046541356,2.5025647,0.0,0.0,-1.0
64872884,0.0026430422,-0.005601868,2.5029712,0.0,0.0,-1.0
64888878,0.0038320096,-0.0050371904,2.502986,0.0,0.0,-1.0
64918834,0.0039572944,-0.0053181094,2.5032206,0.0,0.0,-1.0
64933800,0.004459383,-0.0060759,2.5029848,0.0,0.0,-1.0
64965106,0.004913274,-0.0063989693,2.5028596,0.0,0.0,-1.0
64980255,0.004146943,-0.006957286,2.5028653,0.0,0.0,-1.0
64995729,0.005444049,-0.0067882296,2.5028508,0.0,0.0,-1.0
65026563,0.00701195,-0.007091958,2.503155,0.0,0.0,-1.0
65044158,0.007955336,-0.007795748,2.50322,0.0,0.0,-1.0
65072460,0.007577189,-0.008288374,2.5032501,0.0,0.0,-1.0
65089418,0.007620282,-0.008113961,2.50309,0.0,0.0,-1.0
65104423,0.0092437705,-0.007359555,2.5026922,0.0,0.0,-1.0
65134409,0.010570618,-0.006401381,2.5033152,0.0,0.0,-1.0
65149573,0.010481019,-0.0063336096,2.5035443,0.0,0.0,-1.0
65165208,0.01105699,-0.0074383738,2.5037096,0.0,0.0,-1.0
65197101,0.010943354,-0.007556188,2.504087,0.0,0.0,-1.0
65211648,0.011829962,-0.0072107986,2.5042825,0.0,0.0,-1.0
65229410,0.012309332,-0.0071424632,2.5045242,0.0,0.0,-1.0
65256718,0.012257777,-0.0063387267,2.5051825,0.0,0.0,-1.0
65271389,0.013241978,-0.005749723,2.5055346,0.0,0.0,-1.0
65301844,0.014025559,-0.004368126,2.5057962,0.0,0.0,-1.0
65318862,0.013434178,-0.0035121837,2.5056474,0.0,0.0,-1.0
65332221,0.0141158905,-0.0026318193,2.5060685,0.0,0.0,-1.0
65362722,0.014065636,-0.002794448,2.5061216,0.0,0.0,-1.0
65377458,0.0138516,-0.0025226614,2.505999,0.0,0.0,-1.0
65406788,0.01452021,-0.0014858121,2.5060189,0.0,0.0,-1.0
65421789,0.015514446,-0.0010275494,2.506353,0.0,0.0,-1.0
65437559,0.01656145,-0.00051915547,2.5067225,0.0,0.0,-1.0
65466978,0.016896188,0.0001999241,2.5065913,0.0,0.0,-1.0
65484429,0.017545866,-0.00039332092,2.5062823,0.0,0.0,-1.0
65512387,0.0170585,0.0005206268,2.5066645,0.0,0.0,-1.0
65528085,0.017239332,0.0006978672,2.5062995,0.0,0.0,-1.0
65545419,0.017367411,0.001225162,2.5060432,0.0,0.0,-1.0
65573437,0.017445777,0.0010532595,2.5061405,0.0,0.0,-1.0
65589001,0.01825611,0.0013000186,2.5057182,0.0,0.0,-1.0
65604049,0.019036688,0.0011046302,2.5053544,0.0,0.0,-1.0
65635412,0.020122696,0.0007706507,2.5055687,0.0,0.0,-1.0
65650414,0.01896817,0.0007886812,2.5058339,0.0,0.0,-1.0
65679789,0.017237045,0.0021609035,2.5058565,0.0,0.0,-1.0
65695624,0.018087374,0.0028923517,2.506201,0.0,0.0,-1.0
65711022,0.017442636,0.0021545019,2.5062718,0.0,0.0,-1.0
65743480,0.016972708,0.0033044803,2.5062315,0.0,0.0,-1.0
65757721,0.017408775,0.002132401,2.506128,0.0,0.0,-1.0
65787382,0.017084345,0.00077263894,2.5062962,0.0,0.0,-1.0
65802312,0.01613264,0.0007954667,2.50602,0.0,0.0,-1.0
65817660,0.015163008,0.00081870065,2.5057433,0.0,0.0,-1.0
65848910,0.016978903,0.00091131014,2.5052848,0.0,0.0,-1.0
65862401,0.017572299,0.000775851,2.504966,0.0,0.0,-1.0
65878272,0.018075522,0.00065595604,2.5047097,0.0,0.0,-1.0
65909135,0.016185805,0.0021622293,2.504671,0.0,0.0,-1.0
65925126,0.015232356,0.002555935,2.5046163,0.0,0.0,-1.0
65955992,0.015287449,0.0012407838,2.5046551,0.0,0.0,-1.0
65970714,0.015340954,0.0017157672,2.50447,0.0,0.0,-1.0
65986485,0.014839298,0.0010415337,2.5046084,0.0,0.0,-1.0
66017413,0.014304773,0.0019138745,2.5043037,0.0,0.0,-1.0
66031292,0.013346169,0.002025026,2.5040896,0.0,0.0,-1.0
66060485,0.0126026515,0.0008346012,2.5037663,0.0,0.0,-1.0
66075965,0.012706475,0.0015076371,2.5034184,0.0,0.0,-1.0
66091394,0.011892149,0.0015356481,2.503027,0.0,0.0,-1.0
66106815,0.012801608,0.0016802128,2.5029216,0.0,0.0,-1.0
66137226,0.010778295,0.0009524882,2.5030553,0.0,0.0,-1.0
66154506,0.010677791,0.0008199111,2.5032547,0.0,0.0,-1.0
66182781,0.009078722,0.0010529689,2.5030131,0.0,0.0,-1.0
66198253,0.009222389,0.0013808443,2.5031781,0.0,0.0,-1.0
66212908,0.010236798,0.0014679375,2.5034857,0.0,0.0,-1.0
66245046,0.009481012,0.0021508895,2.5042696,0.0,0.0,-1.0
66259111,0.008990113,0.0020598827,2.5046482,0.0,0.0,-1.0
66289900,0.010910739,0.0012347151,2.5051417,0.0,0.0,-1.0
66306520,0.011891632,4.8284426e-05,2.5050366,0.0,0.0,-1.0
66321371,0.015370101,-0.0021427125,2.504664,0.0,0.0,-1.0
66351227,0.020098437,-0.005710331,2.5045586,0.0,0.0,-1.0
66368448,0.021835344,-0.00686211,2.5042357,0.0,0.0,-1.0
66383473,0.02359877,-0.007907773,2.5038042,0.0,0.0,-1.0
66414415,0.020575935,-0.008013541,2.5037067,0.0,0.0,-1.0
66429408,0.020178815,-0.007942442,2.503806,0.0,0.0,-1.0
66458923,0.020604672,-0.007757797,2.503792,0.0,0.0,-1.0
66475840,0.020668272,-0.007042499,2.5038164,0.0,0.0,-1.0
66489272,0.019566286,-0.0064594955,2.5038483,0.0,0.0,-1.0
66519521,0.01847718,-0.0066458858,2.5038066,0.0,0.0,-1.0
66535109,0.018243672,-0.0063377228,2.5039134,0.0,0.0,-1.0
66549900,0.016798671,-0.006658746,2.5035415,0.0,0.0,-1.0
66581043,0.015872074,-0.005496122,2.503633,0.0,0.0,-1.0
66596383,0.014790448,-0.0054582064,2.5038,0.0,0.0,-1.0
66625947,0.016645782,-0.005171134,2.5042791,0.0,0.0,-1.0
66642413,0.01792921,-0.0050835027,2.5044143,0.0,0.0,-1.0
66656416,0.01855985,-0.004806826,2.504556,0.0,0.0,-1.0
66686713,0.01780828,-0.00579814,2.5045376,0.0,0.0,-1.0
66701482,0.01719369,-0.004633135,2.5049043,0.0,0.0,-1.0
66731538,0.016681407,-0.0032811398,2.5044446,0.0,0.0,-1.0
66747660,0.016335286,-0.0030591441,2.5044785,0.0,0.0,-1.0
66762015,0.016593337,-0.0033263357,2.504083,0.0,0.0,-1.0
66793075,0.015614871,-0.00409814,2.504117,0.0,0.0,-1.0
66807120,0.014535562,-0.0026936643,2.5045004,0.0,0.0,-1.0
66823464,0.01361222,-0.0021506771,2.5047836,0.0,0.0,-1.0
66853696,0.0137864975,-0.0021646183,2.5047884,0.0,0.0,-1.0
66868290,0.013809456,-0.0015985054,2.504469,0.0,0.0,-1.0
66886789,0.013698984,-0.0006944632,2.5044136,0.0,0.0,-1.0
66914291,0.013309338,0.00017318725,2.5039709,0.0,0.0,-1.0
66929579,0.012431004,0.00017879427,2.5037394,0.0,0.0,-1.0
66962416,0.01299975,0.00088329153,2.503396,0.0,0.0,-1.0
66976440,0.01318451,0.0018311682,2.5037658,0.0,0.0,-1.0
67006018,0.01072675,0.0015874477,2.5041995,0.0,0.0,-1.0
67021299,0.00913425,0.0007030203,2.504244,0.0,0.0,-1.0
67037860,0.009509294,0.001352369,2.5046082,0.0,0.0,-1.0
67067035,0.0090133315,0.0012231905,2.5041432,0.0,0.0,-1.0
67083552,0.0089837415,0.0020990572,2.503946,0.0,0.0,-1.0
67099388,0.0080836415,0.0022263369,2.5040739,0.0,0.0,-1.0
67129459,0.005985624,0.0017018872,2.504302,0.0,0.0,-1.0
67144836,0.0053342306,0.00088390446,2.504159,0.0,0.0,-1.0
67158762,0.004702439,-0.00047422727,2.5039234,0.0,0.0,-1.0
67189661,0.0040780148,0.00010038209,2.5036364,0.0,0.0,-1.0
67204557,0.003531968,-0.00043287786,2.503998,0.0,0.0,-1.0
67234454,0.0035291882,0.00019284191,2.5040376,0.0,0.0,-1.0
67249655,0.0038478798,0.000967267,2.504066,0.0,0.0,-1.0
67265609,0.0048524267,0.00082209904,2.5040843,0.0,0.0,-1.0
67296463,0.004210774,0.0004528308,2.5047045,0.0,0.0,-1.0
67311945,0.003968741,8.663146e-05,2.5047233,0.0,0.0,-1.0
67341073,0.0032740526,4.1166517e-05,2.5046911,0.0,0.0,-1.0
67357390,0.0024921026,-0.0007413053,2.5047097,0.0,0.0,-1.0
67373433,0.0016939616,-0.0010045385,2.5043428,0.0,0.0,-1.0
67403112,0.00072274776,-0.00017414989,2.5044744,0.0,0.0,-1.0
67417848,0.0012846421,0.00043790627,2.5040472,0.0,0.0,-1.0
67432987,0.0016876664,0.0002642198,2.5043876,0.0,0.0,-1.0
67464412,0.0017576372,0.00031105138,2.5042973,0.0,0.0,-1.0
67477990,0.0018224249,-0.0012048973,2.504596,0.0,0.0,-1.0
67509416,0.0009562891,-6.613594e-05,2.5041063,0.0,0.0,-1.0
67524901,0.0007877449,-3.1626532e-05,2.5043247,0.0,0.0,-1.0
67539121,0.0006290832,1.3089138e-07,2.5045297,0.0,0.0,-1.0
67568517,0.00054222543,-0.00039674426,2.5046465,0.0,0.0,-1.0
67586819,0.0012199391,0.00030068395,2.50441,0.0,0.0,-1.0
67599634,6.6996276e-05,0.00072855,2.504345,0.0,0.0,-1.0
67630542,-0.00073156925,0.00057298347,2.5050192,0.0,0.0,-1.0
67646481,0.00017580592,0.00019285816,2.5054014,0.0,0.0,-1.0
67676130,-6.929809e-05,-0.0011302632,2.5057714,0.0,0.0,-1.0
67693437,-0.0011039879,-0.00064100046,2.5057642,0.0,0.0,-1.0
67708434,-0.00082897017,-0.0010092192,2.505803,0.0,0.0,-1.0
67738445,0.0006296417,-0.0018070624,2.5060215,0.0,0.0,-1.0
67754732,0.00049709063,-0.0021058067,2.5062244,0.0,0.0,-1.0
67768771,0.0003209373,-0.0015257742,2.5064933,0.0,0.0,-1.0
67799051,0.00032522154,-0.0012881013,2.5066335,0.0,0.0,-1.0
67813862,2.9593248e-05,-0.0011078432,2.5067275,0.0,0.0,-1.0
67844049,-0.0002957653,-0.0016930173,2.5069103,0.0,0.0,-1.0
67859146,0.00027886164,-0.001089778,2.506525,0.0,0.0,-1.0
67876418,0.00020929235,-0.00074511964,2.5068855,0.0,0.0,-1.0
67906155,-0.0018635793,-0.0017958666,2.5070066,0.0,0.0,-1.0
67920033,-0.0019233758,-0.002937803,2.5069191,0.0,0.0,-1.0
67935716,-0.002164815,-0.0033469913,2.506877,0.0,0.0,-1.0
67966064,-0.0020265148,-0.0021786743,2.5068288,0.0,0.0,-1.0
67982412,-0.0015675749,-0.0028533454,2.5064507,0.0,0.0,-1.0
68011807,-0.00212426,-0.0026404387,2.5066912,0.0,0.0,-1.0
68029410,-0.0020850832,-0.0027592052,2.5068412,0.0,0.0,-1.0
68043759,-0.0014751763,-0.002042009,2.5068626,0.0,0.0,-1.0
68074495,-0.002064378,-0.0019449204,2.5070825,0.0,0.0,-1.0
68088206,-0.00096284604,-0.001926121,2.5075233,0.0,0.0,-1.0
68103658,-0.001218099,-0.0010251801,2.507905,0.0,0.0,-1.0
68133730,-0.001287267,0.00083579076,2.5071363,0.0,0.0,-1.0
68149478,-0.002166313,0.0011894612,2.5068557,0.0,0.0,-1.0
68181149,-0.00086635625,-0.00056130165,2.5065324,0.0,0.0,-1.0
68197417,-0.000771648,-0.0003722016,2.5067716,0.0,0.0,-1.0
68210444,-0.0008687772,-0.0011287433,2.5066967,0.0,0.0,-1.0
68239980,5.7049907e-05,-0.0014214424,2.5069323,0.0,0.0,-1.0
68258274,0.00025640422,-0.0007862773,2.5072484,0.0,0.0,-1.0
68272973,0.0008194678,-0.0010956061,2.5070677,0.0,0.0,-1.0
68303171,0.00064605835,-0.001410216,2.5072813,0.0,0.0,-1.0
68319680,-0.0002432626,-0.0020839572,2.5075629,0.0,0.0,-1.0
68348528,0.001025429,-0.0028570106,2.5073376,0.0,0.0,-1.0
68365065,0.0012049399,-0.003181909,2.5073159,0.0,0.0,-1.0
68378798,0.0014662519,-0.0034422227,2.5074162,0.0,0.0,-1.0
68409588,0.0015008355,-0.0042889183,2.5076494,0.0,0.0,0.0
68424416,0.00078580703,-0.0039102742,2.507873,0.0,0.0,0.0
68440372,0.0010665124,-0.0029430443,2.5081246,0.0,0.0,0.0
68470411,0.00087812357,-0.0040533682,2.5086126,0.0,0.0,0.0
68485985,-0.00023090577,-0.0045753606,2.5086951,0.0,0.0,0.0
68515093,-0.0019959433,-0.003923308,2.5082319,0.0,0.0,0.0
68530778,-0.0025890034,-0.0036876446,2.5085952,0.0,0.0,0.0
68546287,-0.0028355496,-0.0038657547,2.5088205,0.0,0.0,0.0
68576041,-0.00298767,-0.003511477,2.5090384,0.0,0.0,0.0
68591491,-0.0038324813,-0.003321097,2.5090773,0.0,0.0,0.0
68621768,-0.00449097,-0.0041639837,2.5095258,0.0,0.0,0.0
68637191,-0.004350512,-0.0037220696,2.5096633,0.0,0.0,0.0
68654416,-0.005171876,-0.002750782,2.5092778,0.0,0.0,0.0
68682144,-0.005211737,-0.0016913825,2.509255,0.0,0.0,0.0
68696986,-0.004676048,-0.0022494001,2.50956,0.0,0.0,0.0
68712686,-0.0044161333,-0.0012869581,2.5091696,0.0,0.0,0.0
68742101,-0.0031432845,-0.0010924735,2.5091836,0.0,0.0,0.0
68762417,-0.0025118983,-0.0014370771,2.5088704,0.0,0.0,0.0
68788179,-0.0036285433,0.00031521573,2.5095015,0.0,0.0,0.0
68804341,-0.0028895584,-1.2958494e-05,2.5098505,0.0,0.0,0.0
68820000,-0.004115267,-0.00044214606,2.5096123,0.0,0.0,0.0
68848808,-0.0048178467,-0.00019583854,2.5102918,0.0,0.0,0.0
68864450,-0.004539458,-4.1171807e-05,2.5100353,0.0,0.0,0.0
68894746,-0.00434982,-0.0015542371,2.5104046,0.0,0.0,0.0
68910782,-0.004723431,-0.0022933723,2.5100594,0.0,0.0,0.0
68927439,-0.0046466864,-0.0020104144,2.5102377,0.0,0.0,0.0
68958434,-0.0045672897,-0.002890543,2.5099788,0.0,0.0,0.0
68974419,-0.005520326,-0.0023741534,2.5103354,0.0,0.0,0.0
68988442,-0.0048091505,-0.003030673,2.5104992,0.0,0.0,0.0
69016206,-0.0035936886,-0.0024466142,2.5100324,0.0,0.0,0.0
69033462,-0.0042015323,-0.0020601668,2.5098734,0.0,0.0,0.0
69048432,-0.005025568,-0.0026883755,2.5098794,0.0,0.0,0.0
69078432,-0.0054715797,-0.0029753232,2.510123,0.0,0.0,0.0
69094419,-0.005716528,-0.0035814883,2.5100899,0.0,0.0,0.0
69123533,-0.0052964026,-0.0033234071,2.5099654,0.0,0.0,0.0
69140413,-0.004917769,-0.004218721,2.509795,0.0,0.0,0.0
69155413,-0.005316092,-0.0044521648,2.5094492,0.0,0.0,0.0
69188452,-0.005071505,-0.0027484344,2.5093973,0.0,0.0,0.0
69201452,-0.005851781,-0.0025957646,2.509634,0.0,0.0,0.0
69231338,-0.0062520234,-0.0033615658,2.509427,0.0,0.0,0.0
69247413,-0.005728378,-0.0027756377,2.5095048,0.0,0.0,0.0
69277407,-0.004445632,-0.0019899923,2.5099847,0.0,0.0,0.0
69293439,-0.004481481,-0.00168624,2.5099277,0.0,0.0,0.0
69308449,-0.0051899613,-0.0023507946,2.5100956,0.0,0.0,0.0
69337331,-0.005191632,-0.0024648001,2.5097244,0.0,0.0,0.0
69353450,-0.005886693,-0.002122988,2.5096772,0.0,0.0,0.0
69384413,-0.005017846,-0.0016782349,2.5099115,0.0,0.0,0.0
