timestamp,timestamp_sample,xyz[0],xyz[1],xyz[2]
2470613329,2470613296,-0.0071939216,0.0018618536,-0.0054909308
2470649329,2470649296,-0.0009947842,-0.009211833,0.0027117198
2470671336,2470671303,-0.009488756,-0.005601821,0.0015394092
2470690332,2470690299,0.0016796537,0.0036080228,-0.0055840863
2470714337,2470714305,-0.005358657,0.005008356,0.0064630825
2470735339,2470735306,-0.009214418,0.0037648662,0.0038252363
2470755329,2470755296,-0.0066702,0.002280965,-0.00557398
2470775018,2470774976,0.0070484146,-0.0052554114,-0.00025419274
2470797402,2470797360,-0.00052519125,0.0037776302,0.006009758
2470816333,2470816302,0.0037448278,-0.0015869297,-0.008707274
2470840424,2470840392,-0.008761095,0.0055177263,-0.008019766
2470860329,2470860296,-0.00942824,0.0024546578,0.0015257717
2470881327,2470881296,-0.008187221,0.009076471,-0.0060548936
2470903341,2470903309,0.0061037387,-0.009243493,0.0074536847
2470921333,2470921302,0.0034030548,-0.0051642503,-0.007497863
2470941361,2470941328,-0.0064438614,-0.00093766215,0.009281834
2470965336,2470965303,-0.0012286371,-0.004328252,0.0010187388
2470986349,2470986317,-0.006382938,0.0009502595,-0.004618214
2471007366,2471007332,-0.008880788,-5.318795e-05,0.0059599984
2471026327,2471026296,-0.005543149,-0.0035174768,0.0067581786
2471047356,2471047323,0.009339341,0.006168565,0.0021175994
2471064335,2471064302,0.009242451,-0.0041738315,0.008925267
2471092384,2471092351,-0.0041298424,-0.0033707551,0.00016624082
2471113336,2471113305,0.0028790087,0.0064354474,-0.0016076671
2471132383,2471132350,-0.0027355608,0.0021594435,-0.0033749552
2471155573,2471155536,-0.009778765,0.0020149923,-0.0016094545
2471175339,2471175306,-0.004518072,0.0024513782,0.0022357046
2471194339,2471194301,-0.0035373573,-0.0058792043,0.0014723557
2471216358,2471216311,0.0044536823,-0.0036403777,0.0015322722
2471235508,2471235476,0.0033672715,-0.00097499095,0.0046208533
2471259337,2471259306,-0.0044398815,0.007137169,-0.001386908
2471280414,2471280381,-0.0030356804,0.001864296,0.0070622936
2471300333,2471300302,0.0026817587,-0.004724963,-0.005610467
2471323327,2471323296,0.0014304697,0.0059991665,0.0043045534
2471342593,2471342559,-0.007713908,4.7715905e-05,-0.004095927
2471364352,2471364321,0.00092122133,0.006739476,-7.547505e-05
2471384329,2471384296,0.005310547,0.002398029,-0.0028894935
2471404334,2471404303,-0.010073354,0.0015648439,-0.00897191
2471428334,2471428303,-0.0060096737,0.0010450081,3.188687e-05
2471447614,2471447581,-0.0011334226,0.0028319026,-0.005763825
2471468337,2471468304,-0.008335594,0.0069104456,-0.006501852
2471491329,2471491296,-0.009492476,0.0036327315,-0.0041969754
2471507391,2471507358,0.0045014843,0.0070641055,-0.008414439
2471531329,2471531296,-0.0021697085,0.0015093762,-0.0033481808
2471551334,2471551303,-0.005126595,-0.007944898,-0.007931161
2471572423,2471572382,-0.009648772,0.003672217,-0.008307601
2471596334,2471596302,-0.008590546,-0.009113712,0.0062526227
2471616549,2471616516,-0.0010217542,-0.0075112786,0.0028201356
2471637380,2471637349,0.006814282,0.008394458,-0.0023079568
2471658335,2471658302,-0.0019225071,-0.008433706,0.007869177
2471679333,2471679302,0.0028562886,-0.0070082173,-0.0039675813
2471699335,2471699302,-0.0064508305,0.00718949,0.0060125445
2471719330,2471719299,-0.0054625687,-0.0036856912,-0.0028780575
2471741331,2471741298,-0.005511322,-0.0004010285,-0.010167988
2471763334,2471763302,-0.00945934,-0.008610485,0.0025292903
2471784335,2471784304,-0.0011243473,0.0045641246,0.0046036574
2471804336,2471804303,0.00118809,-0.0066412454,-0.0015002206
2471824327,2471824296,0.0022433025,0.0056956084,0.009350106
2471848335,2471848303,0.005644499,0.0071522826,-0.007531893
2471868335,2471868302,-0.003994189,-0.0071269707,-0.0009367764
2471887362,2471887330,-0.0060051936,0.0042767613,0.0042945514
2471911356,2471911309,-0.007861766,-0.006309096,-0.0055669197
2471932380,2471932349,-0.003777227,0.00018568769,-0.007086309
2471949334,2471949303,0.0045285667,0.0006845813,-0.009843841
2471974336,2471974303,-0.009744396,-0.0035051354,0.007821343
2471994334,2471994303,-0.0013574312,-0.0003264239,0.0039691636
2472014349,2472014316,-0.0052257366,0.006574341,-0.008278854
2472037381,2472037348,-0.001489577,0.009554099,0.0038294813
2472058337,2472058305,0.006090648,0.0063136867,0.009472729
2472078329,2472078296,0.0072915275,-0.006705563,0.006763707
2472098335,2472098302,0.0037261336,-0.0024787057,-0.008374337
2472121333,2472121299,-0.00044125872,0.0023243842,-0.008482304
2472139337,2472139304,0.0020123997,-0.0031742123,0.00086994993
2472162495,2472162449,-0.0010994493,0.0016179925,-0.003618051
2472184327,2472184296,0.0022592638,-0.0048824344,0.00090693263
2472205336,2472205303,0.0045958464,-0.0018471995,0.0032695737
2472226417,2472226385,0.009113825,-0.0026308384,-0.0049516424
2472246342,2472246308,-0.003859624,-0.00892908,-0.0023127971
2472266358,2472266313,-0.004122298,-0.007818616,0.0026602931
2472288332,2472288299,-0.003786197,-0.00482617,-0.00064067356
2472308356,2472308310,0.004840313,-0.00808504,-0.009285678
2472328336,2472328303,-0.0047836504,-0.0051688864,0.0010076463
2472351334,2472351302,-0.0028839195,-0.002990542,-0.0071310643
2472373333,2472373302,0.007849284,-0.0066313706,-0.0008579364
2472392746,2472392715,-0.0016429164,-0.005673029,-0.0016524801
2472418330,2472418299,0.0008263874,-0.0019330442,-0.0031360504
2472438329,2472438296,-0.00091821665,-0.007498262,-0.0033556484
2472458362,2472458317,-0.0065228636,-0.0047703115,-0.0057827556
2472478335,2472478302,0.0029948216,0.000670338,-0.00605565
2472499336,2472499305,-0.0015471446,-0.01018873,0.0014081668
2472520335,2472520302,-0.0079014925,-0.00790427,-0.0013337195
2472544333,2472544296,-0.0005207831,0.005921641,-0.0038036096
2472563507,2472563475,-0.0056534754,0.005821066,0.0010836521
2472583329,2472583296,0.0015242886,-0.0061428538,-0.008325429
2472604334,2472604303,-0.0028021384,-0.007419659,0.009720878
2472624579,2472624546,-0.008414818,0.007506619,-0.00598104
2472649329,2472649296,0.0014343269,-0.0057302266,-0.004200902
2472668369,2472668337,0.0007224807,-0.008022841,0.0006823075
2472691329,2472691296,0.007197391,-0.0025604938,0.005248444
2472711356,2472711311,-0.0061208936,0.00020133815,-0.0041314717
2472731343,2472731309,0.0020385163,-0.005022387,-0.0037917169
2472750329,2472750296,-0.0073526106,-0.0010384617,-0.0018137232
2472773334,2472773302,0.00576833,-0.0011000639,-0.0077926423
2472794341,2472794310,0.0043691946,0.006764239,-0.0024368595
2472814329,2472814296,0.008329741,-0.0016239426,-0.0042965435
2472834333,2472834302,-0.0019428524,0.0060019754,-0.0061741495
2472857355,2472857324,-0.0045916955,-0.008812325,0.0065704836
2472877375,2472877344,-2.6671201e-05,0.0070668207,0.00019560807
2472901333,2472901302,0.005884526,0.0006539182,-0.0021354696
2472922361,2472922328,0.0039271805,0.0027717466,0.0012187616
2472942379,2472942346,-0.008026,-0.005551355,0.0017764422
2472963411,2472963380,0.0014958085,0.0006703111,-0.008704576
2472982382,2472982349,-0.0053464863,0.007833225,-0.00014782314
2473003333,2473003302,-6.573032e-05,-0.008419843,-0.0082565015
2473024330,2473024297,-0.005994808,0.0010447686,0.0028785178
2473045337,2473045306,0.00841144,-0.0005635797,0.0054904004
2473069334,2473069303,0.003691902,-0.0016140061,0.008753012
2473089332,2473089299,-0.006876261,0.00065085717,-0.005437994
2473110329,2473110296,-0.010011848,-0.0021797146,-0.008107217
2473129496,2473129464,-0.008000006,-0.00084282417,-0.008708722
2473150417,2473150384,-0.007665203,0.008792602,0.0048903497
2473170342,2473170311,0.0030400003,-0.003886594,-0.0005885463
2473194466,2473194425,-2.1632353e-05,0.008148414,0.0015420384
2473215351,2473215296,-0.006137207,0.00970075,0.005816665
2473237369,2473237338,0.003900172,0.007352562,-0.008809501
2473256340,2473256303,-0.0052713547,0.0070100557,0.0051389164
2473279362,2473279274,-0.0073462008,-0.006902899,-0.002025332
2473300333,2473300301,0.0030904945,-0.00848376,-0.0034113175
2473320329,2473320296,0.0092865275,-0.000188773,-0.0068975547
2473342550,2473342519,-4.4303597e-06,-0.0014831387,-0.0027732132
2473363335,2473363303,0.00796221,-0.008158639,0.0012840524
2473383411,2473383380,-0.0031875758,0.009624161,0.0018324205
2473404334,2473404303,0.007908176,-0.007471069,0.006792009
2473425329,2473425296,0.0024900467,0.0062832767,0.006052645
2473445337,2473445305,0.004890855,-0.0053036897,5.060481e-05
2473466334,2473466301,0.006890147,-0.0017014124,0.0059057768
2473485337,2473485306,0.0035711743,0.002440641,-0.008969123
2473509169,2473509138,-0.0007782146,0.00026869602,-0.004591125
2473530335,2473530302,-0.008731694,-0.003155733,0.0068334346
2473551338,2473551307,-0.0078656385,0.0034643589,-0.00342008
2473569329,2473569296,-0.0039317496,0.009245897,-9.971198e-05
2473593329,2473593296,0.002801807,-0.008765654,-0.006661265
2473614413,2473614381,-0.0031843912,-0.0021259114,-0.0061045727
2473634327,2473634296,-0.0015351225,0.003239274,-0.0007781937
2473654336,2473654303,-0.0019399675,0.0017761132,0.0061655403
2473676619,2473676586,-0.0024806648,0.0036071923,0.007441274
2473698338,2473698305,0.005664482,-0.0071271486,-0.0069340575
2473718330,2473718299,-0.006025192,-0.002442164,0.003959316
2473738366,2473738323,0.009429504,-0.0064392486,-0.0061357385
2473759347,2473759316,0.008698079,-0.0015774929,0.0010997045
2473780329,2473780296,-0.0021994498,0.009163212,0.0062735337
2473799728,2473799697,0.0002750644,0.0039944784,-0.003932777
2473822378,2473822345,-0.0016030535,0.0010966052,0.0081300195
2473846329,2473846296,-0.009337637,0.0036929452,0.0067372383
2473866334,2473866302,-0.009137238,-0.009193134,0.008221685
2473886327,2473886296,-0.001306915,-0.003002668,-0.0088558495
2473906335,2473906302,-0.00050548185,-0.0031332362,-0.009199452
2473930349,2473930315,0.0048297155,0.0036230134,0.007544356
2473950336,2473950304,-0.00857912,0.0015586285,0.0012931528
2473971339,2473971306,-0.00936384,0.0025361814,-0.00020943822
2473990354,2473990313,0.0014002407,0.00354691,-0.0025193214
2474014345,2474014309,-0.00026149157,0.0035105404,-0.0036529999
2474034359,2474034317,-0.006072547,-0.0072435546,0.005293723
2474054412,2474054379,-0.006187992,-0.008086648,0.009156058
2474074327,2474074296,0.0073699215,0.008799613,0.004897652
2474096349,2474096311,-0.0036684216,0.0018197022,-0.006526626
2474116342,2474116311,-0.0074440297,-0.001590759,-3.6327343e-05
2474140334,2474140303,0.008610902,0.0027634185,-0.0044020284
2474159360,2474159318,-0.009663751,-0.000807165,-0.0095772
2474180337,2474180304,-0.007395889,0.0023376949,-0.0049713245
2474203329,2474203296,-0.0035696505,-0.0005892439,0.008773848
2474223334,2474223302,0.0043471116,0.0051463465,0.0021078312
2474245356,2474245317,-0.00021137435,-0.008390394,-0.0065975585
2474266329,2474266296,-0.009214999,0.0055687614,-0.0032284795
2474286411,2474286380,-0.009260322,-0.007165541,-0.0033928913
2474305611,2474305568,-0.0020261381,0.0025908551,0.0021527833
2474327373,2474327341,-0.004819385,-0.0007452846,0.003868403
2474348333,2474348300,0.0077150203,-0.005725116,-0.0037461622
2474370331,2474370299,-0.009392674,0.008802765,0.007919742
2474391342,2474391311,0.00020408774,-0.001001415,0.0054778988
2474411334,2474411302,0.0073628044,-0.00065051566,0.0070805196
2474432395,2474432362,0.006209929,-0.0035534147,-0.0059696482
2474451410,2474451378,-0.00856639,-0.00474178,0.0009711169
2474472380,2474472346,0.00886421,-0.002787072,0.0044150916
2474496356,2474496313,0.009373119,0.0032123448,-0.004911085
2474515338,2474515307,0.0020232564,0.0066151707,-0.006280124
2474535295,2474535251,-0.008108099,0.008944202,0.006782218
2474557355,2474557322,0.0008113214,-0.0035911836,-0.001919329
2474582112,2474582069,-0.003353492,-0.004657249,-0.0051078075
2474600338,2474600305,0.0046653287,0.0057678237,-0.004038202
2474622355,2474622322,-0.0040268633,0.0032177523,-0.002914215
2474642407,2474642339,0.0032512737,-0.005201807,-0.005374211
2474664329,2474664296,-0.008242229,0.0022319278,1.8227729e-07
2474683334,2474683302,-0.0004796691,0.00805677,0.0028687678
2474703862,2474703829,0.0005596864,0.0063016196,-0.0063985456
2474728356,2474728317,0.0066902796,0.0016226493,0.0011295618
2474748410,2474748379,-0.004393875,0.0032176075,-0.00023009145
2474768359,2474768317,-0.0032698894,-0.0057586585,0.0019134429
2474788340,2474788309,0.00080355076,0.0010690844,-0.0048680743
2474808334,2474808303,0.0030754881,0.0023153638,-0.007536644
2474831333,2474831302,0.0014500645,0.0046838545,-0.00029735637
2474852357,2474852324,0.0073241442,-0.0048611145,-0.0054674293
2474874334,2474874301,-0.008017756,-0.0070137004,-0.007638826
2474894364,2474894323,-0.0026930699,0.001796044,-0.0026981425
2474916536,2474916504,0.0075458298,-0.0016605263,0.0051175146
2474938335,2474938302,0.0036197146,0.0048905457,0.0041423244
2474958414,2474958383,-0.009894498,-0.003447957,0.004544325
2474979337,2474979303,-0.0022599138,-0.008203289,-0.002914228
2474998333,2474998302,-0.0076612937,-0.0046459916,-0.0012077703
2475018329,2475018296,-0.0016718095,-0.0011720662,-0.007373496
2475043329,2475043296,-0.00039501305,0.0059219575,-0.003881275
2475064329,2475064296,0.006155344,0.0004901487,-0.003146764
2475081338,2475081305,-0.006267067,-0.009911192,0.0018176889
2475106354,2475106304,-0.007070826,0.0066308947,0.005927702
2475126352,2475126311,-0.001285567,-0.004272674,-0.005520764
2475146515,2475146484,-0.0014237472,-0.005404583,0.0034174758
2475166347,2475166309,0.0038593009,-0.00691362,0.0017525232
2475189415,2475189382,-0.0024385129,0.00064062723,0.008083812
2475210349,2475210317,-0.0032188452,0.0013000075,0.00469293
2475230336,2475230303,-0.000518303,0.0048922296,0.007078304
2475253364,2475253317,0.0070446655,-0.0009932726,0.0008756092
2475274327,2475274296,0.005685073,-0.0072008604,0.00290797
2475295335,2475295302,0.0038988888,-0.0036295168,-0.004738153
2475316327,2475316296,0.0025638144,0.0017969206,0.006253558
2475336337,2475336304,0.0097373985,0.007142244,-0.0045822836
2475356333,2475356302,-0.0011441248,0.0028972472,0.0012618278
2475377418,2475377375,-0.0073934896,-0.003473864,-0.00893388
2475397356,2475397323,0.00048789044,-0.0018067954,0.00030849388
2475421558,2475421525,-3.576849e-05,-0.0031928094,0.0011212961
2475440349,2475440316,-0.0016971002,0.0039687003,-0.004342397
2475463335,2475463302,-0.0018737861,-0.008829772,-0.007569901
2475483333,2475483302,0.004126783,0.0035439532,0.0014928342
2475504329,2475504296,-0.0024889545,-0.0067401323,-0.004715658
2475523334,2475523302,0.0073972815,-0.0006735857,0.0021954041
2475547388,2475547356,0.004534258,-0.0045590675,0.0006196718
2475568335,2475568302,-0.0052757985,0.001410157,-0.00049691927
2475587379,2475587348,7.357715e-05,-0.001393481,-0.008819961
2475608412,2475608379,0.00610533,0.0062108748,-0.0029691886
2475628327,2475628296,0.0057386057,-0.0022726045,0.0069166175
2475649360,2475649317,0.0020033065,-0.0064337947,0.0011198873
2475673335,2475673302,0.006132677,0.008742784,-0.007000025
2475692376,2475692344,-0.0065556625,0.008980698,-0.0066543897
2475715338,2475715305,-0.006057448,0.0078961495,0.0043017343
2475736341,2475736308,0.009555846,-0.0072451066,-0.0030119352
2475754799,2475754764,0.0078149075,-0.004942977,0.009084259
2475777420,2475777377,-0.005650349,-0.008320128,0.0076434077
2475796356,2475796311,-0.002123905,-0.0046224296,-0.0024768366
2475816336,2475816303,-0.00048286535,0.0018230765,0.0042463467
2475841335,2475841302,0.0053604925,-0.005502461,-0.008838687
2475861414,2475861383,0.0014898486,-0.010173861,-0.0051901713
2475882382,2475882351,0.0012711852,0.006024458,0.005290331
2475902356,2475902323,0.0019199209,-0.0007846281,-0.0054647326
2475922378,2475922346,0.009700212,-0.003612916,-0.009551313
2475946334,2475946302,-0.0069338274,0.0034972765,0.0026367544
2475966336,2475966303,-0.0019541301,-0.008983829,-3.5289442e-05
2475988341,2475988310,0.00034198439,-0.006292669,0.0025738562
2476008329,2476008296,0.0057951435,-0.006535548,0.0056919637
2476028338,2476028307,0.0035245358,0.0023330534,-0.006873551
2476049332,2476049299,0.0043802494,0.00248537,-0.006739073
2476072375,2476072344,-0.0087975385,-0.007414506,0.0014906127
2476092475,2476092442,-0.0025167123,-0.0025646812,-0.009749119
2476113327,2476113296,-0.0070353136,0.0011301036,0.00698899
2476133332,2476133299,0.008219462,-0.010004751,0.0022661057
2476151336,2476151303,-0.005426678,-0.006251702,-6.94991e-05
2476176335,2476176302,-0.0016576016,-0.0021900216,0.008951122
2476196364,2476196326,0.00797224,0.004276881,-0.0022269553
2476216584,2476216551,0.003034039,0.005532516,-0.003677809
2476238336,2476238305,-0.00758396,0.0051407265,0.002385282
2476261335,2476261304,0.0029846588,0.00489053,-0.0013866671
2476279412,2476279380,-0.0062641976,0.005258945,-0.0060585933
2476302355,2476302324,-0.008940688,0.008888092,-0.0024556965
2476324336,2476324303,0.009474952,0.003851909,0.0074429894
2476343333,2476343302,0.0011563833,-0.009124872,0.009574421
2476364336,2476364303,-0.0055783866,0.004996803,-8.034316e-06
2476384336,2476384305,-0.0036636645,-0.0002252252,-0.0021525107
2476408333,2476408302,0.007070458,-0.0004849098,-0.006445286
2476428347,2476428314,0.0018530266,0.009624472,0.005606437
2476449353,2476449317,0.0045131277,-0.006885991,0.009338891
2476468335,2476468302,-0.00504183,-0.0077341944,0.0022183992
2476491365,2476491319,0.005514295,0.007027503,-0.0071914424
2476513334,2476513302,-0.0031347915,0.0018037169,0.0013281368
2476532476,2476532442,0.007554949,-0.009949286,-0.0019214225
2476554427,2476554395,0.005059513,0.009416246,0.0063153235
2476573329,2476573296,-0.003198677,0.0064834203,0.0071296655
2476597369,2476597336,-0.0028636302,0.0055571985,0.0073559815
2476617358,2476617326,-0.00045197763,-0.001883559,-0.0009006973
2476638335,2476638303,1.2611257e-05,0.002617164,-0.009928241
2476659335,2476659302,-0.0016574532,-0.008809575,0.009161647
2476678358,2476678312,0.006404198,0.0007286014,0.008433775
2476699334,2476699303,0.0044637322,-0.00622296,0.00079991017
2476720336,2476720303,-0.0030123582,-0.0039172424,0.0015070415
2476744336,2476744303,0.0059739454,0.003633459,0.006201594
2476765343,2476765311,0.0035096544,-0.0054175495,-0.0033392864
2476784335,2476784302,-0.0034863388,-0.0041174577,0.0014120862
2476804327,2476804296,0.0021670558,0.008680328,0.0064899204
2476826351,2476826315,-0.002945561,-0.008120699,0.00795195
2476845329,2476845296,4.4856948e-05,-0.008016106,-0.006804749
2476870335,2476870302,-0.0015561598,-0.002263535,-0.002452823
2476891329,2476891296,-0.0024975426,0.009280459,0.006904732
2476912356,2476912324,-0.007333642,0.0036435989,0.007517886
2476933336,2476933303,-0.0047115944,0.0012320118,-0.0014561706
2476951358,2476951317,-0.008364844,-0.00076167076,0.0049739047
2476973357,2476973311,0.004830244,-0.006066092,0.009269896
2476994417,2476994386,-0.0018938862,-0.005900813,-0.0058657276
2477248339,2477248306,0.009527602,0.0072600087,0.0039504976
2477268334,2477268303,-0.008281321,0.0012272571,-0.00558755
2477288338,2477288305,0.0057199867,-0.010032544,0.0011807607
2477311517,2477311483,0.00061977434,-0.009376636,-0.009368202
2477937420,2477937387,-0.0019847187,-0.0008450194,-3.8123602e-05
2477962394,2477962352,-0.0024238187,0.00038041483,0.00042418845
2477981356,2477981319,-0.0068867393,-0.000116541,-0.0042480268
2478003350,2478003311,0.0073093153,-0.0065417523,-0.005039947
2478022383,2478022350,-0.008372127,0.007250315,0.0048105735
2478046340,2478046307,0.008156881,-0.004969097,-0.009341897
2478066349,2478066317,-0.005922952,0.0056992644,-0.0021615056
2478087387,2478087354,-0.004143143,0.0068817316,-0.0047388454
2478109354,2478109309,0.009326798,-0.0032019145,0.0051383683
2478128346,2478128313,0.003736629,0.0031191653,-0.0018714385
2478151430,2478151396,-0.0041984254,-0.008582977,-0.008716899
2478172356,2478172324,-0.0013565596,0.0035893298,-0.007384402
2478193329,2478193296,-0.0034627705,-0.0018370469,-0.007831286
2478212355,2478212323,0.003060923,-0.003238799,-7.021453e-05
2478233341,2478233308,-0.00080880726,-0.009507164,0.0058657727
2478256338,2478256305,0.004333104,-0.0044515417,0.0040652975
2478276334,2478276303,0.007227173,-0.0029977553,-0.0041030454
2478297400,2478297354,0.0036982612,0.0074867294,-0.009797775
2478315556,2478315522,-0.0018193737,0.0067725303,-0.009843282
2478338415,2478338384,0.0018682069,-0.00067365414,-0.0074468367
2478361338,2478361305,0.0042724917,0.0054943687,-0.005703718
2478381327,2478381296,-0.00068427774,-0.0060594752,0.00017068742
2478403327,2478403296,0.0014675829,0.00022704716,0.006726202
2478422381,2478422348,-0.0049350504,-0.008921225,-0.006642044
2478442354,2478442323,-0.007419188,-0.008071463,-0.006772371
2478463340,2478463307,-0.008382757,0.002339233,-0.0011178387
2478487541,2478487508,0.005483905,0.007996822,0.0066886637
2478507364,2478507328,-0.005977017,-0.0061344183,0.004824704
2478529334,2478529302,0.0044896407,-0.0053033237,0.0035000537
2478550338,2478550305,0.008605558,-0.006485476,0.00031085807
2478566339,2478566306,-0.008375157,0.007793631,-0.0051462827
2478591478,2478591432,0.009799589,0.003661633,-0.0014869903
2478610334,2478610303,0.0049309074,-0.009188985,-0.0048626605
2478634338,2478634306,0.0007564225,-0.007148099,-0.0032181838
2478654332,2478654299,-0.0055532525,0.0033292058,-0.0060925097
2478674364,2478674319,0.009015485,-0.0012243207,-0.0053086192
2478697404,2478697361,-0.006499452,0.0020548236,0.0011016278
2478717356,2478717325,-0.009499989,0.009389697,0.0041883388
2478739329,2478739296,-0.0049520144,-0.0041893525,-0.00092831044
2478758338,2478758304,0.009704291,-0.0057507437,0.008638783
2478778413,2478778382,-0.0074875434,-0.006832372,0.0081851045
2478802356,2478802324,0.009399519,0.0030175624,-0.008662104
2478822487,2478822454,-0.00081824826,0.008373111,-0.0020735394
2478842357,2478842324,-0.0072808196,-0.0065515195,-0.00939223
2478862379,2478862344,-0.00011312338,0.0076536904,-0.007752695
2478886334,2478886302,-0.00835081,0.006559342,0.00479389
2478907394,2478907361,-0.009088609,0.009752204,-0.004158844
2478926327,2478926296,-0.0077401577,-0.0023487345,0.005629587
2478946335,2478946302,0.0063191284,-0.004841158,0.0037068261
2478966339,2478966307,0.008146922,0.009268378,-0.004989231
2478990333,2478990302,-0.005062053,-0.0022225443,-0.00925759
2479010335,2479010302,0.006340548,-0.005120802,0.0055817347
2479030359,2479030314,-0.0049611134,-0.0048708557,-0.0052777966
2479054357,2479054316,-0.004948687,0.002278821,0.0027335365
2479072516,2479072483,0.008666189,0.006081474,-0.0053929663
2479094333,2479094302,-0.0047125574,0.008688511,0.0021422012
2479117356,2479117323,0.009404982,0.0060749915,-0.002315244
2479138327,2479138296,-0.0052062487,-0.0093689,-0.007808287
2479155337,2479155304,-0.005047736,-0.0027520056,0.003919918
2479177371,2479177334,-0.006157795,0.0011128907,-0.004328159
2479195337,2479195305,0.009671981,-0.0009655407,-0.008681353
2479218410,2479218379,-0.0008619622,2.0894528e-05,0.0002633204
2479241222,2479241189,0.0069979792,-0.004738001,-0.004070798
2479262535,2479262492,0.00014087046,-0.0042615873,-0.0032968735
2479285935,2479285901,0.00887248,0.006164728,-0.0050974796
2479306414,2479306383,-0.0034934646,0.0055246204,-0.0076968484
2479326336,2479326303,0.005143287,-0.009024061,-0.006665267
2479346333,2479346302,0.003425037,0.0005856607,0.002762142
2479368332,2479368299,-0.00319703,0.008177597,-0.010151017
2479387361,2479387328,-0.008940808,-0.00084589137,0.0032099572
2479408335,2479408304,-0.010456174,-0.009926551,-0.0005965649
2479425330,2479425297,-0.008131357,0.0056723175,-0.0049592406
2479443333,2479443299,-0.008499192,0.005698365,-0.009474565
2479474329,2479474296,0.0075363372,-0.0022818046,-0.0014887083
2479491354,2479491312,-0.0088317515,-0.0068627945,0.0070680496
2479516337,2479516306,-0.006772308,0.003272355,0.0068743923
2479534329,2479534296,-0.00459226,0.0043047355,0.00042964768
2479558333,2479558302,0.002412187,0.008418694,0.0077743023
2479579339,2479579306,-0.0060319835,0.0054295864,-0.004575717
2479599333,2479599302,-0.0026834218,-0.007659666,-0.006561276
2479619340,2479619304,0.0048715007,0.0033059155,-0.0035881673
2479638215,2479638184,0.0011567782,-0.00074821594,-0.007637508
2479660352,2479660320,0.009257752,0.0018202801,-0.008473407
2479681329,2479681296,-0.000736899,0.0066869343,-0.0048869494
2479703356,2479703312,0.006140796,0.004488834,-0.008237933
2479722372,2479722340,0.0038900927,-0.0021805482,0.0025971036
2479749337,2479749304,0.0039317827,-0.002169232,0.0025988072
2479770334,2479770303,-0.003877845,-0.007980069,0.00794267
2479789336,2479789303,0.006874312,0.0025465454,-0.009282464
2479813336,2479813302,0.005990015,0.007486312,-0.0022344168
2479835333,2479835302,0.010673156,-0.002601936,0.005595632
2479856418,2479856387,0.00433734,0.00912379,-0.005046091
2479874333,2479874302,0.006558057,0.0015671586,0.008239551
2479897427,2479897385,0.00075330795,0.0088470625,-0.0039848327
2479917601,2479917567,0.008358725,0.0040875315,0.0011777673
2479938340,2479938308,-0.0038750374,0.004441008,0.0026894747
2479958352,2479958310,0.015526607,-0.002636313,0.002616929
2479982369,2479982336,-0.00054975494,0.006600755,0.009462993
2480002368,2480002337,0.0037984736,0.006843558,0.0030486705
2480023339,2480023306,0.005348382,-0.006752655,0.004753225
2480042387,2480042355,0.017365362,0.003957629,0.003764065
2480066413,2480066381,-0.0012088778,0.004289237,0.00567638
2480087360,2480087327,0.0066222367,-0.0069452845,-0.0020328793
2480106354,2480106318,0.013707848,-0.0016111116,0.00056154
2480126332,2480126299,0.014997525,0.0069696656,-0.0029072184
2480148330,2480148299,0.0013701328,0.009466584,0.0024079937
2480168335,2480168302,0.012712293,-0.0013724506,-0.0005979605
2480192378,2480192347,0.00061096717,0.010852279,-0.0017503423
2480209442,2480209410,0.017607743,-0.005948544,-0.0006613279
2480225364,2480225319,0.018970542,0.0046169907,0.0053555076
2480322839,2480322780,0.0036453088,0.0014095755,0.00073368667
2480343335,2480343302,-0.0025829189,0.010218766,-0.0042573046
2480366327,2480366296,0.030683879,0.022789914,-0.007943487
2480385433,2480385400,0.011886611,0.010786219,0.0037200204
2480407498,2480407465,0.020368049,-0.009326872,-0.0053268876
2480430329,2480430296,0.012408216,0.0030479834,0.0017969147
2480451434,2480451400,0.02002124,-0.0066026873,0.000762768
2480475334,2480475302,0.010712223,0.0059437775,-0.009264735
2480496334,2480496303,0.0106715,0.005796149,0.008755999
2480516335,2480516302,0.051369287,0.0042056097,0.0004960988
2480536338,2480536305,0.025453879,0.009111809,0.006157018
2480557387,2480557345,0.006351712,0.010866245,0.008567994
2480580337,2480580305,0.012406671,0.0010370179,-0.0040234313
2480597385,2480597344,0.019959912,0.0062936526,0.0037964748
2480619226,2480619193,0.06076558,0.013134076,-0.00257731
2480641355,2480641314,0.024338037,0.012098346,0.0029615685
2480664348,2480664312,0.0019675933,0.011480397,0.003961163
2480685334,2480685303,0.008810441,-0.006991507,-0.0055851396
2480702396,2480702349,0.038727395,0.008744256,0.00973399
2480724327,2480724296,0.095339276,0.02287122,-0.0042693755
2480748412,2480748379,0.0038992993,0.0021045825,0.003231348
2480764329,2480764296,0.014665788,-0.008194823,0.0034345642
2480788336,2480788303,0.018787142,0.014223309,0.0036668812
2480808330,2480808299,0.084459506,0.033467017,0.0012032546
2480830357,2480830311,0.043086864,0.015835742,-0.008160707
2480852412,2480852364,-0.013228442,-0.0011753724,-0.0093205795
2480872357,2480872324,0.0059341094,0.0162168,0.0002512358
2480892368,2480892335,0.08119792,0.01854148,-0.0046145716
2480913413,2480913381,0.09766765,0.026526812,0.0120697
2480932516,2480932470,-0.027663965,-0.0051581874,-0.00906059
2480955333,2480955302,-0.0070899474,0.013335869,0.0068170875
2480976333,2480976302,0.037024733,0.035974555,0.005314588
2481000329,2481000296,0.06845511,0.033437233,0.010219571
2481020333,2481020302,0.024079382,0.012389758,0.011048007
2481040330,2481040297,-0.033272937,-0.014482498,0.00050794997
2481060333,2481060302,-0.01630467,-0.006187683,0.01048537
2481084332,2481084299,0.041020103,0.01605898,0.0067469515
2481105333,2481105301,0.055654176,0.025219662,-0.0062149134
2481125337,2481125304,0.04109758,-0.0056622303,0.005663228
2481146336,2481146303,0.0061377008,0.0034505182,0.011683597
2481168334,2481168303,-0.039684203,-0.018823616,0.010405065
2481188334,2481188302,-0.02186065,-0.011560137,0.0107920505
2481210329,2481210296,0.01442446,0.00019878882,-0.006876376
2481228338,2481228305,0.009789214,0.011794557,0.013651971
2481252373,2481252340,-0.019590665,-0.0038048017,0.008849247
2481272354,2481272323,-0.0073344745,-0.038148608,0.0013840082
2481293337,2481293305,-0.027562413,-0.0105638085,0.016430743
2481313335,2481313302,-0.023907287,0.019475643,-0.00036910444
2481333358,2481333314,-0.049211305,0.007389375,-0.0010778862
2481354415,2481354382,-0.04651964,-0.002783163,0.014009596
2481378338,2481378305,-0.048465323,-0.0027567009,0.01939512
2481398413,2481398382,-0.035124842,-0.026460469,0.017089797
2481418336,2481418303,-0.048448212,-0.038833212,0.0018896523
2481438337,2481438305,-0.049838066,-0.018195983,0.015376917
2481462394,2481462350,-0.048879646,-0.0004857715,0.0048506064
2481482387,2481482354,-0.08285982,-0.0005025174,0.0047318256
2481502364,2481502332,-0.07543338,0.00143649,0.013329455
2481525013,2481524981,-0.066994295,0.02936854,0.0073518082
2481542361,2481542328,-0.049482312,0.012293264,0.014345629
2481567361,2481567328,-0.029937057,-0.0009573177,0.008155562
2481586334,2481586303,-0.020149186,-0.016921468,0.0032824986
2481606340,2481606307,-0.06744706,-0.0051896935,0.011117383
2481630335,2481630302,-0.08326318,0.021764848,0.013924696
2481649953,2481649907,-0.06608944,-0.01737062,0.0035822706
2481672355,2481672322,-0.07721202,-0.042861853,0.01396704
2481691338,2481691307,-0.055958126,-0.027568623,0.0026152227
2481710419,2481710386,-0.030433236,-0.017595075,0.005123897
2481732380,2481732349,-0.020630494,-0.0013970957,-0.0031802396
2481756380,2481756339,-0.038432702,0.00568424,-0.005512321
2481777366,2481777332,-0.032683387,-0.0007555627,0.011749877
2481796337,2481796305,-0.021795973,-0.020415751,-0.0028952325
2481820080,2481820035,-0.0072679035,-0.0076288707,-0.0007014295
2481840333,2481840302,-0.004355839,0.0050339424,0.0066178218
2481860415,2481860382,-0.025761347,0.0043794,0.008110697
2481880337,2481880305,-0.024866063,-0.007388132,0.0032434098
2481902372,2481902339,-0.0031063687,-0.019671578,-0.00709304
2481924333,2481924302,-0.0015559697,-0.028281583,-0.0023816123
2481945329,2481945296,-0.022991233,-0.0049313395,-0.00592569
2481964360,2481964319,-0.024809739,0.031345982,0.006963406
2481984341,2481984308,-0.008001166,0.029544927,-0.0079410365
2482008332,2482008299,0.0044162693,0.015977979,-0.005941591
2482026535,2482026502,-0.012609235,-0.021473175,-0.008567723
2482048341,2482048309,-0.03294333,0.010166728,0.005824063
2482068334,2482068303,-0.0046311496,0.038679082,0.003924407
2482089341,2482089308,-0.008282752,0.00528677,-0.0031043896
2482110334,2482110303,-0.03619175,-0.03828309,-0.0057149506
2482134337,2482134304,-0.0204296,-0.026894126,0.0008904697
2482154343,2482154310,0.0030152784,-0.04610318,-0.013063327
2482174334,2482174303,-0.029315837,-0.02682965,-0.0036113749
2482194335,2482194302,-0.0502875,-0.0063387314,-0.004118675
2482218513,2482218480,-0.016994504,-0.03657218,0.0028650027
2482239333,2482239302,0.012658847,-0.054360595,-0.013229205
2482260335,2482260302,-0.0033713405,-0.015831714,0.006258907
2482280333,2482280302,0.013436713,0.008177511,-0.0081828935
2482299333,2482299296,-0.004180956,0.008769302,0.0016472506
2482320333,2482320302,-0.017304443,0.0042171436,0.002851552
2482344365,2482344321,0.0010122003,0.01553239,-0.0069235046
2482364337,2482364304,-0.0034270114,0.008489047,-0.010678406
2482384365,2482384321,0.0022358927,0.0014658212,0.0015391674
2482405346,2482405313,0.010341501,0.021220896,-0.010125148
2482428361,2482428318,-0.0049364767,-0.0038796416,-0.008340258
2482448336,2482448304,0.017127454,-0.03466859,0.0011047642
2482468335,2482468302,0.038038768,-0.027636165,0.007396748
2482488413,2482488381,0.00026710576,-0.023557633,0.00880199
2482512364,2482512332,0.005297572,0.0081867585,0.006309384
2482529335,2482529303,0.021387441,0.0137376515,0.008585755
2482551340,2482551303,-0.004790836,-0.0039368323,-0.0017088645
2482575329,2482575296,-0.019741265,0.0075155185,-0.0033271627
2482594330,2482594298,-0.027056852,0.0058271587,0.0003886874
2482614340,2482614306,-0.022006541,0.003386649,-0.009744069
2482638335,2482638302,-0.0066928794,-0.01136383,0.0017323404
2482658334,2482658302,-0.008365404,-0.010204347,-0.0089098625
2482678353,2482678311,-0.01544351,-0.0050274716,-0.008539866
2482698330,2482698299,-0.0133962985,-0.0177316,-0.005441407
2482719421,2482719387,-0.007726846,0.008466113,-0.0128141325
2482743358,2482743316,-0.010633962,0.01888358,-0.013353791
2482762356,2482762324,-0.02397666,0.0014057873,0.0008927834
2482780769,2482780736,-0.0024015375,-0.0087089315,-0.00054772396
2482806339,2482806306,-0.014277471,-0.029120896,-0.007405754
2482826378,2482826320,-0.017173778,-0.03155324,-0.016609367
2482847367,2482847334,-0.0030004308,-0.013260178,-0.0107257385
2482866335,2482866302,0.02076241,-0.020008499,0.0010839474
2482887372,2482887340,0.025680069,-0.012821866,-0.017362546
2482909335,2482909302,0.025773859,-0.010156185,-0.006074107
2482932377,2482932344,0.008126585,-0.004042861,-0.007321108
2482953332,2482953300,0.012380987,0.00091311324,-0.011681933
2482972470,2482972437,0.03534606,0.0013924534,-0.004998112
2482992366,2482992334,0.008981401,0.007139368,-0.00417791
2483016486,2483016429,0.017494235,-0.009283324,-0.008932581
2483036343,2483036309,0.021549871,-0.018931258,-0.010234267
2483056335,2483056304,0.042477764,-0.024598198,0.001119631
2483077409,2483077376,0.010232902,-0.014364351,-0.0051755365
2483100335,2483100302,-0.016209055,-0.010661809,-0.012265924
2483121335,2483121302,-0.01550444,0.008303233,-0.002838066
2483140333,2483140302,-0.0035076723,-0.02853563,-0.010405108
2483160997,2483160964,-0.021967903,-0.02509497,-0.003614051
2483181415,2483181383,-0.0016979316,-0.020769719,-0.005744252
2483202358,2483202326,0.011886619,0.008922372,0.006819936
2483221081,2483221047,0.007813688,0.029627614,-0.008238186
2483247462,2483247431,0.0065319436,0.017864384,0.007019356
2483266336,2483266303,-0.0042944546,-0.010265274,0.0056257914
2483286340,2483286309,-0.026033888,-0.0140362,-0.007164604
2483310333,2483310302,0.015848007,0.0049641463,0.007844663
2483331336,2483331303,0.02494361,0.012785144,0.008793902
2483350350,2483350318,0.020049881,0.024901062,-0.002169237
2483370336,2483370303,0.03701835,0.023928013,0.009100245
2483391335,2483391303,0.027013956,0.015292122,0.0033759305
2483412450,2483412419,0.015153995,0.025328228,0.0072647496
2483433334,2483433300,0.023194892,0.016889902,0.0020695436
2483457356,2483457323,0.023402551,0.011502766,0.0023615495
2483477395,2483477363,0.024702514,0.015110603,-0.00432662
2483497361,2483497328,0.032917857,0.009392244,0.0022954133
2483518359,2483518315,0.01964784,-0.0026731438,0.0082211355
2483538338,2483538305,0.027367156,-0.018873079,0.0066561582
2483561345,2483561305,0.005762151,0.014863245,0.009481092
2483580341,2483580308,-0.006051951,0.014087161,0.0076229856
2483600327,2483600296,-0.009640363,0.017227992,0.005155621
2483624337,2483624305,0.016870696,0.002607495,0.0081344955
2483644339,2483644306,0.018938176,0.0036309408,0.00852557
2483665466,2483665425,0.011343383,-0.004843845,0.009826413
2483688340,2483688308,0.02100002,0.0031263628,0.005099277
2483708371,2483708338,0.011063044,0.0057118605,-0.00028721849
2483726960,2483726928,0.0063968077,0.0043060393,0.0100207925
2483748332,2483748299,0.018445954,-0.0067051062,0.01254661
2483772355,2483772323,0.02357125,-0.018521069,0.010258869
2483792376,2483792343,0.008304159,-0.019806933,0.011131764
2483812353,2483812322,0.012357613,-0.01621473,0.009350509
2483832368,2483832334,0.019152882,0.010326002,0.0046144216
2483856333,2483856302,0.01521865,0.015388569,0.0042677466
2483875249,2483875216,0.028484525,0.015736757,-0.0016099422
2483897397,2483897351,0.026740285,0.000847828,-0.0022254582
2483916356,2483916324,0.026776424,-0.009146125,0.003946567
2483940412,2483940381,0.01859419,0.0019902939,-0.008537808
2483960335,2483960302,0.021897316,0.013303698,-0.0044863354
2483982949,2483982903,0.011697846,0.00397779,0.009238259
2484001335,2484001302,0.03372167,-0.0040333564,0.007372105
2484024329,2484024296,0.037172742,0.008305824,0.0014236589
2484044341,2484044309,0.022908065,0.013210922,-0.009618371
2484065339,2484065306,0.023533437,0.020231145,0.0042086067
2484084363,2484084318,0.0010753336,-0.014905433,0.00073366973
2484105417,2484105384,0.0015782457,-0.018717045,0.004454767
2484129335,2484129302,0.006889586,-0.010548906,0.0038038269
2484148332,2484148299,0.0017040741,-0.0043411017,-0.0065887505
2484171410,2484171379,-0.010126967,0.0011872707,-0.01021148
2484190332,2484190299,0.013270201,0.0026954268,0.007701229
2484210334,2484210303,-5.0847055e-05,-0.007073001,0.0014982107
2484232385,2484232352,-0.00984451,-0.0039665145,0.0001899836
2484254327,2484254296,0.00401083,-0.004894263,0.0017978122
2484272836,2484272803,0.021944795,0.0019983756,0.0027169173
2484294340,2484294306,0.016865661,-0.014422021,-0.005672329
2484318335,2484318302,-0.0003856077,-0.03036466,0.0028991057
2484338341,2484338309,-0.007236304,-0.023941996,-0.0066284314
2484358414,2484358381,-0.011987997,-0.010792647,-0.0036395285
2484378337,2484378306,0.018837128,-0.010852363,-0.009046795
2484402452,2484402421,0.018227959,-0.018430362,-0.0100017255
2484422376,2484422343,-0.0018780726,-0.0021651618,-0.011153659
2484442402,2484442355,0.0017325258,-0.0123353265,0.0034983342
2484463339,2484463306,0.0121296365,-0.009633738,0.0016404614
2484486338,2484486305,0.022113545,-0.021537317,-0.0134157175
2484506513,2484506481,0.00048186368,0.0021378573,-0.013045836
2484526336,2484526303,-0.0068570455,-0.0067536654,0.00083997624
2484546333,2484546302,-0.022643877,-0.0032051865,0.005956844
2484567547,2484567504,0.0045785736,0.017980307,0.0057231765
2484590330,2484590296,0.0134047475,0.026680358,0.007085336
2484610333,2484610302,0.004890005,0.019126054,7.302966e-05
2484631336,2484631304,-0.016978491,0.024738755,0.0022688326
2484651335,2484651302,-0.00232763,0.0060788593,0.003594009
2484672410,2484672350,0.022160456,0.005873322,0.0011879632
2484692357,2484692326,-0.015776798,0.0011408015,-0.006304671
2484714333,2484714302,-0.030857416,0.011443115,-0.004238104
2484738334,2484738303,-0.014443402,-0.009149391,0.0074693575
2484759335,2484759302,-0.014560255,0.001066692,0.0025618633
2484778337,2484778305,-0.00019785218,0.0012127344,0.0015382664
2484799458,2484799424,0.008948487,0.004894845,-0.0023165483
2484822355,2484822322,0.009521883,-0.017613003,0.0041641644
2484840991,2484840960,0.033061936,0.0075466405,-0.0018519096
2484862377,2484862344,0.030263782,0.017528625,-0.005729724
2484882362,2484882331,-0.011998033,-0.011166681,-0.008930384
2484903329,2484903296,-0.026304254,-0.02092547,-0.008232192
2484926794,2484926761,-0.011767974,0.0018132678,-0.0048331018
2484948480,2484948448,-0.0018435909,0.011418941,-0.0065705907
2484969343,2484969309,0.00132143,0.01636583,-0.0065303547
2484988340,2484988305,-0.028866187,0.0099185435,-0.00093252654
2485008413,2485008380,-0.02226699,0.01400572,-0.0021453567
2485032381,2485032348,-0.0033874614,-0.0010824493,-0.01116332
2485052450,2485052419,-0.02078487,-0.007244008,0.001177941
2485071512,2485071479,-0.0165814,-0.019830193,0.0060765943
2485092357,2485092326,0.0034334378,-0.028816724,0.0064679384
2485112382,2485112348,-0.016406747,-0.024979126,-0.00078985177
2485134339,2485134308,-0.014224764,-0.012511723,-0.0015675675
2485158336,2485158305,0.019029701,-0.0065086596,0.0030928382
2485175360,2485175315,0.012860848,0.0063268254,0.0076812636
2485198334,2485198303,-0.00877299,-0.014019353,-0.003074785
2485219335,2485219302,-0.016186764,-0.036334313,-0.0049342825
2485236335,2485236302,-0.030268412,-0.010455011,-0.002122838
2485253519,2485253475,-0.034488536,-0.010829195,0.0031617254
2485283544,2485283511,-0.004441331,0.045148898,0.0051095383
2485299206,2485299077,-0.013110338,0.029515278,-0.0010978478
2485314909,2485314876,-0.018913608,0.0049951505,-0.0058951317
2485344942,2485344908,-0.009614219,-0.008516007,-0.0032029727
2485359827,2485359794,0.0027961857,-0.0057250676,0.009315442
2485389893,2485389860,-0.016842237,0.015349576,0.0059378957
2485406152,2485406119,-0.011301051,0.022557737,-0.0028204145
2485420913,2485420880,0.003025834,0.0036320866,0.0032912788
2485452361,2485452328,-0.009749117,-0.01313895,-0.00024766545
2485466890,2485466857,0.0054392894,0.0051839966,-0.008180807
2485484337,2485484304,0.002312739,0.0063625006,-0.0028525505
2485512610,2485512567,-0.018272206,0.013104056,0.0034189797
2485528547,2485528514,-0.020679204,0.0040111993,-0.011256736
2485544601,2485544568,-0.0024704726,-0.012158294,-0.0024551344
2485575342,2485575308,0.003053295,0.0054175486,0.0037363158
2485590340,2485590306,-0.0021169817,0.0090894485,0.005798038
2485619816,2485619783,-0.0095213605,-0.0012195146,0.006123459
2485635113,2485635070,0.012458177,-0.0017922804,0.005905597
2485650897,2485650864,0.009855464,-0.0021408002,0.002935024
2485681332,2485681299,-0.013592384,0.0071529383,0.000380183
2485695549,2485695516,-0.021854449,0.014870009,-0.0011694855
2485713417,2485713384,0.0026374091,0.0012569404,0.003704019
2485743440,2485743407,0.011175448,-0.003341301,0.0033407803
2485757991,2485757958,0.0031986001,0.0014252843,0.0058173197
2485787712,2485787679,0.0007527092,0.018075649,-0.00025348132
2485803338,2485803305,9.254931e-05,0.015298997,-0.0005864422
2485819339,2485819306,0.0067737284,0.0035418707,-0.0041737207
2485849520,2485849477,-0.0061093806,0.02025033,0.00018384593
2485863731,2485863698,-0.014233129,0.0157785,-0.009984137
2485879807,2485879774,-0.006185131,0.0061515477,0.004195971
2485911417,2485911384,0.0151724275,0.0025201035,-0.00068602944
2485926287,2485926244,0.0022276689,0.011820342,-0.0042893137
2485955676,2485955643,-0.00136432,0.011945843,-0.013958431
2485971751,2485971718,0.00091893785,-0.002634985,-0.012242436
2485986515,2485986482,-0.0075396206,0.008354176,-0.0024865204
2486016424,2486016391,0.0038503136,0.0131758815,0.0037175003
2486033339,2486033306,-0.0042818286,-0.0020873866,0.0067949933
2486046574,2486046541,0.0011641333,-0.006242829,0.0022104513
2486077903,2486077870,-0.0015497823,-0.0053100954,0.0018335242
2486093626,2486093539,-0.0030070192,0.016074715,-0.005796749
2486123070,2486123037,-0.0109932795,-0.001592946,0.0013414517
2486139334,2486139301,-0.0059806122,0.002264085,-0.009478579
2486153458,2486153421,-0.011166399,0.020795988,-0.0051266984
2486184993,2486184960,0.0058471416,0.004732393,-0.007344016
2486199473,2486199440,0.012230672,0.00374694,0.004895781
2486215429,2486215396,-0.004346887,0.005567028,-0.0026343525
2486245675,2486245642,-0.00040626465,0.018417956,0.002888387
2486260571,2486260538,-0.0026584496,0.0025544986,0.0037262398
2486290299,2486290265,0.0013137562,-0.00875941,0.0054277754
2486306686,2486306653,0.0033980974,0.016348293,-0.000675898
2486320538,2486320505,-0.0154682165,0.023742924,-0.0017422326
2486353347,2486353314,0.008773111,-0.010748519,0.0040831277
2486367372,2486367339,0.014575668,0.00040184427,0.0032056875
2486397384,2486397351,-0.0021177626,-0.0074188802,0.0006423867
2486412477,2486412444,-0.0105926,-0.0047304267,-0.00654842
2486428329,2486428296,-0.021176774,0.005321167,-0.007761299
2486458019,2486457986,-0.0055866726,0.026390526,-0.004145355
2486473417,2486473384,0.00010581957,0.004485546,-0.006904267
2486489417,2486489384,-0.004571676,0.0036183873,-0.008797253
2486517866,2486517833,-0.03134302,-0.0050688973,0.008255309
2486534505,2486534472,-0.018773053,-0.0046179118,-0.006270378
2486563250,2486563217,-0.003632186,0.0023461725,-0.0038680818
2486578523,2486578490,0.0003442478,0.0070666224,0.0077262847
2486593298,2486593265,0.003911154,0.005051093,-0.0055799647
2486624334,2486624301,-0.012464297,-0.009660399,-0.0001594908
2486638072,2486638039,-0.012464511,7.9412464e-05,0.008920645
2486669592,2486669559,0.005507391,-0.00064263056,0.009896919
2486684187,2486684154,0.0069449134,-0.007751273,0.001931391
2486698964,2486698931,-0.0068791243,0.0048646773,0.0044864574
2486729707,2486729674,-0.016181443,-0.016604178,-0.0048163324
2486745842,2486745809,-0.0056010215,-0.008849583,0.009050825
2486775453,2486775420,-0.018769836,0.009139288,0.0006393474
2486792368,2486792335,-0.013990463,0.005778802,0.0067626424
2486808339,2486808306,-0.01536919,-0.012280838,0.010787906
2486838342,2486838309,0.005051286,0.0022831196,0.006940036
2486851841,2486851807,-0.00040116583,0.0014573977,0.0044819354
2486868839,2486868806,-0.015651248,0.006742895,-0.004255938
2486899333,2486899300,0.01454174,0.0048496774,-0.009674066
2486913329,2486913296,0.01039961,-0.011126553,-0.0044562607
2486930434,2486930400,0.0043637976,-0.0085867895,0.0008763696
2486960614,2486960555,0.008769772,0.00843004,0.008581413
2486974739,2486974705,-0.0037256535,0.0033893522,0.009577402
2487006174,2487006141,0.006884748,0.013005766,0.0076628327
2487020640,2487020607,-0.0042001796,-0.017948607,-0.010319242
2487035435,2487035402,0.0057581165,-0.011737603,-0.0058497926
2487066370,2487066336,0.005850033,0.0005084715,-0.0038666439
2487081840,2487081807,-0.0063017183,0.00018850197,0.0020310984
2487097270,2487097226,-0.0037818335,0.0050345007,-0.009599622
2487128998,2487128965,0.01455251,-0.006724007,0.003699794
2487145393,2487145360,0.013073245,0.0120068835,0.0027001733
2487174317,2487174248,-0.009765214,0.0053014993,-0.010938682
2487188546,2487188512,-0.0037048887,-0.004386096,0.007557253
2487205339,2487205306,-0.013007166,-0.009544911,-0.0017424116
2487233579,2487233532,0.008063349,0.0052238232,-0.0019600764
2487249945,2487249912,0.0048345383,0.0011600849,-0.0030920543
2487279484,2487279450,-0.0043949536,0.012357984,0.009469083
2487296339,2487296306,0.0072176927,-0.0013318419,-0.003090836
2487311333,2487311300,0.011776273,-0.00904746,0.0006797548
2487341333,2487341300,-0.0006767782,0.002314218,0.004343026
2487354860,2487354827,-0.00044433918,0.0037654857,0.005736128
2487372387,2487372354,-0.0022933397,0.015637713,0.0059666852
2487401933,2487401900,0.01813496,-0.008582563,-0.007118658
2487417709,2487417676,0.005889602,-0.015014952,0.0070792404
2487433166,2487433133,-0.013474844,-0.009111429,-0.0013694968
2487464790,2487464757,0.002807248,-0.007375251,0.00587768
2487479862,2487479829,0.00093974435,-0.016543994,0.0027241204
2487511040,2487511007,0.0071004913,-0.0008327616,-0.010080412
2487527361,2487527328,-0.0007417478,-0.012693365,-0.0026708257
2487540391,2487540358,-0.0072120735,-0.003773407,-0.005643155
2487571019,2487570986,0.023771174,0.0018813937,-0.00360121
2487585975,2487585942,0.0055397125,-0.0089855,0.0049352013
2487601048,2487601015,0.012705176,-0.02237487,-0.001563203
2487633442,2487633409,0.011525943,0.0045945076,0.008054962
2487648006,2487647964,-0.0019606394,0.0015454817,0.007919462
2487677831,2487677794,0.010537898,0.006645635,-0.0034931703
2487693970,2487693937,0.01991555,0.003913264,-0.006585683
2487710439,2487710380,0.019294668,7.733525e-05,0.00081636064
2487740339,2487740306,0.018710148,-0.008042163,0.0023329419
2487757410,2487757377,0.006412244,-0.0125088375,-0.00063661166
2487771342,2487771309,0.011246972,-0.011655285,-0.007981651
2487802364,2487802331,0.0012400197,0.01684866,-0.0058603846
2487816081,2487816048,0.0024626348,0.006692447,-0.0061059445
2487830603,2487830557,-0.008108951,-0.0034969556,0.0036038102
2487860554,2487860517,0.0041714953,-0.012477795,0.00013471354
2487875367,2487875334,0.015038349,-0.0046284227,0.003945852
2487907375,2487907342,0.0045779077,0.0005611599,0.0029432517
2487921359,2487921326,-0.009381525,-0.0012484216,0.0061146095
2487938333,2487938300,0.0101260105,-0.0074260132,-0.009164683
2487968339,2487968306,0.008874466,0.00323679,0.0057479646
2487983338,2487983305,0.017671553,-0.008058123,0.0073634433
2488013601,2488013568,0.011031658,-0.0070214886,-0.0027931908
2488031339,2488031306,0.008135739,-0.009919383,0.0039679934
2488045295,2488045250,0.0043420447,-0.0028981937,0.006147669
2488075398,2488075339,0.00950025,0.0017152431,-0.0020512166
2488092381,2488092348,-0.000724038,-3.9916347e-05,0.0076833647
2488106737,2488106703,-0.010352936,-0.009533273,-0.009190942
2488139341,2488139308,-0.005087457,-0.0040526907,-0.007742852
2488152754,2488152721,0.0036135847,0.01031009,0.003953269
2488168151,2488168118,0.013325919,0.004861371,-0.00013568427
2488200334,2488200301,-0.0077949204,0.0053018657,-0.007885431
2488215242,2488215209,-0.003763447,0.00022174488,-0.007702636
2488246064,2488246030,0.00981084,-0.019606896,0.005101597
2488263339,2488263306,0.020402385,0.0057379375,0.005169826
2488276064,2488276031,0.0194447,0.002053386,0.011281261
2488292386,2488292353,0.00015672247,-0.0024473213,-0.0028577487
2488321734,2488321701,0.0015505917,0.0011517886,0.0061637163
2488338333,2488338300,-0.0030825208,0.0032614789,-0.0029759537
2488368949,2488368889,0.012733345,-0.023955509,-0.00092381984
2488382952,2488382919,0.014179812,-0.02044089,0.004225245
2488412530,2488412496,-0.0071703577,0.0065656803,-0.0020821022
2488429407,2488429373,-0.010418104,-0.007894175,-0.0061023408
2488445334,2488445301,-0.0005484591,-0.01154773,0.0017591922
2488474375,2488474342,0.0014006951,0.009896605,-0.003922022
2488488757,2488488724,0.009748737,0.01094581,-0.00737978
2488504207,2488504174,0.0032745143,-0.0049378583,-0.0051800134
2488534614,2488534581,-0.0028984663,-0.003909122,0.0047507025
2488550314,2488550281,0.0054758126,0.003743926,-0.0004885253
2488581097,2488581064,0.010536354,0.0015272507,-0.003407914
2488598341,2488598308,-0.006157909,0.01734305,0.006960285
2488614339,2488614306,-0.003984978,0.0042212685,-0.0031567959
2488643615,2488643582,0.0068393303,0.0073024435,0.0033613816
2488657893,2488657860,0.00903343,0.007990299,-0.0037058403
2488674531,2488674498,-0.0044560824,0.0021143118,0.009024301
2488705039,2488705006,-0.009707594,-0.015038367,-0.0020036807
2488720281,2488720238,0.006245311,-0.012191493,-0.0076924306
2488735776,2488735743,0.0010186252,-0.0018560092,0.011077415
2488766774,2488766741,0.007707268,0.0065106554,-5.3594864e-05
2488783348,2488783315,-0.006359993,-0.004467799,0.010132159
2488812100,2488812067,0.011933412,-0.00720491,0.0046813525
2488829333,2488829300,-0.00606889,0.007761606,-0.005044896
2488844341,2488844308,0.0035531959,0.006269985,0.0032441588
2488872476,2488872443,-0.009949766,-0.010430522,-0.008189011
2488888269,2488888223,0.009676351,-0.0050427075,-0.006781736
2488903108,2488903075,0.021879468,0.00218052,-0.0010871035
2488934285,2488934241,-0.013818671,0.004080155,-0.0077573233
2488950340,2488950307,-0.016127443,0.008147842,-0.00413316
2488965845,2488965812,0.008982273,0.0018597553,-0.007430819
2488997382,2488997349,0.0011160866,0.0012024576,-0.0007043129
2489010995,2489010962,-0.0023752335,0.0023814896,0.0033335628
2489041509,2489041476,-0.0054089427,-0.0041430607,0.004785392
2489058423,2489058389,-0.018775007,-0.0061743427,0.003943234
2489072804,2489072771,-0.0056686746,-0.00825477,0.000121561076
2489103235,2489103202,0.00396942,0.011642249,-0.008143477
2489119355,2489119322,0.0060063927,-0.0033679055,-0.005711052
2489133478,2489133445,-0.0025854157,-0.017866645,0.0013979746
2489165664,2489165631,-0.009166249,0.010274298,-0.008321406
2489179468,2489179435,-0.0125956535,-0.0008263581,0.008574473
2489210105,2489210072,0.003591771,0.012172435,0.0006848662
2489224921,2489224887,-0.005519208,0.0005335909,0.0017613246
2489239786,2489239753,-0.0112457555,-0.00011723015,-0.008087015
2489271350,2489271313,0.01346479,-0.0013865115,0.0054888963
2489285165,2489285132,0.009305069,-0.0055761696,0.005405049
2489314924,2489314890,0.0015449476,4.9852737e-05,0.010062036
2489330559,2489330525,0.0011974459,-0.002706624,-0.0063749435
2489347289,2489347237,0.0032187244,-0.0010267979,0.0015768738
2489376973,2489376914,0.0036580856,0.026340721,-0.005602237
2489392847,2489392788,0.015223409,0.017159963,-0.00018026552
2489407927,2489407894,0.004989612,-0.0011225846,0.006568398
2489439339,2489439306,-0.014113696,-0.013360651,0.0053459136
2489453603,2489453559,-0.017794287,-0.00028518186,-0.0010676674
2489483804,2489483771,-0.013005953,0.0014910528,0.005393228
2489499544,2489499502,-0.0068298876,-0.0019820014,0.0078335265
2489516347,2489516314,-0.007945514,0.00032500995,-0.0019873218
2489545448,2489545389,-0.0036985567,-0.0028420202,0.0017224919
2489560439,2489560406,0.004168338,0.019675039,-0.0065331017
2489577377,2489577340,0.0054324744,0.016628329,0.006844718
2489605866,2489605833,0.0026353514,0.009459204,-0.005562691
2489622379,2489622346,0.0012095132,0.010282839,9.046533e-06
2489652360,2489652327,-0.00578643,0.0021904202,0.003928088
2489666475,2489666441,-0.0030428688,0.004447239,0.0024879714
2489680628,2489680595,-0.0027604774,0.00460021,-0.004359656
2489710864,2489710831,0.0034097873,-0.00037332176,0.00930144
2489727101,2489727068,-0.005705507,-0.014028966,0.001812519
2489741713,2489741680,-0.0041699638,-0.0053857216,-0.010435829
2489772995,2489772962,-0.0031684325,0.008186323,-0.0054567433
2489787984,2489787951,-0.0038731294,0.0048105167,0.0072619175
2489818870,2489818836,-0.018424954,-0.0053702123,-0.0045647263
2489834316,2489834283,-0.0055491813,-0.0018306989,-0.0015998369
2489848794,2489848761,-0.018970395,-0.009001296,-0.0007426726
2489879086,2489879053,-0.0024877037,0.009874759,-0.0090716975
2489893950,2489893917,0.0029950761,-0.0029042282,0.0014207248
2489924081,2489924048,-0.00832677,-0.005493586,0.008241482
2489940333,2489940300,-0.017503215,-0.0107655255,-0.0062601925
2489954628,2489954595,-0.016618682,-0.003108091,0.008783152
2489986333,2489986300,0.011203447,0.007333392,0.005561652
2489999197,2489999164,0.011493683,0.008600732,-0.006089494
2490030738,2490030705,0.007155544,-0.004912155,0.007652221
2490045404,2490045371,0.0069687637,-0.022523304,-0.0022834546
2490075047,2490075014,0.009496653,-0.008163936,0.0055829044
2490090869,2490090836,0.013623609,-0.005792616,-0.0009686764
2490107888,2490107855,0.003485262,-0.013908638,-0.004566922
2490136294,2490136242,0.004003842,0.0021254946,0.0044824663
2490153420,2490153386,0.0007880915,0.005194533,0.008795477
2490181538,2490181505,0.00063653896,-0.018478243,-6.7777e-06
2490196662,2490196619,-0.0035108267,0.0022699647,-0.0073229684
2490212065,2490212032,-0.007196837,0.0047531547,0.0011773054
2490242475,2490242442,-0.00035732944,0.008540059,-0.004649331
2490258333,2490258300,-0.0011270848,0.00379446,-0.0065097
2490274418,2490274385,0.012546584,-0.0027398793,-0.002604896
2490302610,2490302577,-0.010804838,-0.010082394,0.003920979
2490319333,2490319300,7.6299926e-05,0.0040661115,0.0060274787
2490334401,2490334367,0.0071584093,0.009218559,-0.010258645
2490363578,2490363545,0.000848016,-0.006146557,0.0019291696
2490380328,2490380295,-0.013017268,-0.0013446123,-0.00017078972
2490411333,2490411300,-0.016276652,-0.0057091215,-0.00908676
2490426369,2490426319,0.0017272234,-0.005321876,0.0041881264
2490440548,2490440515,0.009139878,-0.017888272,0.0033262316
2490472462,2490472429,0.008546241,-0.011216826,-0.00043229182
2490487287,2490487237,0.0073596104,-0.0053258496,-0.00081193156
2490516959,2490516926,-0.0004489285,-0.0041577513,0.002851646
2490531966,2490531933,0.008273061,-0.011835859,0.0053562676
2490547138,2490547093,0.001879703,4.0923565e-05,-0.0031030695
2490579339,2490579305,-0.0021876195,0.004271699,-0.005388766
2490593558,2490593499,0.012375289,0.006701256,0.0013599448
2490609245,2490609212,0.003385803,0.006781982,-0.0085131405
2490639495,2490639462,0.00087684253,0.013074108,-0.008442252
2490656336,2490656303,-0.0053648823,-0.00435599,-0.0036398713
2490669695,2490669661,0.0029240958,0.009959468,-0.008634674
2490702368,2490702335,-0.004378419,-0.003051721,0.009428255
2490716001,2490715967,-0.0023538256,0.013542294,0.009550924
2490746732,2490746682,0.004135798,0.019593501,0.0029441712
2490763337,2490763304,0.016405707,0.009773857,0.004291433
2490777666,2490777632,0.025217738,0.009763692,0.0061332933
2490810284,2490810238,0.008766455,-0.01254443,-0.0060122414
2490826340,2490826307,-0.011792903,-0.0043537095,-0.008096261
2490839342,2490839309,-0.00405723,0.0044937925,-0.0019805264
2490871339,2490871306,0.014212244,0.002117936,-6.430124e-05
2490884795,2490884762,0.0070649018,0.015323062,0.008348383
2490914492,2490914459,-0.00015166917,0.0062686387,0.0064294296
2490929873,2490929839,0.0006881929,0.014498764,-0.009130862
2490945662,2490945628,0.0064664744,0.0056176987,0.0005457723
2490974466,2490974433,0.010993464,0.0077824676,-0.002797843
2490990606,2490990573,0.016634969,-0.01075665,0.0028283235
2491021108,2491021075,0.0060996413,0.0047436934,0.0009951473
2491037359,2491037326,-0.008909015,0.004240893,-0.007472474
2491051510,2491051477,-0.008909014,0.004240878,-0.007472484
2491082222,2491082185,0.02437843,-0.0055618845,0.0069135036
2491097936,2491097903,0.004677347,-0.007915024,0.0030331172
2491112727,2491112694,0.0083669815,-0.00403368,-0.00037916668
2491145338,2491145305,0.0046915617,0.0008278987,0.004480614
2491158633,2491158574,-0.00039941163,0.0070447577,0.0062622954
2491189333,2491189300,0.013327654,-0.0072052265,-0.007334267
2491203827,2491203794,0.012151138,-0.00418282,-0.0038382385
2491218876,2491218843,-0.0048557892,-0.002719891,-0.0103279
2491249994,2491249961,-0.010466459,0.00089499727,0.00468236
2491265995,2491265961,0.0048999884,-0.016855631,0.0090839835
2491281859,2491281826,0.00967899,-0.019046782,0.008798757
2491311555,2491311522,-0.011872468,0.009157553,0.008560971
2491328333,2491328300,-0.0051827477,-0.009368386,-0.0025780534
2491341856,2491341823,-0.012454204,-0.0033125163,-0.008771139
2491373367,2491373308,0.005317366,-0.019335171,0.0047736056
2491388902,2491388868,0.014363654,-0.0152234975,0.0054067215
2491419087,2491419053,-2.2500848e-05,0.00823061,-0.009955712
2491433683,2491433650,-0.015846193,0.0003623806,0.0058380505
2491450339,2491450306,-0.0104036955,0.0013698742,0.0069713034
2491480443,2491480405,0.005241237,-0.008492617,-0.0030239974
2491495333,2491495300,0.005284171,-0.015320767,-0.00018918877
2491523715,2491523682,-0.007932171,0.003736558,0.0064919824
2491540334,2491540301,-0.0011091422,0.0057149385,0.0028689958
2491553469,2491553436,-0.0074861133,-0.0015063335,0.001001925
2491583733,2491583687,-0.004978142,0.011384499,0.0071593886
2491600340,2491600307,0.0050704367,-0.0066911075,-0.008155742
2491629909,2491629876,-0.00034047788,-0.00060390536,-0.009731632
2491646066,2491646033,-0.00069338403,0.0081146825,0.0064612934
2491660149,2491660115,0.010399687,0.0028884604,-0.0023420486
2491693334,2491693301,-0.0008414927,0.016205754,-0.002899273
2491706304,2491706271,0.010103595,-0.009496489,-0.0030911323
2491723340,2491723307,0.0011894614,0.0009806706,0.0007421605
2491753341,2491753308,0.02035363,0.01400999,-0.007779927
2491766905,2491766872,0.0124932965,0.014703877,0.0061889393
2491782034,2491782001,0.015806746,-0.0066339048,0.0075110258
2491812752,2491812719,0.002905235,0.0030531115,0.004327511
2491827652,2491827615,0.020921683,0.004218196,0.0019231952
2491857759,2491857725,0.0129104955,-0.008290525,-0.005152923
2491874339,2491874306,0.011835169,-0.015981331,0.004776471
2491903345,2491903311,0.0015684378,-0.00093313586,0.007996049
2491918594,2491918561,-0.021467937,0.015300658,-0.0044586584
2491933622,2491933589,-0.006760631,0.0036914372,0.0031105971
2491964139,2491964092,0.006419458,-0.0058545414,0.0021037213
2491979555,2491979522,0.0022880428,0.00073782465,-0.009973442
2491996338,2491996305,-0.0032289457,0.013181609,-0.005932098
2492025939,2492025880,0.009518279,-0.004075295,0.0076881833
2492041336,2492041303,0.018163182,0.00863403,0.009994362
2492070129,2492070096,0.0037136234,0.012839619,-0.00065969385
2492086340,2492086306,0.0070029986,0.007881024,0.0048373286
2492102368,2492102335,-0.013165186,0.017499568,-0.008226898
2492130501,2492130454,0.0077014016,0.006732928,0.00634715
2492146011,2492145978,0.014350988,0.01272308,0.00211445
2492174940,2492174880,-0.0070572584,-0.0003355777,-0.0022855503
2492190021,2492189988,-0.015123509,-0.0024176077,-0.0055111134
2492206338,2492206305,0.0030424672,0.0059542516,-0.007338656
2492235600,2492235567,0.0015412553,0.017364642,-0.0043976097
2492252394,2492252361,0.008715779,0.017671824,0.0026412224
2492265513,2492265480,0.010237884,-0.0069180415,0.008348226
2492295466,2492295433,-0.0021973306,0.012450064,-0.0019140259
2492313344,2492313311,0.013850803,0.009717939,0.003478209
2492342359,2492342326,0.016817536,0.004593252,0.009968281
2492356719,2492356686,-0.0020326078,0.0029659853,0.005061733
2492371856,2492371823,-0.013637945,0.0070606344,-0.007890879
2492403356,2492403323,4.460676e-05,0.017482352,0.0043097516
2492419137,2492419104,0.015530016,0.020743007,-0.0062224595
2492434609,2492434576,-0.002733685,0.020812666,-0.007932773
2492467384,2492467351,-0.00054588856,-0.0009944208,0.0068976185
2492481682,2492481649,-0.0126909185,0.014356677,-0.0074848873
2492512488,2492512455,-0.0005601213,0.022672107,4.1662024e-05
2492527474,2492527441,0.01233071,0.0053354553,0.011099417
2492544337,2492544304,0.0048372243,-0.0019574245,0.0037322277
2492575417,2492575384,-0.023430046,0.0035279882,-0.0066345967
2492589218,2492589185,-0.013718277,0.019293264,0.008354621
2492605893,2492605860,0.002003605,0.020721769,-0.006529214
2492636339,2492636305,0.005522254,-0.008062216,0.002968511
2492651335,2492651302,-0.0021092207,0.0023408227,-0.0013736616
2492679522,2492679489,-0.015096268,0.010516148,0.0009860923
2492694441,2492694408,0.0020368332,0.015276146,-0.0029323997
2492709478,2492709416,0.008784931,0.0014684085,0.005775958
2492739555,2492739522,0.010834205,0.0016496668,-0.0024505565
2492755603,2492755570,-0.006505415,0.0038816277,0.01178651
2492785404,2492785371,0.0069009154,0.011515704,0.009906083
2492800884,2492800851,-0.0022614738,0.017758211,0.010571911
2492817388,2492817354,0.0036416098,0.005914731,0.009970642
2492846671,2492846634,-0.012098681,-0.0064244946,-0.009483371
2492864341,2492864307,0.0031708505,-0.005810248,-0.0038637526
2492877908,2492877875,0.003994865,0.003055256,-0.005979966
2492906623,2492906590,-0.0038180735,0.0007648329,-0.0044618584
2492921682,2492921649,0.003965372,-0.005879878,0.0021788846
2492936896,2492936863,-0.0043833856,0.010360572,0.004302691
2493633837,2493633777,0.009035687,0.021568062,0.008138248
2493654338,2493654305,0.4524044,-0.81114155,-0.007852793
2493668506,2493668447,0.4189302,-0.79936576,-0.01474815
2493699120,2493699076,0.010041133,-0.26610848,-0.01773693
2493715338,2493715305,-0.23242538,-0.07115638,-0.0106061725
2493730207,2493730174,-0.3778573,-0.07297657,-0.0004404353
2493760449,2493760416,-0.35886,-0.14487095,-0.010820729
2493777359,2493777326,-0.29823858,-0.069139645,-0.012764214
2493790866,2493790832,-0.2814349,0.033871923,-0.0049069175
2493821912,2493821879,-0.25817326,0.14741744,-0.009194642
2493838518,2493838485,-0.20736219,0.14743446,-0.019547563
2493852211,2493852178,-0.17321828,0.15225032,-0.01284982
2493883386,2493883352,-0.0835658,0.16118601,-0.014103056
2493898894,2493898861,-0.06258364,0.17129762,-0.017421354
2493913473,2493913440,-0.05182278,0.15401648,-0.005356385
2493946455,2493946422,0.006967247,0.10092866,-0.0075511453
2493960221,2493960188,0.029123697,0.09881461,-0.017330406
2493990474,2493990441,0.051158015,0.071795456,-0.012099586
2494005333,2494005300,0.038313087,0.04204998,0.00023416485
2494021418,2494021384,0.0439764,0.04223874,-0.007238068
2494050194,2494050161,0.048913814,0.025986444,0.003411923
2494066400,2494066367,0.0350882,0.008113921,-0.011937116
2494096270,2494096226,0.010775211,0.009556595,-0.014181043
2494112247,2494112214,0.01658215,0.025732093,-0.012252342
2494127939,2494127906,0.013615213,0.025415888,-0.005571497
2494157873,2494157840,-0.014260548,0.047452256,-0.011376214
2494177367,2494177333,-0.041902337,0.069006525,-0.0023567947
2494188512,2494188479,-0.044527914,0.08521953,0.0043895133
2494220344,2494220310,-0.052296165,0.08114591,-0.004593756
2494233701,2494233668,-0.06506037,0.06772331,0.0037245282
2494264480,2494264447,-0.054573413,0.12611222,-0.011166258
2494279757,2494279724,-0.07151306,0.15717047,-0.0122717265
2494296416,2494296383,-0.07930058,0.15843213,0.005142933
2494325963,2494325922,-0.10538576,0.15474401,0.004304865
2494342388,2494342355,-0.09119187,0.15022154,-0.007225499
2494370544,2494370511,-0.094345346,0.20250738,0.005228199
2494385964,2494385931,-0.10471146,0.2272592,0.0038437862
2494401702,2494401665,-0.093686506,0.25391898,-0.0007725588
2494433341,2494433308,-0.12067787,0.30662325,0.006788801
2494448344,2494448311,-0.13503909,0.33367613,-0.007214005
2494477841,2494477807,-0.13960788,0.40037286,0.004972415
2494493937,2494493904,-0.14652252,0.420497,-0.0009368972
2494508791,2494508758,-0.17186062,0.4535724,0.007731762
2494539470,2494539411,-0.18663076,0.5168529,-0.009223646
2494554325,2494554292,-0.18973796,0.5576845,-0.0060211327
2494570339,2494570306,-0.19717975,0.58160466,0.00031479323
2494602360,2494602327,-0.21229042,0.66385037,0.0010989053
2494615121,2494615088,-0.23521326,0.6888937,-0.009799148
2494630456,2494630423,-0.23821542,0.71723646,0.003777994
2494662387,2494662354,-0.2591271,0.77279764,0.0029450913
2494677376,2494677342,-0.27218935,0.8213025,0.006844489
2494706550,2494706517,-0.28813216,0.864583,-0.009817106
2494721413,2494721380,-0.28694418,0.90587264,0.002061246
2494751044,2494751011,-0.31740308,0.95766854,-0.003864527
2494766809,2494766776,-0.32619762,0.97155595,-0.00045246285
2494781952,2494781919,-0.32511708,0.99685943,0.00063793676
2494811973,2494811940,-0.34899426,1.0419425,-0.009117602
2494827639,2494827606,-0.34848666,1.0526096,-0.0004970466
2494841989,2494841956,-0.36678347,1.0704393,0.00830331
2494872822,2494872775,-0.3664269,1.0920804,0.0034102262
2494889340,2494889307,-0.3821605,1.1210508,-0.0026882754
2494918240,2494918207,-0.39843813,1.1223499,-0.0036920332
2494933531,2494933498,-0.3945984,1.1413265,0.0011637884
2494950339,2494950306,-0.40856457,1.1412363,-0.010138381
2494979802,2494979769,-0.4068334,1.1490654,-0.006522372
2494996339,2494996306,-0.4151216,1.1479152,-0.0044541582
2495009971,2495009938,-0.42601293,1.141434,-0.007920139
2495040971,2495040937,-0.4336041,1.1492474,0.0010736759
2495057371,2495057338,-0.42122835,1.1421208,0.0025386533
2495086296,2495086258,-0.4373973,1.1380316,0.0039725415
2495101135,2495101102,-0.42229024,1.1238258,8.294277e-05
2495116213,2495116180,-0.440735,1.1169525,-0.0024846275
2495146984,2495146951,-0.43971714,1.1080554,0.006347888
2495166354,2495166295,-0.433703,1.1164523,0.005437626
2495178273,2495178222,-0.4397112,1.095858,0.0006311942
2495212452,2495212419,-0.4395228,1.0737771,-0.008502871
2495224894,2495224835,-0.4292156,1.0495529,-0.0078747235
2495255125,2495255092,-0.4394246,1.0208321,-0.001554111
2495272387,2495272354,-0.43280724,0.9929751,-0.010572504
2495285021,2495284988,-0.429663,0.9622479,-0.00015367451
2495315638,2495315605,-0.4248936,0.88784933,0.006671156
2495330746,2495330712,-0.4265432,0.8382698,0.0065703252
2495359992,2495359959,-0.4286326,0.73783463,0.00818698
2495374674,2495374640,-0.4129129,0.699566,0.0017344009
2495390251,2495390214,-0.40901646,0.63742787,-0.009266282
2495420998,2495420965,-0.4040729,0.4737752,0.0044510593
2495436623,2495436590,-0.40877095,0.4002302,-0.008968321
2495451923,2495451880,-0.39611316,0.32459655,-0.01119733
2495484336,2495484303,-0.37507108,0.13197424,-0.011711677
2495497621,2495497588,-0.3646401,0.038851034,-0.011693795
2495513704,2495513671,-0.35913068,-0.05783407,-0.0073137423
2495544715,2495544682,-0.34760657,-0.26820716,-0.01043007
2495559371,2495559338,-0.3229779,-0.36332586,-0.011191194
2495590000,2495589967,-0.2875541,-0.5825242,-0.0076045915
2495606954,2495606921,-0.2726828,-0.6993418,-0.0024777828
2495620936,2495620903,-0.2625813,-0.8078731,0.0077228663
2495651589,2495651555,-0.21656477,-1.0140241,-0.009234821
2495668349,2495668316,-0.20167708,-1.0959377,-0.0090349
2495697044,2495696985,-0.1472412,-1.2849933,-0.004506162
2495713339,2495713306,-0.120058514,-1.355922,-0.003373519
2495728408,2495728349,-0.103136346,-1.4352584,-0.010221592
2495757520,2495757487,-0.038306072,-1.5602777,-0.007525825
2495772705,2495772671,-0.017542137,-1.605291,0.005260205
2495788194,2495788161,0.012918786,-1.6486051,-0.0048247343
2495820236,2495820203,0.079703316,-1.7350457,-0.0072553637
2495834452,2495834419,0.119364955,-1.7502456,-0.004673834
2495850317,2495850284,0.15399271,-1.7672732,0.005891139
2495880930,2495880870,0.21620792,-1.7922194,0.004500328
2495895829,2495895796,0.26292452,-1.8012905,-0.004757713
2495928338,2495928305,0.32950407,-1.8024293,0.0014810045
2495942846,2495942813,0.35309288,-1.7948892,0.0023989629
2495973763,2495973730,0.40793857,-1.7802081,-0.0070032743
2495989274,2495989206,0.43794495,-1.7596986,0.005869764
2496019581,2496019548,0.49811947,-1.7502761,0.0027547826
2496035486,2496035452,0.52708685,-1.7361985,0.0054628905
2496050845,2496050812,0.550369,-1.7078997,-0.003942164
2496081082,2496081049,0.5969444,-1.6688325,-0.0020604255
2496096307,2496096274,0.5980662,-1.6271847,-0.008341022
2496111484,2496111424,0.62737674,-1.5789324,-0.004974715
2496143591,2496143558,0.6554165,-1.4701744,-0.0056802575
2496158155,2496158122,0.66024923,-1.4042406,0.0065253656
2496174837,2496174803,0.6742846,-1.3195152,-0.008604887
2496205334,2496205301,0.44635198,-0.2447539,0.0072789975
2496221333,2496221300,0.25118196,0.44037232,0.025239924
2496250227,2496250194,0.20267552,0.48247093,0.03128304
2496265052,2496265019,0.19822083,0.4630254,0.019326396
2496295989,2496295955,0.18774378,0.4427473,0.01918379
2496313344,2496313311,0.18494399,0.4213472,0.023894783
2496326370,2496326337,0.18515894,0.41169167,0.025656734
2496356108,2496356075,0.17470594,0.3767726,0.025301639
2496371542,2496371509,0.1675799,0.3643892,0.019386696
2496387365,2496387331,0.15446836,0.36528397,0.007737259
2496418333,2496418299,0.15160878,0.331265,0.00860249
2496433721,2496433688,0.13757643,0.3299333,0.021173421
2496451339,2496451306,0.14367926,0.31128463,0.01801167
2496481339,2496481306,0.13531226,0.3080206,0.0021814932
2496496344,2496496311,0.12278494,0.2818911,0.00794685
2496509779,2496509746,0.118051276,0.28329286,0.0071585733
2496541332,2496541299,0.105924696,0.26982063,0.001468272
2496557360,2496557327,0.10446751,0.25706837,0.0070183612
2496587372,2496587339,0.09667255,0.24743633,0.007905277
2496603338,2496603305,0.09505284,0.22414993,0.014536397
2496616957,2496616918,0.10346006,0.22390129,0.007857949
2496649338,2496649305,0.09871739,0.21646528,0.0077812686
2496666420,2496666386,0.084117085,0.20443188,0.0049720057
2496694220,2496694187,0.08732965,0.19261461,0.010701786
2496710443,2496710384,0.07977619,0.17976283,0.01199723
2496724713,2496724680,0.08812667,0.18119532,0.0115282005
2496754929,2496754896,0.074084915,0.1653941,0.0055589583
2496769981,2496769945,0.07564768,0.16767247,-0.0028904127
2496784688,2496784655,0.07218131,0.1554233,0.009700048
2496814896,2496814849,0.068481,0.14731252,-0.006374644
2496829576,2496829543,0.05824154,0.13684247,-0.00451172
2496859850,2496859817,0.05555889,0.12688819,-0.0030678732
2496876334,2496876301,0.056752834,0.1270946,0.011212378
2496890059,2496890026,0.06572204,0.11970996,0.0029826122
2496922479,2496922446,0.046760596,0.1130195,-0.0033233191
2496935584,2496935551,0.0585726,0.1258609,-0.0024375622
2496967381,2496967344,0.040758386,0.11161588,-0.0044619013
2496981797,2496981764,0.050354734,0.104434565,-0.0048968964
2497012518,2497012485,0.04002135,0.095140725,0.008723688
2497027785,2497027742,0.039779678,0.09747451,-0.0016225453
2497042866,2497042833,0.038123723,0.083458304,0.004769231
2497073588,2497073554,0.033664465,0.08591403,-0.003931576
2497089727,2497089694,0.046373498,0.07837242,0.0031213276
2497120281,2497120233,0.038890168,0.07855907,0.00014155725
2497136342,2497136309,0.036927007,0.08027039,-0.000119193865
2497150694,2497150661,0.043241136,0.07423257,-0.007468124
2497180344,2497180311,0.022446115,0.06083712,0.0017440268
2497196333,2497196300,0.039832234,0.06247064,-0.005038701
2497225552,2497225519,0.030258832,0.05757412,-0.0004246017
2497240831,2497240798,0.029813595,0.058361284,-0.005016897
2497255043,2497255010,0.029720696,0.06901471,0.006031954
2497286193,2497286160,0.028977511,0.061251618,-0.008836979
2497303347,2497303314,0.02160454,0.057002515,-0.00086643477
2497331875,2497331841,0.02810719,0.0481214,0.0073252223
2497347560,2497347527,0.026026992,0.0496378,0.0056983028
2497363942,2497363908,0.019192917,0.039916378,-0.0069468785
2497393797,2497393764,0.022534003,0.03806351,-0.0019759624
2497410374,2497410315,0.020235049,0.034864485,0.0010319944
2497425486,2497425453,0.016213033,0.033944026,0.0008949317
2497454739,2497454706,0.008690405,0.035274196,0.00019236805
2497472375,2497472342,0.025136387,0.045065228,-0.0016280928
2497487523,2497487490,0.019514788,0.028827982,0.0061701513
2497516013,2497515980,0.019223303,0.039716758,0.0025608575
2497531444,2497531411,0.015870495,0.024232188,-0.0011269315
2497561118,2497561085,0.02165219,0.038890734,-0.008461631
2497576747,2497576714,0.018409457,0.028672997,-0.002686707
2497591894,2497591861,0.007186126,0.037985835,-0.0060957177
2497622802,2497622766,0.011964088,0.025370058,-0.007091307
2497638342,2497638308,0.015260201,0.030398788,-0.0063438527
2497653519,2497653486,0.012766739,0.015757076,0.0055244337
2497684400,2497684367,0.016197864,0.016707202,-0.008437595
2497700338,2497700305,0.0130690895,0.021523863,0.006362305
2497730458,2497730425,0.018641884,0.015024427,0.0062976494
2497745399,2497745356,0.019526962,0.016150586,0.008162045
2497775951,2497775904,0.0063862586,0.016576141,-0.002759801
2497790973,2497790939,0.014213128,0.015956055,-0.0012345584
2497821545,2497821512,0.008692691,0.016808098,-0.003297555
2497838340,2497838307,0.013084614,0.017492345,0.0018025303
2497852396,2497852363,0.0033057022,0.016757043,-0.008180872
2497882628,2497882594,0.010199852,0.011232501,0.000121635385
2497896907,2497896874,0.0137992855,0.011989885,-0.00861617
2497914340,2497914307,0.0052001905,0.003720421,0.00067048054
2497944335,2497944301,0.013599496,0.01171869,-0.0080072945
2497958079,2497958046,0.0033209906,0.01779212,0.007825674
2497988863,2497988830,0.010613637,0.0042864806,0.0035903794
2498003955,2498003922,0.008879048,0.010266036,0.00065952766
2498019750,2498019717,0.009203076,0.0053107343,0.0014137615
2498049765,2498049718,-0.0035747853,0.017486516,0.007754078
2498065339,2498065306,0.011974043,0.006271338,0.008279623
2498093785,2498093751,0.014205085,-0.0010319137,0.0079318285
2498109553,2498109520,0.006279127,0.015188379,0.0071913353
2498126340,2498126307,0.0037561276,0.0072612655,-0.0011835311
2498155509,2498155476,0.009041271,0.014106016,0.0068753366
2498172386,2498172353,0.0063724755,-0.0030520682,-0.0089868875
2498189340,2498189307,-0.003673256,0.004736336,0.00047523464
2498217165,2498217122,0.008907222,0.0011134595,-0.0013440643
2498233339,2498233306,0.009872202,0.01246157,-0.005337244
2498262220,2498262186,0.0018942652,0.0026064292,0.0047749
2498277107,2498277064,0.009710855,0.0044244914,-8.126866e-05
2498293335,2498293302,0.011141741,0.009771926,-0.00092630135
2498323095,2498323061,0.0012901914,0.013792607,-0.0033818139
2498337873,2498337840,0.007310377,-0.0007623767,-0.008102468
2498355340,2498355307,-0.0029629774,0.013819403,-0.009126174
2498385333,2498385300,-0.002968635,-0.004690556,-0.00038106178
2498398915,2498398882,0.010858532,0.00821896,-0.008002099
2498429837,2498429804,-0.0018059583,-0.0019073674,0.0018990751
2498446214,2498446181,0.010994303,0.0054985387,0.008094432
2498461418,2498461384,0.010409716,-0.0018149767,0.008502245
2498490900,2498490867,0.012577036,-0.004666152,-0.0075398097
2498505486,2498505453,0.012261908,0.0005178198,0.0050150123
2498536059,2498536026,-0.0004522096,0.0052762036,-0.0009309266
2498553334,2498553301,-0.005744151,0.0031208831,0.008366811
2498566561,2498566528,-0.0026706473,0.007635443,-0.0014585378
2498597622,2498597589,0.007389931,-0.004831483,0.007222458
2498612923,2498612889,-0.0026735116,0.009486681,0.0020276662
2498628637,2498628604,0.010693228,0.0020214708,-0.0056973416
2498657226,2498657193,0.010429895,0.00015076483,0.00024993124
2498672009,2498671975,0.0122948205,-0.0086228745,0.0014226935
2498686931,2498686898,0.0043394757,-0.007082852,-0.003461739
2498717156,2498717123,-0.0026322366,0.010001188,0.006612313
2498734339,2498734306,-0.0010077468,0.005557062,0.0074887318
2498763544,2498763511,0.0006696704,-0.00031938334,0.0048951255
2498779305,2498779272,-0.0051993495,0.0020973862,-0.010505063
2498794019,2498793986,-2.0278967e-05,-0.0033590961,-0.005827619
2498823588,2498823554,-0.001869789,0.007004585,-0.009999601
2498839404,2498839371,-0.0044618365,-0.0085326675,-0.00072755147
2498870441,2498870408,0.00623195,-0.0008095538,-0.010357036
2498885339,2498885306,-0.00068012706,0.0074620675,0.0058713225
2498900345,2498900312,0.0033574877,-0.0030599064,-0.0069437902
2498929590,2498929557,0.01163887,0.008324162,-0.0006166439
2498945333,2498945300,-0.0062935874,-0.0037073398,-0.00015807134
2498974250,2498974217,0.011362279,0.0019786174,-0.008320741
2498989432,2498989399,0.008029017,0.00422056,-0.003227728
2499005692,2499005659,0.006653548,-0.006558525,0.00050501816
2499035446,2499035387,-0.007940168,-0.0033464883,0.006825441
2499051485,2499051452,-0.002393073,-0.0003048745,0.00028472685
2499066351,2499066318,-0.006798105,-0.006551251,-0.004624299
2499097166,2499097107,5.051226e-05,0.0036869005,0.006405117
2499112393,2499112360,0.00496261,0.0059925644,-0.0025455833
2499142504,2499142471,0.0060086683,0.0029591825,0.007960436
2499159377,2499159344,-0.005679438,-0.0060668215,-0.010402393
2499173028,2499172970,0.0052607153,-0.0031308886,-0.009223435
2499205338,2499205305,0.0007264747,0.004130282,0.008979691
2499218481,2499218447,-0.005370905,-0.011153516,-0.0048782555
2499233901,2499233868,-0.0012123502,0.0010585086,0.0012264455
2499263803,2499263769,0.0028196694,-0.0077418545,0.0030986643
2499279096,2499279063,0.011101437,0.0019811294,-0.0051727705
2499308397,2499308364,0.000539222,-0.007839673,-0.0063688955
2499324012,2499323979,-0.0081542,-0.0061610867,0.0072314283
2499354034,2499354001,0.0096311895,-0.0035414149,-0.009944462
2499369929,2499369896,-0.00046427327,0.0037976166,-0.0075595826
2499384349,2499384315,-0.0017071806,0.005254289,0.008373296
2499414259,2499414219,0.01036607,-0.003347127,-0.002622764
2499432366,2499432333,-0.0060570696,0.00020661578,-0.0053257924
2499459480,2499459447,-0.0023508663,0.00060865725,0.008678605
2499476333,2499476300,0.002580739,-0.00838266,-0.0030001607
2499489738,2499489705,0.0046884846,-0.00013256981,0.005369368
2499520380,2499520347,0.009038766,-0.007224488,-3.790058e-05
2499536333,2499536300,0.011392314,-0.0079054935,-0.0014076533
2499550346,2499550313,0.008469277,-0.0041367123,0.0005342691
2499581760,2499581727,-0.00036051893,-0.008500358,0.0048565716
2499596993,2499596960,0.0033503976,-0.006092543,-0.003028388
2499627379,2499627346,-0.0077934964,-0.0024044057,-0.0027109035
2499642235,2499642202,0.009551682,-0.01147654,0.008614001
2499672671,2499672638,0.0057444656,0.0032431155,0.008378356
2499687820,2499687787,0.002840165,0.003367394,0.0040147863
2499703160,2499703127,-0.0008826698,0.0010561259,-0.0018615572
2499735339,2499735306,-0.0081319995,0.0006152892,-0.0028339834
2499749704,2499749671,0.00020994688,-0.010989216,0.0077793025
2499780502,2499780469,0.00865724,-0.000515203,-0.0031267945
2499795558,2499795525,-0.006606581,-0.0037537273,-0.0044161677
2499812182,2499812149,0.0025119951,0.0009918066,0.0008849226
2499840974,2499840941,-0.00012789585,0.0030288277,0.0052721547
2499858337,2499858304,0.009162013,-0.0048331404,-0.008343863
2499886859,2499886826,0.01127693,0.006392891,-0.004041175
2499901562,2499901529,0.004838374,-0.0028713446,0.002367518
2499917113,2499917080,-0.007496352,0.0055195056,0.0006141338
2499947748,2499947714,0.006479081,-0.005388736,-0.0044383933
2499964347,2499964314,0.00790752,-0.0033465466,0.0052245194
2499979335,2499979302,0.007585729,-0.0037841597,-0.0033203762
2500009167,2500009130,-0.0008273594,0.006465907,0.00041704986
2500024266,2500024224,0.007750553,-0.0056136018,0.0012819613
2500054077,2500054044,0.0035991357,0.005616001,0.005508423
2500069592,2500069559,0.010480902,-0.007159344,0.0032065245
2500086347,2500086313,0.010757154,0.0033369255,-0.0038072604
2500114355,2500114322,0.005314418,-0.009106036,0.0035729397
2500130838,2500130805,-0.0045436956,0.0035457995,0.007210456
2500145919,2500145885,0.0020623147,0.006622699,-0.0022912356
2500177075,2500177041,0.007663757,0.00038478966,-0.0048909257
2500192389,2500192356,-0.0029710042,-0.0008390667,-0.004883366
2500221744,2500221711,0.00850596,-0.0022521368,0.0052597863
2500241320,2500241250,0.008780928,-0.012453931,-0.0025375527
2500253339,2500253306,-0.0012094625,-0.0022636747,-0.0036125223
2500283340,2500283307,0.0046233493,0.0011367621,-0.010455644
2500298342,2500298309,-0.0016750717,-0.010576142,0.0005544778
2500328062,2500328029,0.008802671,-0.005840894,-0.004060222
2500342986,2500342953,0.010956811,-0.011412103,-0.009011623
2500357605,2500357572,0.0030152327,-0.0024995867,-0.004837597
2500389625,2500389591,0.00069592753,-0.00032647583,0.008556978
2500405335,2500405302,0.0005332627,-0.001840582,-0.009113329
2500419342,2500419308,-0.007610524,-0.012770242,-0.0012516254
2500450582,2500450549,0.008458802,0.0018961236,0.004014924
2500466333,2500466300,0.008495105,-0.01081002,0.00818506
2500496036,2500495990,-0.0023491501,0.0051080626,-0.009090722
2500515345,2500515308,0.007219547,-0.0006423681,0.008684811
2500526600,2500526566,0.0039428403,-0.0062712235,0.008881625
2500557718,2500557682,-0.008202139,-0.002094075,0.0074443575
2500574334,2500574301,-0.006011731,0.00034195278,0.008820706
2500588366,2500588333,-0.0007342107,-0.0040313913,-0.00457651
2500618951,2500618918,0.010931194,-0.010154678,-0.008486823
2500635333,2500635300,-0.0036070952,-0.010192548,0.00015874155
2500663940,2500663907,0.00707073,-0.004073154,-0.007616007
2500680329,2500680296,0.0058110678,-0.006613538,0.008812841
2500694625,2500694592,-0.007707036,-0.0013410529,-0.010629789
2500724543,2500724510,0.010013632,-0.007610836,-0.010329606
2500740097,2500740063,-0.006803905,0.00097398297,0.0048332294
2500769678,2500769645,0.008237433,0.00050667813,0.0021829312
2500784758,2500784724,0.00534083,-0.0009910468,0.004898007
2500814176,2500814143,-0.0020122882,-0.0022829399,0.0034580932
2500829893,2500829860,0.007187442,-0.0013584748,0.00209146
2500845261,2500845222,-0.0057900217,-0.008840093,0.0010800436
2500875782,2500875749,0.009003858,-0.0060601747,-0.00023119064
2500893341,2500893308,0.005204844,0.0032978964,-0.0012572393
2500906086,2500906053,0.0029425402,-0.007610158,-0.0060923235
2500937388,2500937355,0.0082890075,-0.0005490361,0.008975851
2500951426,2500951393,0.0015893485,-0.0009293008,-0.010090181
2500982179,2500982146,-0.0016641329,-0.0020601698,0.0020318402
2500998333,2500998300,-0.008320961,-0.0115251895,-0.0025627436
2501014333,2501014300,-0.00023001258,-0.0020218294,-0.009597329
2501042564,2501042518,-0.00091552595,0.0037566887,0.0016817112
2501058192,2501058159,0.00093202724,-0.00663249,0.0059899553
2501089462,2501089426,0.0021327513,0.004701592,-0.010494811
2501106333,2501106300,-0.007146405,-0.010723031,-0.004481887
2501121421,2501121388,0.007865302,-0.007516435,0.0037460476
2501152385,2501152352,-0.0018809789,-0.0010213568,0.0038259097
2501166804,2501166771,0.00059456675,-0.010864477,0.005777099
2501195856,2501195823,0.0066637555,-0.010765952,0.00114706
2501213343,2501213310,0.006897147,-0.0035615778,0.00054394786
2501228362,2501228302,0.007901777,-0.012454657,-0.0029985702
2501243413,2501243380,-0.0012014459,-0.011780225,0.0052590882
2501275416,2501275383,-0.0006773911,-0.0047405707,-0.010540376
2501291334,2501291301,-0.0049351207,0.0011023371,-0.004674945
2501319536,2501319503,0.001264699,-0.0025107597,-0.006644532
2501334842,2501334809,-0.0015842767,-0.0006333934,0.009085102
2501354334,2501354301,-0.006698218,-0.012678428,0.008768419
2501381206,2501381160,0.005430821,-0.007879967,-0.010147707
2501397452,2501397418,0.008596584,-8.0117024e-07,0.0055444343
2501426953,2501426920,0.003909451,-0.0024543558,-0.007674458
2501443086,2501443053,0.0013316686,-0.008277601,0.0053710737
2501458333,2501458300,-0.0015478857,-0.011030662,-0.00753668
2501487729,2501487696,-0.007007286,-0.008667579,0.0059529557
2501502583,2501502550,-0.0060119755,-0.00687744,0.00244332
2501517612,2501517579,0.0021685513,-0.01207564,-0.0060125473
2501548073,2501548040,0.009749958,-0.0029201752,0.0007147301
2501564339,2501564306,-0.005905248,-0.009971785,-0.002412152
2501594334,2501594301,0.0011118271,-0.006522025,-0.0016981247
2501607486,2501607453,0.0035961443,0.0037521287,0.00427173
2501623396,2501623363,0.008648571,-0.0049017686,0.00058414764
2501655335,2501655302,0.0077157477,0.0069397697,-0.0011335032
2501667974,2501667941,0.00912993,0.002393178,-0.0067889
2501698886,2501698853,-0.0065608025,0.00011877529,-0.004948099
2501715340,2501715307,0.003489898,-0.0019670764,-0.0063989838
2501730953,2501730920,0.0064806314,0.005344633,0.0056070494
2501761336,2501761303,0.0072154794,-0.009780606,-0.00630923
2501774120,2501774051,0.011129885,0.0020287756,-0.0073752534
2501804420,2501804361,0.00651641,0.0014953783,-0.00930009
2501820343,2501820310,0.0010781726,0.0014750205,-0.008210692
2501834059,2501834025,-0.0069197854,-0.002645767,-0.0023745091
2501865344,2501865310,-0.0027218568,-0.011743242,-0.0040578125
2501879454,2501879421,0.0057019927,0.006022881,0.003947497
2501894437,2501894403,0.008708308,-0.0023721128,-0.007730388
2501927361,2501927328,0.010223402,-0.0044565736,-0.0053415606
2501940456,2501940423,0.009483247,0.0065040523,0.005988607
2501970045,2501970008,-0.006855217,0.00079680677,-0.0026136967
2501985023,2501984985,-0.007969523,-0.0032591966,-0.010332518
2502000271,2502000222,-0.008498225,0.000487861,0.00851696
2502031873,2502031839,-0.0025850981,-0.0015579805,0.0035909177
2502046335,2502046302,-0.003724523,-0.0044406126,0.0015234193
2502076074,2502076041,0.0077859075,0.002674127,-0.0051187077
2502093352,2502093319,-0.0076491954,-0.0032113488,-0.0020316439
2502107048,2502107015,0.00806432,-0.01131401,-0.0056558154
2502140345,2502140308,0.003259399,-0.0044476655,-0.0028068307
2502153785,2502153752,0.007851137,0.00076577766,-0.010200444
2502184879,2502184845,-0.008220948,-0.00033990107,-0.0015213201
2502201333,2502201300,-0.005085936,0.0017650616,-0.003494569
2502215388,2502215331,0.0074738353,0.0027252128,0.008493781
2502245842,2502245809,0.008735815,-0.0083214305,0.0054458063
2502261344,2502261310,0.0076550636,-0.010460636,0.0029816087
2502291108,2502291075,0.006121546,-0.0053829043,0.002102327
2502306034,2502306000,0.0054211263,-0.006857614,-0.007881458
2502322394,2502322361,0.009013743,-0.0012017471,0.009057979
2502352359,2502352326,-0.0018394681,-0.010297944,0.0005260959
2502366830,2502366797,0.004670053,0.005393573,0.0018506437
2502382224,2502382191,-0.0017332858,-0.008262567,-0.0074061467
2502414347,2502414313,0.009369919,0.0039530946,0.0074410294
2502429310,2502429262,0.0011845524,0.0013257798,-0.0007908853
2502458478,2502458444,0.00879947,0.0035577,-0.0077599455
2502474214,2502474181,-0.00776301,0.0056254435,0.0001850304
2502489745,2502489712,0.0040904763,0.0036546614,-0.0070281886
2502520770,2502520736,0.0048821867,-0.0092726555,-0.009974557
2502536073,2502536040,0.0063526314,0.0060842745,-0.0050539155
2502553345,2502553305,-0.0071473643,-0.0001394609,-0.0014099237
2502581735,2502581702,-0.003240848,0.0066554155,-0.0034762712
2502596778,2502596745,0.0035664984,0.00041257334,0.002426449
2502614728,2502614695,0.009114619,-0.0040976987,-0.010459921
2502641915,2502641882,0.0054800957,0.0031569179,0.0064579784
2502657229,2502657195,-0.005498777,-0.004529485,-0.0038942508
2502688218,2502688185,0.0005476842,0.0037801925,-0.0082509015
2502704341,2502704308,0.009811502,0.0062847566,0.008421108
2502718613,2502718539,-0.005124244,0.0025554255,0.0037205177
2502751339,2502751306,-0.004032783,-0.011493863,-0.010085916
2502765378,2502765344,0.004111495,-0.011662987,0.008847882
2502793816,2502793783,-0.0067504896,-0.006011217,-0.010453925
2502811335,2502811302,0.0041402746,0.0046441425,0.0057664816
2502825343,2502825310,0.007888345,0.00037073065,0.0034182558
2502855332,2502855299,-0.00458626,-0.0010400317,0.003062389
2502871335,2502871302,0.0014264632,-0.009589863,0.001062911
2502899539,2502899506,-0.007708036,-0.0073872344,0.0012511282
2502917364,2502917331,-0.0014842805,-0.009809837,-0.008419816
2502932385,2502932352,0.004351924,0.0043548886,-0.0068362923
2502962386,2502962348,0.006756796,0.0018369427,0.0051359935
2502977358,2502977325,0.00025706604,-0.0063488903,-0.0012653153
2502992358,2502992325,0.0038070013,0.0040413737,0.006401452
2503023339,2503023306,-0.0026770397,0.004658298,0.0016075805
2503038335,2503038302,0.0073376214,-0.007856731,0.008039579
2503053332,2503053299,-0.004804828,-0.010653902,0.009003543
2503084332,2503084299,0.007650801,-0.0049995864,-0.007526578
2503100339,2503100306,-0.007824276,0.0013298513,-0.0012910671
2503114390,2503114353,-0.0058133686,-0.00379653,-0.0017621274
2503147383,2503147350,0.009378101,-0.0015473481,0.0010633083
2503162470,2503162437,0.010345457,-0.005502852,-0.006033673
2503192358,2503192325,0.008659383,0.0035099522,-0.007825524
2503208339,2503208306,0.0040077837,-0.0072851405,0.0007954621
