timestamp,noutputs,output[0],output[1],output[2],output[3],output[4],output[5],output[6],output[7],output[8],output[9],output[10],output[11],output[12],output[13],output[14],output[15]
27215457,8,1000.0,1000.0,1000.0,1000.0,1500.0,1500.0,900.0,900.0,0.0,0.0,0.0,0.0,0.0,0.0,0.0,0.0
27333529,8,1000.0,1000.0,1000.0,1000.0,1500.0,1500.0,900.0,900.0,0.0,0.0,0.0,0.0,0.0,0.0,0.0,0.0
27434454,8,1000.0,1000.0,1000.0,1000.0,1500.0,1500.0,900.0,900.0,0.0,0.0,0.0,0.0,0.0,0.0,0.0,0.0
27537514,8,1000.0,1000.0,1000.0,1000.0,1500.0,1500.0,900.0,900.0,0.0,0.0,0.0,0.0,0.0,0.0,0.0,0.0
27638443,8,1000.0,1000.0,1000.0,1000.0,1500.0,1500.0,900.0,900.0,0.0,0.0,0.0,0.0,0.0,0.0,0.0,0.0
27737519,8,1000.0,1000.0,1000.0,1000.0,1500.0,1500.0,900.0,900.0,0.0,0.0,0.0,0.0,0.0,0.0,0.0,0.0
27838216,8,1000.0,1000.0,1000.0,1000.0,1500.0,1500.0,900.0,900.0,0.0,0.0,0.0,0.0,0.0,0.0,0.0,0.0
27941528,8,1000.0,1000.0,1000.0,1000.0,1500.0,1500.0,900.0,900.0,0.0,0.0,0.0,0.0,0.0,0.0,0.0,0.0
28040573,8,1000.0,1000.0,1000.0,1000.0,1500.0,1500.0,900.0,900.0,0.0,0.0,0.0,0.0,0.0,0.0,0.0,0.0
28143455,8,1000.0,1000.0,1000.0,1000.0,1500.0,1500.0,900.0,900.0,0.0,0.0,0.0,0.0,0.0,0.0,0.0,0.0
28244462,8,1000.0,1000.0,1000.0,1000.0,1500.0,1500.0,900.0,900.0,0.0,0.0,0.0,0.0,0.0,0.0,0.0,0.0
28349518,8,1000.0,1000.0,1000.0,1000.0,1500.0,1500.0,900.0,900.0,0.0,0.0,0.0,0.0,0.0,0.0,0.0,0.0
28450994,8,1000.0,1000.0,1000.0,1000.0,1500.0,1500.0,900.0,900.0,0.0,0.0,0.0,0.0,0.0,0.0,0.0,0.0
28551525,8,1000.0,1000.0,1000.0,1000.0,1500.0,1500.0,900.0,900.0,0.0,0.0,0.0,0.0,0.0,0.0,0.0,0.0
28649573,8,1000.0,1000.0,1000.0,1000.0,1500.0,1500.0,900.0,900.0,0.0,0.0,0.0,0.0,0.0,0.0,0.0,0.0
28754461,8,1000.0,1000.0,1000.0,1000.0,1500.0,1500.0,900.0,900.0,0.0,0.0,0.0,0.0,0.0,0.0,0.0,0.0
28856446,8,1000.0,1000.0,1000.0,1000.0,1500.0,1500.0,900.0,900.0,0.0,0.0,0.0,0.0,0.0,0.0,0.0,0.0
28955456,8,1000.0,1000.0,1000.0,1000.0,1500.0,1500.0,900.0,900.0,0.0,0.0,0.0,0.0,0.0,0.0,0.0,0.0
29059448,8,1000.0,1000.0,1000.0,1000.0,1500.0,1500.0,900.0,900.0,0.0,0.0,0.0,0.0,0.0,0.0,0.0,0.0
29160443,8,1000.0,1000.0,1000.0,1000.0,1500.0,1500.0,900.0,900.0,0.0,0.0,0.0,0.0,0.0,0.0,0.0,0.0
29262498,8,1000.0,1000.0,1000.0,1000.0,1500.0,1500.0,900.0,900.0,0.0,0.0,0.0,0.0,0.0,0.0,0.0,0.0
29362473,8,1000.0,1000.0,1000.0,1000.0,1500.0,1500.0,900.0,900.0,0.0,0.0,0.0,0.0,0.0,0.0,0.0,0.0
29462487,8,1000.0,1000.0,1000.0,1000.0,1500.0,1500.0,900.0,900.0,0.0,0.0,0.0,0.0,0.0,0.0,0.0,0.0
29567482,8,1000.0,1000.0,1000.0,1000.0,1500.0,1500.0,900.0,900.0,0.0,0.0,0.0,0.0,0.0,0.0,0.0,0.0
29665448,8,1000.0,1000.0,1000.0,1000.0,1500.0,1500.0,900.0,900.0,0.0,0.0,0.0,0.0,0.0,0.0,0.0,0.0
29768449,8,1000.0,1000.0,1000.0,1000.0,1500.0,1500.0,900.0,900.0,0.0,0.0,0.0,0.0,0.0,0.0,0.0,0.0
29867484,8,1000.0,1000.0,1000.0,1000.0,1500.0,1500.0,900.0,900.0,0.0,0.0,0.0,0.0,0.0,0.0,0.0,0.0
29971443,8,1000.0,1000.0,1000.0,1000.0,1500.0,1500.0,900.0,900.0,0.0,0.0,0.0,0.0,0.0,0.0,0.0,0.0
30071419,8,1000.0,1000.0,1000.0,1000.0,1500.0,1500.0,900.0,900.0,0.0,0.0,0.0,0.0,0.0,0.0,0.0,0.0
30175448,8,1000.0,1000.0,1000.0,1000.0,1500.0,1500.0,900.0,900.0,0.0,0.0,0.0,0.0,0.0,0.0,0.0,0.0
30276444,8,1000.0,1000.0,1000.0,1000.0,1500.0,1500.0,900.0,900.0,0.0,0.0,0.0,0.0,0.0,0.0,0.0,0.0
30379497,8,1000.0,1000.0,1000.0,1000.0,1500.0,1500.0,900.0,900.0,0.0,0.0,0.0,0.0,0.0,0.0,0.0,0.0
30480448,8,1000.0,1000.0,1000.0,1000.0,1500.0,1500.0,900.0,900.0,0.0,0.0,0.0,0.0,0.0,0.0,0.0,0.0
30581522,8,1000.0,1000.0,1000.0,1000.0,1500.0,1500.0,900.0,900.0,0.0,0.0,0.0,0.0,0.0,0.0,0.0,0.0
30683448,8,1000.0,1000.0,1000.0,1000.0,1500.0,1500.0,900.0,900.0,0.0,0.0,0.0,0.0,0.0,0.0,0.0,0.0
30781449,8,1000.0,1000.0,1000.0,1000.0,1500.0,1500.0,900.0,900.0,0.0,0.0,0.0,0.0,0.0,0.0,0.0,0.0
30885504,8,1000.0,1000.0,1000.0,1000.0,1500.0,1500.0,900.0,900.0,0.0,0.0,0.0,0.0,0.0,0.0,0.0,0.0
30988481,8,1000.0,1000.0,1000.0,1000.0,1500.0,1500.0,900.0,900.0,0.0,0.0,0.0,0.0,0.0,0.0,0.0,0.0
31089451,8,1000.0,1000.0,1000.0,1000.0,1500.0,1500.0,900.0,900.0,0.0,0.0,0.0,0.0,0.0,0.0,0.0,0.0
31189444,8,1000.0,1000.0,1000.0,1000.0,1500.0,1500.0,900.0,900.0,0.0,0.0,0.0,0.0,0.0,0.0,0.0,0.0
31287498,8,1000.0,1000.0,1000.0,1000.0,1500.0,1500.0,900.0,900.0,0.0,0.0,0.0,0.0,0.0,0.0,0.0,0.0
31390449,8,1000.0,1000.0,1000.0,1000.0,1500.0,1500.0,900.0,900.0,0.0,0.0,0.0,0.0,0.0,0.0,0.0,0.0
31495448,8,1000.0,1000.0,1000.0,1000.0,1500.0,1500.0,900.0,900.0,0.0,0.0,0.0,0.0,0.0,0.0,0.0,0.0
31593453,8,1000.0,1000.0,1000.0,1000.0,1500.0,1500.0,900.0,900.0,0.0,0.0,0.0,0.0,0.0,0.0,0.0,0.0
31698447,8,1000.0,1000.0,1000.0,1000.0,1500.0,1500.0,900.0,900.0,0.0,0.0,0.0,0.0,0.0,0.0,0.0,0.0
31795456,8,1000.0,1000.0,1000.0,1000.0,1500.0,1500.0,900.0,900.0,0.0,0.0,0.0,0.0,0.0,0.0,0.0,0.0
31900478,8,1000.0,1000.0,1000.0,1000.0,1500.0,1500.0,900.0,900.0,0.0,0.0,0.0,0.0,0.0,0.0,0.0,0.0
32003461,8,1000.0,1000.0,1000.0,1000.0,1500.0,1500.0,900.0,900.0,0.0,0.0,0.0,0.0,0.0,0.0,0.0,0.0
32103444,8,1000.0,1000.0,1000.0,1000.0,1500.0,1500.0,900.0,900.0,0.0,0.0,0.0,0.0,0.0,0.0,0.0,0.0
32205443,8,1000.0,1000.0,1000.0,1000.0,1500.0,1500.0,900.0,900.0,0.0,0.0,0.0,0.0,0.0,0.0,0.0,0.0
32306455,8,1000.0,1000.0,1000.0,1000.0,1500.0,1500.0,900.0,900.0,0.0,0.0,0.0,0.0,0.0,0.0,0.0,0.0
32408528,8,1000.0,1000.0,1000.0,1000.0,1500.0,1500.0,900.0,900.0,0.0,0.0,0.0,0.0,0.0,0.0,0.0,0.0
32507523,8,1000.0,1000.0,1000.0,1000.0,1500.0,1500.0,900.0,900.0,0.0,0.0,0.0,0.0,0.0,0.0,0.0,0.0
32611527,8,1000.0,1000.0,1000.0,1000.0,1500.0,1500.0,900.0,900.0,0.0,0.0,0.0,0.0,0.0,0.0,0.0,0.0
32713460,8,1000.0,1000.0,1000.0,1000.0,1500.0,1500.0,900.0,900.0,0.0,0.0,0.0,0.0,0.0,0.0,0.0,0.0
32814444,8,1000.0,1000.0,1000.0,1000.0,1500.0,1500.0,900.0,900.0,0.0,0.0,0.0,0.0,0.0,0.0,0.0,0.0
32915462,8,1000.0,1000.0,1000.0,1000.0,1500.0,1500.0,900.0,900.0,0.0,0.0,0.0,0.0,0.0,0.0,0.0,0.0
33017495,8,1000.0,1000.0,1000.0,1000.0,1500.0,1500.0,900.0,900.0,0.0,0.0,0.0,0.0,0.0,0.0,0.0,0.0
33082497,8,1000.0,1000.0,1000.0,1000.0,1500.0,1500.0,900.0,900.0,0.0,0.0,0.0,0.0,0.0,0.0,0.0,0.0
33219571,8,1000.0,1000.0,1000.0,1000.0,1500.0,1500.0,900.0,900.0,0.0,0.0,0.0,0.0,0.0,0.0,0.0,0.0
33322496,8,1000.0,1000.0,1000.0,1000.0,1500.0,1500.0,900.0,900.0,0.0,0.0,0.0,0.0,0.0,0.0,0.0,0.0
33424462,8,1000.0,1000.0,1000.0,1000.0,1500.0,1500.0,900.0,900.0,0.0,0.0,0.0,0.0,0.0,0.0,0.0,0.0
33525444,8,1000.0,1000.0,1000.0,1000.0,1500.0,1500.0,900.0,900.0,0.0,0.0,0.0,0.0,0.0,0.0,0.0,0.0
33626536,8,1000.0,1000.0,1000.0,1000.0,1500.0,1500.0,900.0,900.0,0.0,0.0,0.0,0.0,0.0,0.0,0.0,0.0
33728451,8,1000.0,1000.0,1000.0,1000.0,1500.0,1500.0,900.0,900.0,0.0,0.0,0.0,0.0,0.0,0.0,0.0,0.0
33828448,8,1000.0,1000.0,1000.0,1000.0,1500.0,1500.0,900.0,900.0,0.0,0.0,0.0,0.0,0.0,0.0,0.0,0.0
33929458,8,1000.0,1000.0,1000.0,1000.0,1500.0,1500.0,900.0,900.0,0.0,0.0,0.0,0.0,0.0,0.0,0.0,0.0
34032471,8,1000.0,1000.0,1000.0,1000.0,1500.0,1500.0,900.0,900.0,0.0,0.0,0.0,0.0,0.0,0.0,0.0,0.0
34133529,8,1000.0,1000.0,1000.0,1000.0,1500.0,1500.0,900.0,900.0,0.0,0.0,0.0,0.0,0.0,0.0,0.0,0.0
34234457,8,1000.0,1000.0,1000.0,1000.0,1500.0,1500.0,900.0,900.0,0.0,0.0,0.0,0.0,0.0,0.0,0.0,0.0
34336464,8,1000.0,1000.0,1000.0,1000.0,1500.0,1500.0,900.0,900.0,0.0,0.0,0.0,0.0,0.0,0.0,0.0,0.0
34439450,8,1000.0,1000.0,1000.0,1000.0,1500.0,1500.0,900.0,900.0,0.0,0.0,0.0,0.0,0.0,0.0,0.0,0.0
34539530,8,1000.0,1000.0,1000.0,1000.0,1500.0,1500.0,900.0,900.0,0.0,0.0,0.0,0.0,0.0,0.0,0.0,0.0
34639449,8,1000.0,1000.0,1000.0,1000.0,1500.0,1500.0,900.0,900.0,0.0,0.0,0.0,0.0,0.0,0.0,0.0,0.0
34743461,8,1000.0,1000.0,1000.0,1000.0,1500.0,1500.0,900.0,900.0,0.0,0.0,0.0,0.0,0.0,0.0,0.0,0.0
34844621,8,1000.0,1000.0,1000.0,1000.0,1500.0,1500.0,900.0,900.0,0.0,0.0,0.0,0.0,0.0,0.0,0.0,0.0
34943455,8,1000.0,1000.0,1000.0,1000.0,1500.0,1500.0,900.0,900.0,0.0,0.0,0.0,0.0,0.0,0.0,0.0,0.0
35048555,8,1000.0,1000.0,1000.0,1000.0,1500.0,1500.0,900.0,900.0,0.0,0.0,0.0,0.0,0.0,0.0,0.0,0.0
35152484,8,1000.0,1000.0,1000.0,1000.0,1500.0,1500.0,900.0,900.0,0.0,0.0,0.0,0.0,0.0,0.0,0.0,0.0
35253445,8,1000.0,1000.0,1000.0,1000.0,1500.0,1500.0,900.0,900.0,0.0,0.0,0.0,0.0,0.0,0.0,0.0,0.0
35354453,8,1000.0,1000.0,1000.0,1000.0,1500.0,1500.0,900.0,900.0,0.0,0.0,0.0,0.0,0.0,0.0,0.0,0.0
35454452,8,1000.0,1000.0,1000.0,1000.0,1500.0,1500.0,900.0,900.0,0.0,0.0,0.0,0.0,0.0,0.0,0.0,0.0
35558452,8,1000.0,1000.0,1000.0,1000.0,1500.0,1500.0,900.0,900.0,0.0,0.0,0.0,0.0,0.0,0.0,0.0,0.0
35659472,8,1000.0,1000.0,1000.0,1000.0,1500.0,1500.0,900.0,900.0,0.0,0.0,0.0,0.0,0.0,0.0,0.0,0.0
35760733,8,1000.0,1000.0,1000.0,1000.0,1500.0,1500.0,900.0,900.0,0.0,0.0,0.0,0.0,0.0,0.0,0.0,0.0
35859463,8,1000.0,1000.0,1000.0,1000.0,1500.0,1500.0,900.0,900.0,0.0,0.0,0.0,0.0,0.0,0.0,0.0,0.0
35963450,8,1000.0,1000.0,1000.0,1000.0,1500.0,1500.0,900.0,900.0,0.0,0.0,0.0,0.0,0.0,0.0,0.0,0.0
36066449,8,1122.0,1114.0,1106.0,1137.0,1500.0,1500.0,900.0,900.0,0.0,0.0,0.0,0.0,0.0,0.0,0.0,0.0
36168451,8,1139.0,1099.0,1125.0,1115.0,1500.0,1500.0,900.0,900.0,0.0,0.0,0.0,0.0,0.0,0.0,0.0,0.0
36266442,8,1121.0,1119.0,1122.0,1115.0,1500.0,1500.0,900.0,900.0,0.0,0.0,0.0,0.0,0.0,0.0,0.0,0.0
36371630,8,1117.0,1136.0,1145.0,1112.0,1500.0,1500.0,900.0,900.0,0.0,0.0,0.0,0.0,0.0,0.0,0.0,0.0
36469447,8,1150.0,1142.0,1151.0,1139.0,1500.0,1500.0,900.0,900.0,0.0,0.0,0.0,0.0,0.0,0.0,0.0,0.0
36574453,8,1180.0,1149.0,1181.0,1151.0,1500.0,1500.0,900.0,900.0,0.0,0.0,0.0,0.0,0.0,0.0,0.0,0.0
36674527,8,1192.0,1187.0,1197.0,1185.0,1500.0,1500.0,900.0,900.0,0.0,0.0,0.0,0.0,0.0,0.0,0.0,0.0
36777483,8,1221.0,1203.0,1216.0,1206.0,1500.0,1500.0,900.0,900.0,0.0,0.0,0.0,0.0,0.0,0.0,0.0,0.0
36875530,8,1248.0,1218.0,1264.0,1209.0,1500.0,1500.0,900.0,900.0,0.0,0.0,0.0,0.0,0.0,0.0,0.0,0.0
36980517,8,1274.0,1244.0,1287.0,1229.0,1500.0,1500.0,900.0,900.0,0.0,0.0,0.0,0.0,0.0,0.0,0.0,0.0
37080449,8,1292.0,1282.0,1309.0,1264.0,1500.0,1500.0,900.0,900.0,0.0,0.0,0.0,0.0,0.0,0.0,0.0,0.0
37178459,8,1333.0,1335.0,1364.0,1311.0,1500.0,1500.0,900.0,900.0,0.0,0.0,0.0,0.0,0.0,0.0,0.0,0.0
37284457,8,1396.0,1376.0,1404.0,1370.0,1500.0,1500.0,900.0,900.0,0.0,0.0,0.0,0.0,0.0,0.0,0.0,0.0
37384532,8,1405.0,1391.0,1413.0,1388.0,1500.0,1500.0,900.0,900.0,0.0,0.0,0.0,0.0,0.0,0.0,0.0,0.0
37484727,8,1449.0,1430.0,1475.0,1409.0,1500.0,1500.0,900.0,900.0,0.0,0.0,0.0,0.0,0.0,0.0,0.0,0.0
37589473,8,1515.0,1494.0,1527.0,1486.0,1500.0,1500.0,900.0,900.0,0.0,0.0,0.0,0.0,0.0,0.0,0.0,0.0
37686714,8,1527.0,1515.0,1531.0,1515.0,1500.0,1500.0,900.0,900.0,0.0,0.0,0.0,0.0,0.0,0.0,0.0,0.0
37788485,8,1558.0,1575.0,1563.0,1572.0,1500.0,1500.0,900.0,900.0,0.0,0.0,0.0,0.0,0.0,0.0,0.0,0.0
37891443,8,1584.0,1585.0,1579.0,1597.0,1500.0,1500.0,900.0,900.0,0.0,0.0,0.0,0.0,0.0,0.0,0.0,0.0
37992495,8,1648.0,1647.0,1647.0,1646.0,1500.0,1500.0,900.0,900.0,0.0,0.0,0.0,0.0,0.0,0.0,0.0,0.0
38093460,8,1676.0,1697.0,1677.0,1696.0,1500.0,1500.0,900.0,900.0,0.0,0.0,0.0,0.0,0.0,0.0,0.0,0.0
38185537,8,1694.0,1697.0,1694.0,1690.0,1500.0,1500.0,900.0,900.0,0.0,0.0,0.0,0.0,0.0,0.0,0.0,0.0
38293580,8,1691.0,1690.0,1687.0,1687.0,1500.0,1500.0,900.0,900.0,0.0,0.0,0.0,0.0,0.0,0.0,0.0,0.0
38399320,8,1686.0,1684.0,1690.0,1683.0,1500.0,1500.0,900.0,900.0,0.0,0.0,0.0,0.0,0.0,0.0,0.0,0.0
38494468,8,1684.0,1681.0,1684.0,1684.0,1500.0,1500.0,900.0,900.0,0.0,0.0,0.0,0.0,0.0,0.0,0.0,0.0
38597616,8,1686.0,1675.0,1679.0,1688.0,1500.0,1500.0,900.0,900.0,0.0,0.0,0.0,0.0,0.0,0.0,0.0,0.0
38689344,8,1689.0,1680.0,1689.0,1682.0,1500.0,1500.0,900.0,900.0,0.0,0.0,0.0,0.0,0.0,0.0,0.0,0.0
38795881,8,1685.0,1683.0,1684.0,1683.0,1500.0,1500.0,900.0,900.0,0.0,0.0,0.0,0.0,0.0,0.0,0.0,0.0
38903253,8,1679.0,1685.0,1680.0,1685.0,1500.0,1500.0,900.0,900.0,0.0,0.0,0.0,0.0,0.0,0.0,0.0,0.0
39009850,8,1680.0,1689.0,1683.0,1689.0,1500.0,1500.0,900.0,900.0,0.0,0.0,0.0,0.0,0.0,0.0,0.0,0.0
39101455,8,1665.0,1667.0,1656.0,1668.0,1500.0,1500.0,900.0,900.0,0.0,0.0,0.0,0.0,0.0,0.0,0.0,0.0
39205201,8,1627.0,1629.0,1633.0,1623.0,1500.0,1500.0,900.0,900.0,0.0,0.0,0.0,0.0,0.0,0.0,0.0,0.0
39312086,8,1632.0,1621.0,1629.0,1620.0,1500.0,1500.0,900.0,900.0,0.0,0.0,0.0,0.0,0.0,0.0,0.0,0.0
39404456,8,1635.0,1632.0,1640.0,1623.0,1500.0,1500.0,900.0,900.0,0.0,0.0,0.0,0.0,0.0,0.0,0.0,0.0
39510388,8,1639.0,1641.0,1643.0,1630.0,1500.0,1500.0,900.0,900.0,0.0,0.0,0.0,0.0,0.0,0.0,0.0,0.0
39619547,8,1640.0,1639.0,1636.0,1638.0,1500.0,1500.0,900.0,900.0,0.0,0.0,0.0,0.0,0.0,0.0,0.0,0.0
39707870,8,1638.0,1635.0,1637.0,1639.0,1500.0,1500.0,900.0,900.0,0.0,0.0,0.0,0.0,0.0,0.0,0.0,0.0
39813243,8,1637.0,1637.0,1641.0,1637.0,1500.0,1500.0,900.0,900.0,0.0,0.0,0.0,0.0,0.0,0.0,0.0,0.0
39923458,8,1640.0,1642.0,1644.0,1636.0,1500.0,1500.0,900.0,900.0,0.0,0.0,0.0,0.0,0.0,0.0,0.0,0.0
40013675,8,1639.0,1647.0,1647.0,1633.0,1500.0,1500.0,900.0,900.0,0.0,0.0,0.0,0.0,0.0,0.0,0.0,0.0
40121528,8,1638.0,1642.0,1642.0,1641.0,1500.0,1500.0,900.0,900.0,0.0,0.0,0.0,0.0,0.0,0.0,0.0,0.0
40226932,8,1642.0,1641.0,1637.0,1640.0,1500.0,1500.0,900.0,900.0,0.0,0.0,0.0,0.0,0.0,0.0,0.0,0.0
40321457,8,1640.0,1634.0,1642.0,1640.0,1500.0,1500.0,900.0,900.0,0.0,0.0,0.0,0.0,0.0,0.0,0.0,0.0
40428124,8,1641.0,1637.0,1637.0,1636.0,1500.0,1500.0,900.0,900.0,0.0,0.0,0.0,0.0,0.0,0.0,0.0,0.0
40519605,8,1633.0,1639.0,1639.0,1637.0,1500.0,1500.0,900.0,900.0,0.0,0.0,0.0,0.0,0.0,0.0,0.0,0.0
40625534,8,1633.0,1644.0,1637.0,1636.0,1500.0,1500.0,900.0,900.0,0.0,0.0,0.0,0.0,0.0,0.0,0.0,0.0
40732496,8,1635.0,1638.0,1642.0,1634.0,1500.0,1500.0,900.0,900.0,0.0,0.0,0.0,0.0,0.0,0.0,0.0,0.0
40825156,8,1633.0,1640.0,1639.0,1640.0,1500.0,1500.0,900.0,900.0,0.0,0.0,0.0,0.0,0.0,0.0,0.0,0.0
40932504,8,1640.0,1639.0,1635.0,1642.0,1500.0,1500.0,900.0,900.0,0.0,0.0,0.0,0.0,0.0,0.0,0.0,0.0
41037045,8,1638.0,1635.0,1639.0,1641.0,1500.0,1500.0,900.0,900.0,0.0,0.0,0.0,0.0,0.0,0.0,0.0,0.0
41130450,8,1635.0,1641.0,1643.0,1638.0,1500.0,1500.0,900.0,900.0,0.0,0.0,0.0,0.0,0.0,0.0,0.0,0.0
41236336,8,1640.0,1639.0,1641.0,1636.0,1500.0,1500.0,900.0,900.0,0.0,0.0,0.0,0.0,0.0,0.0,0.0,0.0
41342406,8,1643.0,1638.0,1635.0,1638.0,1500.0,1500.0,900.0,900.0,0.0,0.0,0.0,0.0,0.0,0.0,0.0,0.0
41434904,8,1630.0,1641.0,1639.0,1634.0,1500.0,1500.0,900.0,900.0,0.0,0.0,0.0,0.0,0.0,0.0,0.0,0.0
41541757,8,1633.0,1640.0,1639.0,1636.0,1500.0,1500.0,900.0,900.0,0.0,0.0,0.0,0.0,0.0,0.0,0.0,0.0
41648242,8,1637.0,1640.0,1640.0,1635.0,1500.0,1500.0,900.0,900.0,0.0,0.0,0.0,0.0,0.0,0.0,0.0,0.0
41741473,8,1651.0,1630.0,1637.0,1639.0,1500.0,1500.0,900.0,900.0,0.0,0.0,0.0,0.0,0.0,0.0,0.0,0.0
41845968,8,1633.0,1644.0,1640.0,1639.0,1500.0,1500.0,900.0,900.0,0.0,0.0,0.0,0.0,0.0,0.0,0.0,0.0
41937356,8,1640.0,1640.0,1636.0,1643.0,1500.0,1500.0,900.0,900.0,0.0,0.0,0.0,0.0,0.0,0.0,0.0,0.0
42044536,8,1639.0,1637.0,1640.0,1641.0,1500.0,1500.0,900.0,900.0,0.0,0.0,0.0,0.0,0.0,0.0,0.0,0.0
42150481,8,1640.0,1637.0,1634.0,1642.0,1500.0,1500.0,900.0,900.0,0.0,0.0,0.0,0.0,0.0,0.0,0.0,0.0
42256993,8,1638.0,1635.0,1644.0,1635.0,1500.0,1500.0,900.0,900.0,0.0,0.0,0.0,0.0,0.0,0.0,0.0,0.0
42348447,8,1638.0,1639.0,1639.0,1640.0,1500.0,1500.0,900.0,900.0,0.0,0.0,0.0,0.0,0.0,0.0,0.0,0.0
42453551,8,1637.0,1643.0,1633.0,1646.0,1500.0,1500.0,900.0,900.0,0.0,0.0,0.0,0.0,0.0,0.0,0.0,0.0
42561113,8,1640.0,1634.0,1643.0,1633.0,1500.0,1500.0,900.0,900.0,0.0,0.0,0.0,0.0,0.0,0.0,0.0,0.0
42653678,8,1635.0,1639.0,1631.0,1638.0,1500.0,1500.0,900.0,900.0,0.0,0.0,0.0,0.0,0.0,0.0,0.0,0.0
42761400,8,1636.0,1631.0,1635.0,1639.0,1500.0,1500.0,900.0,900.0,0.0,0.0,0.0,0.0,0.0,0.0,0.0,0.0
42866522,8,1643.0,1631.0,1632.0,1641.0,1500.0,1500.0,900.0,900.0,0.0,0.0,0.0,0.0,0.0,0.0,0.0,0.0
42960455,8,1639.0,1632.0,1630.0,1647.0,1500.0,1500.0,900.0,900.0,0.0,0.0,0.0,0.0,0.0,0.0,0.0,0.0
43065354,8,1596.0,1598.0,1593.0,1595.0,1500.0,1500.0,900.0,900.0,0.0,0.0,0.0,0.0,0.0,0.0,0.0,0.0
43171390,8,1551.0,1549.0,1546.0,1545.0,1500.0,1500.0,900.0,900.0,0.0,0.0,0.0,0.0,0.0,0.0,0.0,0.0
43263073,8,1545.0,1549.0,1552.0,1541.0,1500.0,1500.0,900.0,900.0,0.0,0.0,0.0,0.0,0.0,0.0,0.0,0.0
43369460,8,1557.0,1563.0,1559.0,1553.0,1500.0,1500.0,900.0,900.0,0.0,0.0,0.0,0.0,0.0,0.0,0.0,0.0
43475111,8,1568.0,1578.0,1572.0,1578.0,1500.0,1500.0,900.0,900.0,0.0,0.0,0.0,0.0,0.0,0.0,0.0,0.0
43565987,8,1591.0,1581.0,1583.0,1586.0,1500.0,1500.0,900.0,900.0,0.0,0.0,0.0,0.0,0.0,0.0,0.0,0.0
43672929,8,1592.0,1593.0,1591.0,1594.0,1500.0,1500.0,900.0,900.0,0.0,0.0,0.0,0.0,0.0,0.0,0.0,0.0
43779393,8,1605.0,1600.0,1600.0,1598.0,1500.0,1500.0,900.0,900.0,0.0,0.0,0.0,0.0,0.0,0.0,0.0,0.0
43870693,8,1602.0,1603.0,1603.0,1607.0,1500.0,1500.0,900.0,900.0,0.0,0.0,0.0,0.0,0.0,0.0,0.0,0.0
43978571,8,1607.0,1600.0,1609.0,1606.0,1500.0,1500.0,900.0,900.0,0.0,0.0,0.0,0.0,0.0,0.0,0.0,0.0
44083593,8,1610.0,1612.0,1607.0,1608.0,1500.0,1500.0,900.0,900.0,0.0,0.0,0.0,0.0,0.0,0.0,0.0,0.0
44175769,8,1610.0,1610.0,1611.0,1616.0,1500.0,1500.0,900.0,900.0,0.0,0.0,0.0,0.0,0.0,0.0,0.0,0.0
44282513,8,1613.0,1610.0,1609.0,1612.0,1500.0,1500.0,900.0,900.0,0.0,0.0,0.0,0.0,0.0,0.0,0.0,0.0
44372948,8,1612.0,1607.0,1612.0,1611.0,1500.0,1500.0,900.0,900.0,0.0,0.0,0.0,0.0,0.0,0.0,0.0,0.0
44480647,8,1611.0,1610.0,1607.0,1617.0,1500.0,1500.0,900.0,900.0,0.0,0.0,0.0,0.0,0.0,0.0,0.0,0.0
44586584,8,1613.0,1613.0,1616.0,1608.0,1500.0,1500.0,900.0,900.0,0.0,0.0,0.0,0.0,0.0,0.0,0.0,0.0
44694187,8,1620.0,1609.0,1611.0,1617.0,1500.0,1500.0,900.0,900.0,0.0,0.0,0.0,0.0,0.0,0.0,0.0,0.0
44784734,8,1622.0,1610.0,1616.0,1612.0,1500.0,1500.0,900.0,900.0,0.0,0.0,0.0,0.0,0.0,0.0,0.0,0.0
44891568,8,1614.0,1614.0,1616.0,1614.0,1500.0,1500.0,900.0,900.0,0.0,0.0,0.0,0.0,0.0,0.0,0.0,0.0
44997480,8,1620.0,1615.0,1612.0,1621.0,1500.0,1500.0,900.0,900.0,0.0,0.0,0.0,0.0,0.0,0.0,0.0,0.0
45092501,8,1621.0,1619.0,1619.0,1622.0,1500.0,1500.0,900.0,900.0,0.0,0.0,0.0,0.0,0.0,0.0,0.0,0.0
45195937,8,1619.0,1622.0,1622.0,1626.0,1500.0,1500.0,900.0,900.0,0.0,0.0,0.0,0.0,0.0,0.0,0.0,0.0
45301401,8,1622.0,1624.0,1618.0,1630.0,1500.0,1500.0,900.0,900.0,0.0,0.0,0.0,0.0,0.0,0.0,0.0,0.0
45396468,8,1622.0,1625.0,1617.0,1622.0,1500.0,1500.0,900.0,900.0,0.0,0.0,0.0,0.0,0.0,0.0,0.0,0.0
45499312,8,1621.0,1620.0,1619.0,1617.0,1500.0,1500.0,900.0,900.0,0.0,0.0,0.0,0.0,0.0,0.0,0.0,0.0
45606570,8,1612.0,1626.0,1623.0,1623.0,1500.0,1500.0,900.0,900.0,0.0,0.0,0.0,0.0,0.0,0.0,0.0,0.0
45698532,8,1615.0,1627.0,1623.0,1624.0,1500.0,1500.0,900.0,900.0,0.0,0.0,0.0,0.0,0.0,0.0,0.0,0.0
45804762,8,1627.0,1617.0,1620.0,1623.0,1500.0,1500.0,900.0,900.0,0.0,0.0,0.0,0.0,0.0,0.0,0.0,0.0
45911437,8,1624.0,1615.0,1618.0,1627.0,1500.0,1500.0,900.0,900.0,0.0,0.0,0.0,0.0,0.0,0.0,0.0,0.0
46003491,8,1623.0,1622.0,1621.0,1617.0,1500.0,1500.0,900.0,900.0,0.0,0.0,0.0,0.0,0.0,0.0,0.0,0.0
46108663,8,1623.0,1619.0,1627.0,1620.0,1500.0,1500.0,900.0,900.0,0.0,0.0,0.0,0.0,0.0,0.0,0.0,0.0
46215787,8,1625.0,1626.0,1626.0,1630.0,1500.0,1500.0,900.0,900.0,0.0,0.0,0.0,0.0,0.0,0.0,0.0,0.0
46308171,8,1624.0,1633.0,1619.0,1636.0,1500.0,1500.0,900.0,900.0,0.0,0.0,0.0,0.0,0.0,0.0,0.0,0.0
46412798,8,1630.0,1630.0,1627.0,1627.0,1500.0,1500.0,900.0,900.0,0.0,0.0,0.0,0.0,0.0,0.0,0.0,0.0
46519436,8,1618.0,1631.0,1631.0,1618.0,1500.0,1500.0,900.0,900.0,0.0,0.0,0.0,0.0,0.0,0.0,0.0,0.0
46611449,8,1626.0,1627.0,1623.0,1623.0,1500.0,1500.0,900.0,900.0,0.0,0.0,0.0,0.0,0.0,0.0,0.0,0.0
46716489,8,1622.0,1629.0,1625.0,1631.0,1500.0,1500.0,900.0,900.0,0.0,0.0,0.0,0.0,0.0,0.0,0.0,0.0
46826006,8,1625.0,1623.0,1625.0,1630.0,1500.0,1500.0,900.0,900.0,0.0,0.0,0.0,0.0,0.0,0.0,0.0,0.0
46916521,8,1627.0,1623.0,1621.0,1628.0,1500.0,1500.0,900.0,900.0,0.0,0.0,0.0,0.0,0.0,0.0,0.0,0.0
47021639,8,1622.0,1620.0,1624.0,1623.0,1500.0,1500.0,900.0,900.0,0.0,0.0,0.0,0.0,0.0,0.0,0.0,0.0
47128474,8,1628.0,1618.0,1623.0,1620.0,1500.0,1500.0,900.0,900.0,0.0,0.0,0.0,0.0,0.0,0.0,0.0,0.0
47219406,8,1624.0,1626.0,1622.0,1631.0,1500.0,1500.0,900.0,900.0,0.0,0.0,0.0,0.0,0.0,0.0,0.0,0.0
47325971,8,1625.0,1630.0,1625.0,1625.0,1500.0,1500.0,900.0,900.0,0.0,0.0,0.0,0.0,0.0,0.0,0.0,0.0
47433825,8,1628.0,1622.0,1629.0,1623.0,1500.0,1500.0,900.0,900.0,0.0,0.0,0.0,0.0,0.0,0.0,0.0,0.0
47526636,8,1623.0,1625.0,1627.0,1623.0,1500.0,1500.0,900.0,900.0,0.0,0.0,0.0,0.0,0.0,0.0,0.0,0.0
47632578,8,1623.0,1630.0,1628.0,1619.0,1500.0,1500.0,900.0,900.0,0.0,0.0,0.0,0.0,0.0,0.0,0.0,0.0
47738531,8,1626.0,1627.0,1623.0,1629.0,1500.0,1500.0,900.0,900.0,0.0,0.0,0.0,0.0,0.0,0.0,0.0,0.0
47830447,8,1627.0,1630.0,1631.0,1627.0,1500.0,1500.0,900.0,900.0,0.0,0.0,0.0,0.0,0.0,0.0,0.0,0.0
47937138,8,1624.0,1633.0,1635.0,1627.0,1500.0,1500.0,900.0,900.0,0.0,0.0,0.0,0.0,0.0,0.0,0.0,0.0
48043238,8,1625.0,1637.0,1632.0,1635.0,1500.0,1500.0,900.0,900.0,0.0,0.0,0.0,0.0,0.0,0.0,0.0,0.0
48136428,8,1632.0,1633.0,1628.0,1631.0,1500.0,1500.0,900.0,900.0,0.0,0.0,0.0,0.0,0.0,0.0,0.0,0.0
48241714,8,1631.0,1628.0,1629.0,1629.0,1500.0,1500.0,900.0,900.0,0.0,0.0,0.0,0.0,0.0,0.0,0.0,0.0
48348421,8,1638.0,1621.0,1628.0,1625.0,1500.0,1500.0,900.0,900.0,0.0,0.0,0.0,0.0,0.0,0.0,0.0,0.0
48440432,8,1628.0,1628.0,1625.0,1626.0,1500.0,1500.0,900.0,900.0,0.0,0.0,0.0,0.0,0.0,0.0,0.0,0.0
48548685,8,1626.0,1626.0,1633.0,1626.0,1500.0,1500.0,900.0,900.0,0.0,0.0,0.0,0.0,0.0,0.0,0.0,0.0
48639511,8,1627.0,1633.0,1632.0,1622.0,1500.0,1500.0,900.0,900.0,0.0,0.0,0.0,0.0,0.0,0.0,0.0,0.0
48745477,8,1625.0,1631.0,1633.0,1617.0,1500.0,1500.0,900.0,900.0,0.0,0.0,0.0,0.0,0.0,0.0,0.0,0.0
48852104,8,1617.0,1632.0,1626.0,1629.0,1500.0,1500.0,900.0,900.0,0.0,0.0,0.0,0.0,0.0,0.0,0.0,0.0
48943865,8,1635.0,1619.0,1629.0,1625.0,1500.0,1500.0,900.0,900.0,0.0,0.0,0.0,0.0,0.0,0.0,0.0,0.0
49051637,8,1634.0,1617.0,1632.0,1624.0,1500.0,1500.0,900.0,900.0,0.0,0.0,0.0,0.0,0.0,0.0,0.0,0.0
49157670,8,1626.0,1633.0,1628.0,1626.0,1500.0,1500.0,900.0,900.0,0.0,0.0,0.0,0.0,0.0,0.0,0.0,0.0
49250457,8,1622.0,1632.0,1626.0,1630.0,1500.0,1500.0,900.0,900.0,0.0,0.0,0.0,0.0,0.0,0.0,0.0,0.0
49358484,8,1629.0,1628.0,1628.0,1627.0,1500.0,1500.0,900.0,900.0,0.0,0.0,0.0,0.0,0.0,0.0,0.0,0.0
49462700,8,1632.0,1626.0,1629.0,1622.0,1500.0,1500.0,900.0,900.0,0.0,0.0,0.0,0.0,0.0,0.0,0.0,0.0
49553671,8,1629.0,1625.0,1630.0,1631.0,1500.0,1500.0,900.0,900.0,0.0,0.0,0.0,0.0,0.0,0.0,0.0,0.0
49659649,8,1631.0,1631.0,1629.0,1629.0,1500.0,1500.0,900.0,900.0,0.0,0.0,0.0,0.0,0.0,0.0,0.0,0.0
49764765,8,1630.0,1629.0,1629.0,1629.0,1500.0,1500.0,900.0,900.0,0.0,0.0,0.0,0.0,0.0,0.0,0.0,0.0
49870530,8,1630.0,1629.0,1625.0,1631.0,1500.0,1500.0,900.0,900.0,0.0,0.0,0.0,0.0,0.0,0.0,0.0,0.0
49963549,8,1623.0,1629.0,1626.0,1627.0,1500.0,1500.0,900.0,900.0,0.0,0.0,0.0,0.0,0.0,0.0,0.0,0.0
50069663,8,1623.0,1630.0,1624.0,1628.0,1500.0,1500.0,900.0,900.0,0.0,0.0,0.0,0.0,0.0,0.0,0.0,0.0
50161243,8,1632.0,1622.0,1627.0,1627.0,1500.0,1500.0,900.0,900.0,0.0,0.0,0.0,0.0,0.0,0.0,0.0,0.0
50267704,8,1630.0,1629.0,1628.0,1624.0,1500.0,1500.0,900.0,900.0,0.0,0.0,0.0,0.0,0.0,0.0,0.0,0.0
50376274,8,1630.0,1623.0,1635.0,1625.0,1500.0,1500.0,900.0,900.0,0.0,0.0,0.0,0.0,0.0,0.0,0.0,0.0
50467854,8,1624.0,1632.0,1627.0,1624.0,1500.0,1500.0,900.0,900.0,0.0,0.0,0.0,0.0,0.0,0.0,0.0,0.0
50575139,8,1622.0,1630.0,1625.0,1628.0,1500.0,1500.0,900.0,900.0,0.0,0.0,0.0,0.0,0.0,0.0,0.0,0.0
50680140,8,1625.0,1627.0,1621.0,1632.0,1500.0,1500.0,900.0,900.0,0.0,0.0,0.0,0.0,0.0,0.0,0.0,0.0
50770384,8,1632.0,1631.0,1625.0,1630.0,1500.0,1500.0,900.0,900.0,0.0,0.0,0.0,0.0,0.0,0.0,0.0,0.0
50877959,8,1628.0,1631.0,1626.0,1630.0,1500.0,1500.0,900.0,900.0,0.0,0.0,0.0,0.0,0.0,0.0,0.0,0.0
50985080,8,1623.0,1623.0,1622.0,1632.0,1500.0,1500.0,900.0,900.0,0.0,0.0,0.0,0.0,0.0,0.0,0.0,0.0
51078238,8,1627.0,1624.0,1622.0,1626.0,1500.0,1500.0,900.0,900.0,0.0,0.0,0.0,0.0,0.0,0.0,0.0,0.0
51185450,8,1623.0,1627.0,1629.0,1619.0,1500.0,1500.0,900.0,900.0,0.0,0.0,0.0,0.0,0.0,0.0,0.0,0.0
51276953,8,1622.0,1627.0,1623.0,1632.0,1500.0,1500.0,900.0,900.0,0.0,0.0,0.0,0.0,0.0,0.0,0.0,0.0
51382724,8,1628.0,1630.0,1616.0,1634.0,1500.0,1500.0,900.0,900.0,0.0,0.0,0.0,0.0,0.0,0.0,0.0,0.0
51489545,8,1631.0,1631.0,1626.0,1629.0,1500.0,1500.0,900.0,900.0,0.0,0.0,0.0,0.0,0.0,0.0,0.0,0.0
51583455,8,1630.0,1629.0,1634.0,1627.0,1500.0,1500.0,900.0,900.0,0.0,0.0,0.0,0.0,0.0,0.0,0.0,0.0
51688339,8,1629.0,1636.0,1629.0,1630.0,1500.0,1500.0,900.0,900.0,0.0,0.0,0.0,0.0,0.0,0.0,0.0,0.0
51796383,8,1629.0,1634.0,1631.0,1632.0,1500.0,1500.0,900.0,900.0,0.0,0.0,0.0,0.0,0.0,0.0,0.0,0.0
51900972,8,1626.0,1636.0,1627.0,1634.0,1500.0,1500.0,900.0,900.0,0.0,0.0,0.0,0.0,0.0,0.0,0.0,0.0
51991555,8,1628.0,1637.0,1628.0,1632.0,1500.0,1500.0,900.0,900.0,0.0,0.0,0.0,0.0,0.0,0.0,0.0,0.0
52100467,8,1627.0,1631.0,1625.0,1632.0,1500.0,1500.0,900.0,900.0,0.0,0.0,0.0,0.0,0.0,0.0,0.0,0.0
52811830,8,1626.0,1630.0,1630.0,1627.0,1500.0,1500.0,900.0,900.0,0.0,0.0,0.0,0.0,0.0,0.0,0.0,0.0
52903644,8,1619.0,1629.0,1631.0,1628.0,1500.0,1500.0,900.0,900.0,0.0,0.0,0.0,0.0,0.0,0.0,0.0,0.0
53010481,8,1628.0,1627.0,1626.0,1630.0,1500.0,1500.0,900.0,900.0,0.0,0.0,0.0,0.0,0.0,0.0,0.0,0.0
53103437,8,1626.0,1626.0,1632.0,1629.0,1500.0,1500.0,900.0,900.0,0.0,0.0,0.0,0.0,0.0,0.0,0.0,0.0
53209758,8,1628.0,1624.0,1633.0,1622.0,1500.0,1500.0,900.0,900.0,0.0,0.0,0.0,0.0,0.0,0.0,0.0,0.0
53318451,8,1625.0,1627.0,1625.0,1628.0,1500.0,1500.0,900.0,900.0,0.0,0.0,0.0,0.0,0.0,0.0,0.0,0.0
53423193,8,1629.0,1624.0,1624.0,1632.0,1500.0,1500.0,900.0,900.0,0.0,0.0,0.0,0.0,0.0,0.0,0.0,0.0
53516451,8,1633.0,1622.0,1618.0,1633.0,1500.0,1500.0,900.0,900.0,0.0,0.0,0.0,0.0,0.0,0.0,0.0,0.0
53622222,8,1633.0,1627.0,1624.0,1631.0,1500.0,1500.0,900.0,900.0,0.0,0.0,0.0,0.0,0.0,0.0,0.0,0.0
53715626,8,1630.0,1632.0,1631.0,1626.0,1500.0,1500.0,900.0,900.0,0.0,0.0,0.0,0.0,0.0,0.0,0.0,0.0
53821974,8,1629.0,1632.0,1635.0,1628.0,1500.0,1500.0,900.0,900.0,0.0,0.0,0.0,0.0,0.0,0.0,0.0,0.0
53928102,8,1633.0,1628.0,1631.0,1631.0,1500.0,1500.0,900.0,900.0,0.0,0.0,0.0,0.0,0.0,0.0,0.0,0.0
54018918,8,1634.0,1626.0,1629.0,1631.0,1500.0,1500.0,900.0,900.0,0.0,0.0,0.0,0.0,0.0,0.0,0.0,0.0
54124792,8,1635.0,1623.0,1630.0,1630.0,1500.0,1500.0,900.0,900.0,0.0,0.0,0.0,0.0,0.0,0.0,0.0,0.0
54231111,8,1635.0,1625.0,1635.0,1626.0,1500.0,1500.0,900.0,900.0,0.0,0.0,0.0,0.0,0.0,0.0,0.0,0.0
54322500,8,1625.0,1634.0,1630.0,1626.0,1500.0,1500.0,900.0,900.0,0.0,0.0,0.0,0.0,0.0,0.0,0.0,0.0
54427472,8,1628.0,1635.0,1623.0,1634.0,1500.0,1500.0,900.0,900.0,0.0,0.0,0.0,0.0,0.0,0.0,0.0,0.0
54534652,8,1625.0,1635.0,1633.0,1634.0,1500.0,1500.0,900.0,900.0,0.0,0.0,0.0,0.0,0.0,0.0,0.0,0.0
54640641,8,1619.0,1639.0,1634.0,1625.0,1500.0,1500.0,900.0,900.0,0.0,0.0,0.0,0.0,0.0,0.0,0.0,0.0
54730960,8,1628.0,1625.0,1636.0,1623.0,1500.0,1500.0,900.0,900.0,0.0,0.0,0.0,0.0,0.0,0.0,0.0,0.0
54838486,8,1627.0,1626.0,1629.0,1629.0,1500.0,1500.0,900.0,900.0,0.0,0.0,0.0,0.0,0.0,0.0,0.0,0.0
54942995,8,1628.0,1620.0,1628.0,1629.0,1500.0,1500.0,900.0,900.0,0.0,0.0,0.0,0.0,0.0,0.0,0.0,0.0
55034993,8,1627.0,1621.0,1626.0,1632.0,1500.0,1500.0,900.0,900.0,0.0,0.0,0.0,0.0,0.0,0.0,0.0,0.0
55141455,8,1635.0,1623.0,1626.0,1627.0,1500.0,1500.0,900.0,900.0,0.0,0.0,0.0,0.0,0.0,0.0,0.0,0.0
55246915,8,1633.0,1632.0,1639.0,1622.0,1500.0,1500.0,900.0,900.0,0.0,0.0,0.0,0.0,0.0,0.0,0.0,0.0
55338938,8,1628.0,1631.0,1630.0,1634.0,1500.0,1500.0,900.0,900.0,0.0,0.0,0.0,0.0,0.0,0.0,0.0,0.0
55445195,8,1631.0,1626.0,1629.0,1632.0,1500.0,1500.0,900.0,900.0,0.0,0.0,0.0,0.0,0.0,0.0,0.0,0.0
55552486,8,1627.0,1629.0,1630.0,1634.0,1500.0,1500.0,900.0,900.0,0.0,0.0,0.0,0.0,0.0,0.0,0.0,0.0
55642109,8,1629.0,1629.0,1631.0,1626.0,1500.0,1500.0,900.0,900.0,0.0,0.0,0.0,0.0,0.0,0.0,0.0,0.0
55748577,8,1630.0,1629.0,1629.0,1623.0,1500.0,1500.0,900.0,900.0,0.0,0.0,0.0,0.0,0.0,0.0,0.0,0.0
55857483,8,1625.0,1629.0,1627.0,1629.0,1500.0,1500.0,900.0,900.0,0.0,0.0,0.0,0.0,0.0,0.0,0.0,0.0
55961137,8,1626.0,1624.0,1626.0,1621.0,1500.0,1500.0,900.0,900.0,0.0,0.0,0.0,0.0,0.0,0.0,0.0,0.0
56052510,8,1626.0,1626.0,1627.0,1615.0,1500.0,1500.0,900.0,900.0,0.0,0.0,0.0,0.0,0.0,0.0,0.0,0.0
56159692,8,1626.0,1622.0,1621.0,1623.0,1500.0,1500.0,900.0,900.0,0.0,0.0,0.0,0.0,0.0,0.0,0.0,0.0
56265574,8,1628.0,1623.0,1625.0,1628.0,1500.0,1500.0,900.0,900.0,0.0,0.0,0.0,0.0,0.0,0.0,0.0,0.0
56359023,8,1629.0,1627.0,1629.0,1632.0,1500.0,1500.0,900.0,900.0,0.0,0.0,0.0,0.0,0.0,0.0,0.0,0.0
56466326,8,1630.0,1635.0,1633.0,1627.0,1500.0,1500.0,900.0,900.0,0.0,0.0,0.0,0.0,0.0,0.0,0.0,0.0
56558638,8,1628.0,1637.0,1633.0,1626.0,1500.0,1500.0,900.0,900.0,0.0,0.0,0.0,0.0,0.0,0.0,0.0,0.0
56667825,8,1628.0,1627.0,1628.0,1626.0,1500.0,1500.0,900.0,900.0,0.0,0.0,0.0,0.0,0.0,0.0,0.0,0.0
56761240,8,1628.0,1628.0,1629.0,1623.0,1500.0,1500.0,900.0,900.0,0.0,0.0,0.0,0.0,0.0,0.0,0.0,0.0
56866024,8,1626.0,1625.0,1629.0,1625.0,1500.0,1500.0,900.0,900.0,0.0,0.0,0.0,0.0,0.0,0.0,0.0,0.0
56971912,8,1634.0,1626.0,1628.0,1626.0,1500.0,1500.0,900.0,900.0,0.0,0.0,0.0,0.0,0.0,0.0,0.0,0.0
57064115,8,1630.0,1625.0,1629.0,1626.0,1500.0,1500.0,900.0,900.0,0.0,0.0,0.0,0.0,0.0,0.0,0.0,0.0
57172548,8,1627.0,1630.0,1622.0,1628.0,1500.0,1500.0,900.0,900.0,0.0,0.0,0.0,0.0,0.0,0.0,0.0,0.0
57278888,8,1629.0,1628.0,1622.0,1630.0,1500.0,1500.0,900.0,900.0,0.0,0.0,0.0,0.0,0.0,0.0,0.0,0.0
57371455,8,1624.0,1623.0,1622.0,1629.0,1500.0,1500.0,900.0,900.0,0.0,0.0,0.0,0.0,0.0,0.0,0.0,0.0
57478466,8,1624.0,1625.0,1629.0,1622.0,1500.0,1500.0,900.0,900.0,0.0,0.0,0.0,0.0,0.0,0.0,0.0,0.0
57570322,8,1623.0,1623.0,1629.0,1630.0,1500.0,1500.0,900.0,900.0,0.0,0.0,0.0,0.0,0.0,0.0,0.0,0.0
57676823,8,1621.0,1632.0,1636.0,1627.0,1500.0,1500.0,900.0,900.0,0.0,0.0,0.0,0.0,0.0,0.0,0.0,0.0
57783803,8,1629.0,1627.0,1637.0,1624.0,1500.0,1500.0,900.0,900.0,0.0,0.0,0.0,0.0,0.0,0.0,0.0,0.0
57875503,8,1633.0,1623.0,1628.0,1641.0,1500.0,1500.0,900.0,900.0,0.0,0.0,0.0,0.0,0.0,0.0,0.0,0.0
57984622,8,1634.0,1625.0,1625.0,1637.0,1500.0,1500.0,900.0,900.0,0.0,0.0,0.0,0.0,0.0,0.0,0.0,0.0
58091457,8,1636.0,1616.0,1623.0,1633.0,1500.0,1500.0,900.0,900.0,0.0,0.0,0.0,0.0,0.0,0.0,0.0,0.0
58181458,8,1625.0,1628.0,1626.0,1625.0,1500.0,1500.0,900.0,900.0,0.0,0.0,0.0,0.0,0.0,0.0,0.0,0.0
58287502,8,1632.0,1621.0,1635.0,1624.0,1500.0,1500.0,900.0,900.0,0.0,0.0,0.0,0.0,0.0,0.0,0.0,0.0
58395020,8,1631.0,1628.0,1630.0,1629.0,1500.0,1500.0,900.0,900.0,0.0,0.0,0.0,0.0,0.0,0.0,0.0,0.0
58487505,8,1630.0,1630.0,1630.0,1625.0,1500.0,1500.0,900.0,900.0,0.0,0.0,0.0,0.0,0.0,0.0,0.0,0.0
58594695,8,1626.0,1630.0,1627.0,1625.0,1500.0,1500.0,900.0,900.0,0.0,0.0,0.0,0.0,0.0,0.0,0.0,0.0
58698591,8,1626.0,1629.0,1628.0,1628.0,1500.0,1500.0,900.0,900.0,0.0,0.0,0.0,0.0,0.0,0.0,0.0,0.0
58790543,8,1628.0,1629.0,1625.0,1634.0,1500.0,1500.0,900.0,900.0,0.0,0.0,0.0,0.0,0.0,0.0,0.0,0.0
58898149,8,1628.0,1625.0,1631.0,1623.0,1500.0,1500.0,900.0,900.0,0.0,0.0,0.0,0.0,0.0,0.0,0.0,0.0
59005069,8,1630.0,1627.0,1629.0,1629.0,1500.0,1500.0,900.0,900.0,0.0,0.0,0.0,0.0,0.0,0.0,0.0,0.0
59095712,8,1627.0,1631.0,1630.0,1629.0,1500.0,1500.0,900.0,900.0,0.0,0.0,0.0,0.0,0.0,0.0,0.0,0.0
59201153,8,1631.0,1627.0,1630.0,1633.0,1500.0,1500.0,900.0,900.0,0.0,0.0,0.0,0.0,0.0,0.0,0.0,0.0
59305396,8,1629.0,1630.0,1631.0,1628.0,1500.0,1500.0,900.0,900.0,0.0,0.0,0.0,0.0,0.0,0.0,0.0,0.0
59400499,8,1627.0,1632.0,1630.0,1627.0,1500.0,1500.0,900.0,900.0,0.0,0.0,0.0,0.0,0.0,0.0,0.0,0.0
59505832,8,1627.0,1626.0,1626.0,1632.0,1500.0,1500.0,900.0,900.0,0.0,0.0,0.0,0.0,0.0,0.0,0.0,0.0
59612016,8,1624.0,1625.0,1627.0,1626.0,1500.0,1500.0,900.0,900.0,0.0,0.0,0.0,0.0,0.0,0.0,0.0,0.0
59703450,8,1629.0,1621.0,1632.0,1628.0,1500.0,1500.0,900.0,900.0,0.0,0.0,0.0,0.0,0.0,0.0,0.0,0.0
59810969,8,1635.0,1618.0,1636.0,1621.0,1500.0,1500.0,900.0,900.0,0.0,0.0,0.0,0.0,0.0,0.0,0.0,0.0
59919541,8,1633.0,1623.0,1629.0,1630.0,1500.0,1500.0,900.0,900.0,0.0,0.0,0.0,0.0,0.0,0.0,0.0,0.0
60007754,8,1629.0,1630.0,1628.0,1631.0,1500.0,1500.0,900.0,900.0,0.0,0.0,0.0,0.0,0.0,0.0,0.0,0.0
60115870,8,1631.0,1629.0,1626.0,1622.0,1500.0,1500.0,900.0,900.0,0.0,0.0,0.0,0.0,0.0,0.0,0.0,0.0
60222878,8,1638.0,1624.0,1629.0,1622.0,1500.0,1500.0,900.0,900.0,0.0,0.0,0.0,0.0,0.0,0.0,0.0,0.0
60316536,8,1636.0,1626.0,1626.0,1631.0,1500.0,1500.0,900.0,900.0,0.0,0.0,0.0,0.0,0.0,0.0,0.0,0.0
60422477,8,1638.0,1625.0,1627.0,1625.0,1500.0,1500.0,900.0,900.0,0.0,0.0,0.0,0.0,0.0,0.0,0.0,0.0
60514203,8,1625.0,1629.0,1628.0,1623.0,1500.0,1500.0,900.0,900.0,0.0,0.0,0.0,0.0,0.0,0.0,0.0,0.0
60620064,8,1634.0,1618.0,1632.0,1628.0,1500.0,1500.0,900.0,900.0,0.0,0.0,0.0,0.0,0.0,0.0,0.0,0.0
60725151,8,1623.0,1628.0,1634.0,1632.0,1500.0,1500.0,900.0,900.0,0.0,0.0,0.0,0.0,0.0,0.0,0.0,0.0
60831031,8,1625.0,1625.0,1628.0,1633.0,1500.0,1500.0,900.0,900.0,0.0,0.0,0.0,0.0,0.0,0.0,0.0,0.0
60922091,8,1620.0,1630.0,1633.0,1630.0,1500.0,1500.0,900.0,900.0,0.0,0.0,0.0,0.0,0.0,0.0,0.0,0.0
61029662,8,1623.0,1631.0,1636.0,1629.0,1500.0,1500.0,900.0,900.0,0.0,0.0,0.0,0.0,0.0,0.0,0.0,0.0
61136381,8,1632.0,1627.0,1625.0,1629.0,1500.0,1500.0,900.0,900.0,0.0,0.0,0.0,0.0,0.0,0.0,0.0,0.0
61227504,8,1629.0,1627.0,1626.0,1625.0,1500.0,1500.0,900.0,900.0,0.0,0.0,0.0,0.0,0.0,0.0,0.0,0.0
61332388,8,1630.0,1621.0,1630.0,1626.0,1500.0,1500.0,900.0,900.0,0.0,0.0,0.0,0.0,0.0,0.0,0.0,0.0
61440536,8,1626.0,1626.0,1626.0,1632.0,1500.0,1500.0,900.0,900.0,0.0,0.0,0.0,0.0,0.0,0.0,0.0,0.0
61532510,8,1629.0,1625.0,1631.0,1629.0,1500.0,1500.0,900.0,900.0,0.0,0.0,0.0,0.0,0.0,0.0,0.0,0.0
61639536,8,1632.0,1626.0,1627.0,1624.0,1500.0,1500.0,900.0,900.0,0.0,0.0,0.0,0.0,0.0,0.0,0.0,0.0
61745276,8,1626.0,1627.0,1627.0,1633.0,1500.0,1500.0,900.0,900.0,0.0,0.0,0.0,0.0,0.0,0.0,0.0,0.0
61835341,8,1630.0,1632.0,1630.0,1624.0,1500.0,1500.0,900.0,900.0,0.0,0.0,0.0,0.0,0.0,0.0,0.0,0.0
61943497,8,1635.0,1629.0,1634.0,1621.0,1500.0,1500.0,900.0,900.0,0.0,0.0,0.0,0.0,0.0,0.0,0.0,0.0
62049872,8,1632.0,1633.0,1627.0,1628.0,1500.0,1500.0,900.0,900.0,0.0,0.0,0.0,0.0,0.0,0.0,0.0,0.0
62141190,8,1633.0,1633.0,1632.0,1625.0,1500.0,1500.0,900.0,900.0,0.0,0.0,0.0,0.0,0.0,0.0,0.0,0.0
62247704,8,1632.0,1630.0,1632.0,1623.0,1500.0,1500.0,900.0,900.0,0.0,0.0,0.0,0.0,0.0,0.0,0.0,0.0
62352540,8,1628.0,1630.0,1628.0,1628.0,1500.0,1500.0,900.0,900.0,0.0,0.0,0.0,0.0,0.0,0.0,0.0,0.0
62443704,8,1628.0,1633.0,1628.0,1632.0,1500.0,1500.0,900.0,900.0,0.0,0.0,0.0,0.0,0.0,0.0,0.0,0.0
62550450,8,1626.0,1633.0,1627.0,1632.0,1500.0,1500.0,900.0,900.0,0.0,0.0,0.0,0.0,0.0,0.0,0.0,0.0
62657407,8,1629.0,1628.0,1622.0,1626.0,1500.0,1500.0,900.0,900.0,0.0,0.0,0.0,0.0,0.0,0.0,0.0,0.0
62748110,8,1630.0,1625.0,1621.0,1629.0,1500.0,1500.0,900.0,900.0,0.0,0.0,0.0,0.0,0.0,0.0,0.0,0.0
62856199,8,1632.0,1624.0,1631.0,1620.0,1500.0,1500.0,900.0,900.0,0.0,0.0,0.0,0.0,0.0,0.0,0.0,0.0
62962629,8,1625.0,1628.0,1627.0,1623.0,1500.0,1500.0,900.0,900.0,0.0,0.0,0.0,0.0,0.0,0.0,0.0,0.0
63053286,8,1628.0,1623.0,1624.0,1626.0,1500.0,1500.0,900.0,900.0,0.0,0.0,0.0,0.0,0.0,0.0,0.0,0.0
63159240,8,1627.0,1628.0,1624.0,1627.0,1500.0,1500.0,900.0,900.0,0.0,0.0,0.0,0.0,0.0,0.0,0.0,0.0
63265169,8,1631.0,1631.0,1629.0,1625.0,1500.0,1500.0,900.0,900.0,0.0,0.0,0.0,0.0,0.0,0.0,0.0,0.0
63370485,8,1627.0,1631.0,1630.0,1629.0,1500.0,1500.0,900.0,900.0,0.0,0.0,0.0,0.0,0.0,0.0,0.0,0.0
63461491,8,1630.0,1630.0,1629.0,1623.0,1500.0,1500.0,900.0,900.0,0.0,0.0,0.0,0.0,0.0,0.0,0.0,0.0
63568617,8,1627.0,1626.0,1635.0,1626.0,1500.0,1500.0,900.0,900.0,0.0,0.0,0.0,0.0,0.0,0.0,0.0,0.0
63661457,8,1625.0,1630.0,1630.0,1632.0,1500.0,1500.0,900.0,900.0,0.0,0.0,0.0,0.0,0.0,0.0,0.0,0.0
63765776,8,1618.0,1639.0,1631.0,1630.0,1500.0,1500.0,900.0,900.0,0.0,0.0,0.0,0.0,0.0,0.0,0.0,0.0
63871543,8,1627.0,1625.0,1631.0,1631.0,1500.0,1500.0,900.0,900.0,0.0,0.0,0.0,0.0,0.0,0.0,0.0,0.0
63977600,8,1633.0,1621.0,1633.0,1625.0,1500.0,1500.0,900.0,900.0,0.0,0.0,0.0,0.0,0.0,0.0,0.0,0.0
64069486,8,1630.0,1626.0,1631.0,1622.0,1500.0,1500.0,900.0,900.0,0.0,0.0,0.0,0.0,0.0,0.0,0.0,0.0
64176575,8,1627.0,1626.0,1633.0,1631.0,1500.0,1500.0,900.0,900.0,0.0,0.0,0.0,0.0,0.0,0.0,0.0,0.0
64267124,8,1632.0,1626.0,1631.0,1622.0,1500.0,1500.0,900.0,900.0,0.0,0.0,0.0,0.0,0.0,0.0,0.0,0.0
64374037,8,1627.0,1626.0,1627.0,1620.0,1500.0,1500.0,900.0,900.0,0.0,0.0,0.0,0.0,0.0,0.0,0.0,0.0
64481169,8,1630.0,1618.0,1630.0,1624.0,1500.0,1500.0,900.0,900.0,0.0,0.0,0.0,0.0,0.0,0.0,0.0,0.0
64587498,8,1627.0,1629.0,1624.0,1630.0,1500.0,1500.0,900.0,900.0,0.0,0.0,0.0,0.0,0.0,0.0,0.0,0.0
64677192,8,1625.0,1630.0,1628.0,1631.0,1500.0,1500.0,900.0,900.0,0.0,0.0,0.0,0.0,0.0,0.0,0.0,0.0
64786460,8,1628.0,1629.0,1627.0,1632.0,1500.0,1500.0,900.0,900.0,0.0,0.0,0.0,0.0,0.0,0.0,0.0,0.0
64890455,8,1626.0,1628.0,1621.0,1635.0,1500.0,1500.0,900.0,900.0,0.0,0.0,0.0,0.0,0.0,0.0,0.0,0.0
64982746,8,1627.0,1627.0,1629.0,1625.0,1500.0,1500.0,900.0,900.0,0.0,0.0,0.0,0.0,0.0,0.0,0.0,0.0
65091456,8,1629.0,1629.0,1632.0,1623.0,1500.0,1500.0,900.0,900.0,0.0,0.0,0.0,0.0,0.0,0.0,0.0,0.0
65196788,8,1628.0,1630.0,1631.0,1626.0,1500.0,1500.0,900.0,900.0,0.0,0.0,0.0,0.0,0.0,0.0,0.0,0.0
65288518,8,1626.0,1630.0,1628.0,1630.0,1500.0,1500.0,900.0,900.0,0.0,0.0,0.0,0.0,0.0,0.0,0.0,0.0
65394889,8,1624.0,1628.0,1624.0,1632.0,1500.0,1500.0,900.0,900.0,0.0,0.0,0.0,0.0,0.0,0.0,0.0,0.0
65500956,8,1633.0,1628.0,1627.0,1624.0,1500.0,1500.0,900.0,900.0,0.0,0.0,0.0,0.0,0.0,0.0,0.0,0.0
65592999,8,1629.0,1625.0,1627.0,1626.0,1500.0,1500.0,900.0,900.0,0.0,0.0,0.0,0.0,0.0,0.0,0.0,0.0
65701011,8,1626.0,1627.0,1631.0,1629.0,1500.0,1500.0,900.0,900.0,0.0,0.0,0.0,0.0,0.0,0.0,0.0,0.0
65794139,8,1627.0,1628.0,1626.0,1626.0,1500.0,1500.0,900.0,900.0,0.0,0.0,0.0,0.0,0.0,0.0,0.0,0.0
65898241,8,1625.0,1633.0,1629.0,1631.0,1500.0,1500.0,900.0,900.0,0.0,0.0,0.0,0.0,0.0,0.0,0.0,0.0
66006619,8,1629.0,1629.0,1628.0,1639.0,1500.0,1500.0,900.0,900.0,0.0,0.0,0.0,0.0,0.0,0.0,0.0,0.0
66101457,8,1625.0,1631.0,1628.0,1635.0,1500.0,1500.0,900.0,900.0,0.0,0.0,0.0,0.0,0.0,0.0,0.0,0.0
66208448,8,1638.0,1619.0,1628.0,1631.0,1500.0,1500.0,900.0,900.0,0.0,0.0,0.0,0.0,0.0,0.0,0.0,0.0
66313455,8,1628.0,1627.0,1630.0,1631.0,1500.0,1500.0,900.0,900.0,0.0,0.0,0.0,0.0,0.0,0.0,0.0,0.0
66404342,8,1620.0,1638.0,1618.0,1634.0,1500.0,1500.0,900.0,900.0,0.0,0.0,0.0,0.0,0.0,0.0,0.0,0.0
66513383,8,1627.0,1631.0,1625.0,1626.0,1500.0,1500.0,900.0,900.0,0.0,0.0,0.0,0.0,0.0,0.0,0.0,0.0
66608457,8,1625.0,1630.0,1633.0,1629.0,1500.0,1500.0,900.0,900.0,0.0,0.0,0.0,0.0,0.0,0.0,0.0,0.0
66712483,8,1628.0,1631.0,1626.0,1630.0,1500.0,1500.0,900.0,900.0,0.0,0.0,0.0,0.0,0.0,0.0,0.0,0.0
66818450,8,1627.0,1631.0,1622.0,1627.0,1500.0,1500.0,900.0,900.0,0.0,0.0,0.0,0.0,0.0,0.0,0.0,0.0
66910532,8,1630.0,1628.0,1624.0,1627.0,1500.0,1500.0,900.0,900.0,0.0,0.0,0.0,0.0,0.0,0.0,0.0,0.0
67016449,8,1627.0,1630.0,1628.0,1624.0,1500.0,1500.0,900.0,900.0,0.0,0.0,0.0,0.0,0.0,0.0,0.0,0.0
67122481,8,1633.0,1621.0,1630.0,1621.0,1500.0,1500.0,900.0,900.0,0.0,0.0,0.0,0.0,0.0,0.0,0.0,0.0
67214369,8,1628.0,1630.0,1628.0,1620.0,1500.0,1500.0,900.0,900.0,0.0,0.0,0.0,0.0,0.0,0.0,0.0,0.0
67320967,8,1629.0,1624.0,1628.0,1627.0,1500.0,1500.0,900.0,900.0,0.0,0.0,0.0,0.0,0.0,0.0,0.0,0.0
67426494,8,1626.0,1625.0,1628.0,1629.0,1500.0,1500.0,900.0,900.0,0.0,0.0,0.0,0.0,0.0,0.0,0.0,0.0
67518447,8,1634.0,1622.0,1623.0,1634.0,1500.0,1500.0,900.0,900.0,0.0,0.0,0.0,0.0,0.0,0.0,0.0,0.0
67624460,8,1632.0,1622.0,1626.0,1634.0,1500.0,1500.0,900.0,900.0,0.0,0.0,0.0,0.0,0.0,0.0,0.0,0.0
67729674,8,1623.0,1633.0,1629.0,1626.0,1500.0,1500.0,900.0,900.0,0.0,0.0,0.0,0.0,0.0,0.0,0.0,0.0
67833724,8,1630.0,1630.0,1632.0,1625.0,1500.0,1500.0,900.0,900.0,0.0,0.0,0.0,0.0,0.0,0.0,0.0,0.0
67923675,8,1622.0,1634.0,1636.0,1629.0,1500.0,1500.0,900.0,900.0,0.0,0.0,0.0,0.0,0.0,0.0,0.0,0.0
68030375,8,1625.0,1630.0,1628.0,1628.0,1500.0,1500.0,900.0,900.0,0.0,0.0,0.0,0.0,0.0,0.0,0.0,0.0
68135741,8,1627.0,1634.0,1625.0,1634.0,1500.0,1500.0,900.0,900.0,0.0,0.0,0.0,0.0,0.0,0.0,0.0,0.0
68241450,8,1623.0,1638.0,1633.0,1631.0,1500.0,1500.0,900.0,900.0,0.0,0.0,0.0,0.0,0.0,0.0,0.0,0.0
68330637,8,1629.0,1625.0,1629.0,1634.0,1500.0,1500.0,900.0,900.0,0.0,0.0,0.0,0.0,0.0,0.0,0.0,0.0
68438136,8,1630.0,1626.0,1623.0,1632.0,1500.0,1500.0,900.0,900.0,0.0,0.0,0.0,0.0,0.0,0.0,0.0,0.0
68544087,8,1632.0,1626.0,1632.0,1624.0,1500.0,1500.0,900.0,900.0,0.0,0.0,0.0,0.0,0.0,0.0,0.0,0.0
68637145,8,1629.0,1629.0,1629.0,1620.0,1500.0,1500.0,900.0,900.0,0.0,0.0,0.0,0.0,0.0,0.0,0.0,0.0
68741602,8,1625.0,1629.0,1623.0,1625.0,1500.0,1500.0,900.0,900.0,0.0,0.0,0.0,0.0,0.0,0.0,0.0,0.0
68848832,8,1627.0,1629.0,1622.0,1623.0,1500.0,1500.0,900.0,900.0,0.0,0.0,0.0,0.0,0.0,0.0,0.0,0.0
68941303,8,1626.0,1624.0,1624.0,1627.0,1500.0,1500.0,900.0,900.0,0.0,0.0,0.0,0.0,0.0,0.0,0.0,0.0
69050458,8,1634.0,1626.0,1621.0,1631.0,1500.0,1500.0,900.0,900.0,0.0,0.0,0.0,0.0,0.0,0.0,0.0,0.0
69141213,8,1634.0,1630.0,1629.0,1630.0,1500.0,1500.0,900.0,900.0,0.0,0.0,0.0,0.0,0.0,0.0,0.0,0.0
69247905,8,1624.0,1630.0,1630.0,1630.0,1500.0,1500.0,900.0,900.0,0.0,0.0,0.0,0.0,0.0,0.0,0.0,0.0
69357039,8,1626.0,1631.0,1624.0,1625.0,1500.0,1500.0,900.0,900.0,0.0,0.0,0.0,0.0,0.0,0.0,0.0,0.0
69448325,8,1625.0,1628.0,1625.0,1627.0,1500.0,1500.0,900.0,900.0,0.0,0.0,0.0,0.0,0.0,0.0,0.0,0.0
69554497,8,1630.0,1627.0,1632.0,1628.0,1500.0,1500.0,900.0,900.0,0.0,0.0,0.0,0.0,0.0,0.0,0.0,0.0
69660667,8,1629.0,1626.0,1629.0,1630.0,1500.0,1500.0,900.0,900.0,0.0,0.0,0.0,0.0,0.0,0.0,0.0,0.0
69752545,8,1627.0,1627.0,1624.0,1628.0,1500.0,1500.0,900.0,900.0,0.0,0.0,0.0,0.0,0.0,0.0,0.0,0.0
69862475,8,1627.0,1624.0,1628.0,1630.0,1500.0,1500.0,900.0,900.0,0.0,0.0,0.0,0.0,0.0,0.0,0.0,0.0
69966103,8,1627.0,1629.0,1634.0,1625.0,1500.0,1500.0,900.0,900.0,0.0,0.0,0.0,0.0,0.0,0.0,0.0,0.0
70060452,8,1627.0,1632.0,1636.0,1628.0,1500.0,1500.0,900.0,900.0,0.0,0.0,0.0,0.0,0.0,0.0,0.0,0.0
70164176,8,1630.0,1630.0,1628.0,1630.0,1500.0,1500.0,900.0,900.0,0.0,0.0,0.0,0.0,0.0,0.0,0.0,0.0
70255882,8,1624.0,1632.0,1629.0,1631.0,1500.0,1500.0,900.0,900.0,0.0,0.0,0.0,0.0,0.0,0.0,0.0,0.0
70363903,8,1632.0,1629.0,1631.0,1626.0,1500.0,1500.0,900.0,900.0,0.0,0.0,0.0,0.0,0.0,0.0,0.0,0.0
70468938,8,1632.0,1625.0,1633.0,1627.0,1500.0,1500.0,900.0,900.0,0.0,0.0,0.0,0.0,0.0,0.0,0.0,0.0
70577182,8,1617.0,1637.0,1630.0,1631.0,1500.0,1500.0,900.0,900.0,0.0,0.0,0.0,0.0,0.0,0.0,0.0,0.0
70667029,8,1628.0,1628.0,1628.0,1639.0,1500.0,1500.0,900.0,900.0,0.0,0.0,0.0,0.0,0.0,0.0,0.0,0.0
70771780,8,1627.0,1622.0,1625.0,1630.0,1500.0,1500.0,900.0,900.0,0.0,0.0,0.0,0.0,0.0,0.0,0.0,0.0
70877103,8,1625.0,1623.0,1630.0,1621.0,1500.0,1500.0,900.0,900.0,0.0,0.0,0.0,0.0,0.0,0.0,0.0,0.0
70968469,8,1629.0,1622.0,1630.0,1626.0,1500.0,1500.0,900.0,900.0,0.0,0.0,0.0,0.0,0.0,0.0,0.0,0.0
71075653,8,1620.0,1634.0,1622.0,1639.0,1500.0,1500.0,900.0,900.0,0.0,0.0,0.0,0.0,0.0,0.0,0.0,0.0
71181796,8,1635.0,1624.0,1630.0,1633.0,1500.0,1500.0,900.0,900.0,0.0,0.0,0.0,0.0,0.0,0.0,0.0,0.0
71273007,8,1631.0,1628.0,1631.0,1622.0,1500.0,1500.0,900.0,900.0,0.0,0.0,0.0,0.0,0.0,0.0,0.0,0.0
71382570,8,1628.0,1622.0,1629.0,1622.0,1500.0,1500.0,900.0,900.0,0.0,0.0,0.0,0.0,0.0,0.0,0.0,0.0
71486459,8,1622.0,1630.0,1627.0,1626.0,1500.0,1500.0,900.0,900.0,0.0,0.0,0.0,0.0,0.0,0.0,0.0,0.0
71590846,8,1622.0,1625.0,1623.0,1626.0,1500.0,1500.0,900.0,900.0,0.0,0.0,0.0,0.0,0.0,0.0,0.0,0.0
71682809,8,1628.0,1623.0,1627.0,1621.0,1500.0,1500.0,900.0,900.0,0.0,0.0,0.0,0.0,0.0,0.0,0.0,0.0
71788124,8,1625.0,1631.0,1622.0,1625.0,1500.0,1500.0,900.0,900.0,0.0,0.0,0.0,0.0,0.0,0.0,0.0,0.0
71878463,8,1632.0,1622.0,1629.0,1624.0,1500.0,1500.0,900.0,900.0,0.0,0.0,0.0,0.0,0.0,0.0,0.0,0.0
71986448,8,900.0,900.0,900.0,900.0,900.0,900.0,900.0,900.0,0.0,0.0,0.0,0.0,0.0,0.0,0.0,0.0
72092620,8,900.0,900.0,900.0,900.0,900.0,900.0,900.0,900.0,0.0,0.0,0.0,0.0,0.0,0.0,0.0,0.0
72199711,8,900.0,900.0,900.0,900.0,900.0,900.0,900.0,900.0,0.0,0.0,0.0,0.0,0.0,0.0,0.0,0.0
72291832,8,900.0,900.0,900.0,900.0,900.0,900.0,900.0,900.0,0.0,0.0,0.0,0.0,0.0,0.0,0.0,0.0
72385250,8,900.0,900.0,900.0,900.0,900.0,900.0,900.0,900.0,0.0,0.0,0.0,0.0,0.0,0.0,0.0,0.0
72492497,8,900.0,900.0,900.0,900.0,900.0,900.0,900.0,900.0,0.0,0.0,0.0,0.0,0.0,0.0,0.0,0.0
72600453,8,900.0,900.0,900.0,900.0,900.0,900.0,900.0,900.0,0.0,0.0,0.0,0.0,0.0,0.0,0.0,0.0
72706447,8,900.0,900.0,900.0,900.0,900.0,900.0,900.0,900.0,0.0,0.0,0.0,0.0,0.0,0.0,0.0,0.0
72800447,8,900.0,900.0,900.0,900.0,900.0,900.0,900.0,900.0,0.0,0.0,0.0,0.0,0.0,0.0,0.0,0.0
