timestamp,time_utc_usec,lat,lon,alt,alt_ellipsoid,s_variance_m_s,c_variance_rad,eph,epv,hdop,vdop,noise_per_ms,jamming_indicator,vel_m_s,vel_n_m_s,vel_e_m_s,vel_d_m_s,cog_rad,timestamp_time_relative,heading,heading_offset,fix_type,vel_ned_valid,satellites_used
27137899,1689690804097000,401540304,1162593682,1123,0,0.1,0.0,0.29999998,0.39999998,0.0,0.0,0,0,0.049999997,0.04,-0.03,-0.03,0.0,0,nan,nan,3,1,15
27237966,1689690804197000,401540306,1162593689,918,0,0.1,0.0,0.29999998,0.39999998,0.0,0.0,0,0,0.07,0.07,-0.02,0.099999994,0.0,0,nan,nan,3,1,15
27338477,1689690804297000,401540307,1162593681,1013,0,0.1,0.0,0.29999998,0.39999998,0.0,0.0,0,0,0.07,0.02,-0.07,-0.01,0.0,0,nan,nan,3,1,15
27438872,1689690804397000,401540307,1162593689,1049,0,0.1,0.0,0.29999998,0.39999998,0.0,0.0,0,0,0.04,-0.02,-0.04,0.02,0.0,0,nan,nan,3,1,15
27538088,1689690804497000,401540306,1162593687,971,0,0.1,0.0,0.29999998,0.39999998,0.0,0.0,0,0,0.07,0.06,0.01,0.0,0.0,0,nan,nan,3,1,15
27639749,1689690804597000,401540305,1162593685,1092,0,0.1,0.0,0.29999998,0.39999998,0.0,0.0,0,0,0.049999997,0.049999997,0.0,0.01,0.0,0,nan,nan,3,1,15
27738481,1689690804697000,401540307,1162593683,998,0,0.1,0.0,0.29999998,0.39999998,0.0,0.0,0,0,0.04,-0.04,0.01,-0.03,0.0,0,nan,nan,3,1,15
27837930,1689690804797000,401540300,1162593678,926,0,0.1,0.0,0.29999998,0.39999998,0.0,0.0,0,0,0.06,-0.01,0.06,-0.089999996,0.0,0,nan,nan,3,1,15
27938680,1689690804897000,401540304,1162593682,950,0,0.1,0.0,0.29999998,0.39999998,0.0,0.0,0,0,0.03,-0.01,0.03,0.12,0.0,0,nan,nan,3,1,15
28037905,1689690804997000,401540299,1162593683,1135,0,0.1,0.0,0.29999998,0.39999998,0.0,0.0,0,0,0.01,0.01,0.0,0.02,0.0,0,nan,nan,3,1,15
28138044,1689690805097000,401540297,1162593690,1051,0,0.1,0.0,0.29999998,0.39999998,0.0,0.0,0,0,0.01,-0.01,0.01,0.01,0.0,0,nan,nan,3,1,15
28237829,1689690805197000,401540300,1162593683,1075,0,0.1,0.0,0.29999998,0.39999998,0.0,0.0,0,0,0.049999997,-0.049999997,-0.01,-0.01,0.0,0,nan,nan,3,1,15
28338003,1689690805297000,401540297,1162593676,954,0,0.1,0.0,0.29999998,0.39999998,0.0,0.0,0,0,0.02,-0.02,0.0,-0.02,0.0,0,nan,nan,3,1,15
28438490,1689690805397000,401540307,1162593682,1111,0,0.1,0.0,0.29999998,0.39999998,0.0,0.0,0,0,0.04,-0.02,0.03,-0.089999996,0.0,0,nan,nan,3,1,15
28538079,1689690805497000,401540297,1162593685,909,0,0.1,0.0,0.29999998,0.39999998,0.0,0.0,0,0,0.02,0.02,0.01,0.01,0.0,0,nan,nan,3,1,15
28638052,1689690805597000,401540303,1162593681,1079,0,0.1,0.0,0.29999998,0.39999998,0.0,0.0,0,0,0.01,0.0,0.01,-0.06,0.0,0,nan,nan,3,1,15
28738954,1689690805697000,401540301,1162593677,1107,0,0.1,0.0,0.29999998,0.39999998,0.0,0.0,0,0,0.03,-0.01,0.02,0.08,0.0,0,nan,nan,3,1,15
28837686,1689690805797000,401540302,1162593678,1082,0,0.1,0.0,0.29999998,0.39999998,0.0,0.0,0,0,0.06,-0.03,0.049999997,0.0,0.0,0,nan,nan,3,1,15
28937834,1689690805897000,401540304,1162593676,997,0,0.1,0.0,0.29999998,0.39999998,0.0,0.0,0,0,0.02,0.02,-0.01,-0.06,0.0,0,nan,nan,3,1,15
29037692,1689690805997000,401540303,1162593688,1078,0,0.1,0.0,0.29999998,0.39999998,0.0,0.0,0,0,0.02,-0.01,-0.02,-0.049999997,0.0,0,nan,nan,3,1,15
29139507,1689690806097000,401540300,1162593678,1130,0,0.1,0.0,0.29999998,0.39999998,0.0,0.0,0,0,0.06,-0.049999997,-0.03,0.01,0.0,0,nan,nan,3,1,15
29239446,1689690806197000,401540297,1162593683,1005,0,0.1,0.0,0.29999998,0.39999998,0.0,0.0,0,0,0.02,-0.02,-0.01,-0.08,0.0,0,nan,nan,3,1,15
29338854,1689690806297000,401540304,1162593686,1129,0,0.1,0.0,0.29999998,0.39999998,0.0,0.0,0,0,0.03,-0.01,-0.03,0.02,0.0,0,nan,nan,3,1,15
29438894,1689690806397000,401540305,1162593687,1017,0,0.1,0.0,0.29999998,0.39999998,0.0,0.0,0,0,0.01,0.0,0.01,0.0,0.0,0,nan,nan,3,1,15
29538392,1689690806497000,401540297,1162593681,959,0,0.1,0.0,0.29999998,0.39999998,0.0,0.0,0,0,0.02,-0.02,0.01,-0.06,0.0,0,nan,nan,3,1,15
29638050,1689690806597000,401540305,1162593679,1017,0,0.1,0.0,0.29999998,0.39999998,0.0,0.0,0,0,0.01,0.01,0.01,0.02,0.0,0,nan,nan,3,1,15
29738554,1689690806697000,401540298,1162593680,1002,0,0.1,0.0,0.29999998,0.39999998,0.0,0.0,0,0,0.03,-0.01,-0.03,0.049999997,0.0,0,nan,nan,3,1,15
29837685,1689690806797000,401540301,1162593683,1003,0,0.1,0.0,0.29999998,0.39999998,0.0,0.0,0,0,0.04,0.02,0.04,0.08,0.0,0,nan,nan,3,1,15
29937770,1689690806897000,401540297,1162593690,1075,0,0.1,0.0,0.29999998,0.39999998,0.0,0.0,0,0,0.03,0.01,0.03,0.0,0.0,0,nan,nan,3,1,15
30038027,1689690806997000,401540304,1162593687,1136,0,0.1,0.0,0.29999998,0.39999998,0.0,0.0,0,0,0.07,0.03,0.06,-0.11,0.0,0,nan,nan,3,1,15
30138866,1689690807097000,401540297,1162593689,1034,0,0.1,0.0,0.29999998,0.39999998,0.0,0.0,0,0,0.02,0.02,-0.01,0.0,0.0,0,nan,nan,3,1,15
30239413,1689690807197000,401540302,1162593682,926,0,0.1,0.0,0.29999998,0.39999998,0.0,0.0,0,0,0.049999997,-0.02,0.04,-0.049999997,0.0,0,nan,nan,3,1,15
30338237,1689690807297000,401540303,1162593689,1112,0,0.1,0.0,0.29999998,0.39999998,0.0,0.0,0,0,0.03,-0.02,0.02,0.07,0.0,0,nan,nan,3,1,15
30440762,1689690807397000,401540298,1162593682,997,0,0.1,0.0,0.29999998,0.39999998,0.0,0.0,0,0,0.049999997,0.0,0.049999997,-0.04,0.0,0,nan,nan,3,1,15
30539019,1689690807498000,401540303,1162593682,1033,0,0.1,0.0,0.29999998,0.39999998,0.0,0.0,0,0,0.01,0.0,-0.01,-0.01,0.0,0,nan,nan,3,1,15
30639522,1689690807598000,401540299,1162593678,989,0,0.1,0.0,0.29999998,0.39999998,0.0,0.0,0,0,0.049999997,-0.03,0.04,0.099999994,0.0,0,nan,nan,3,1,15
30740603,1689690807698000,401540307,1162593688,1121,0,0.1,0.0,0.29999998,0.39999998,0.0,0.0,0,0,0.04,-0.02,-0.03,0.02,0.0,0,nan,nan,3,1,15
30839953,1689690807798000,401540303,1162593688,1104,0,0.1,0.0,0.29999998,0.39999998,0.0,0.0,0,0,0.06,0.04,0.049999997,-0.099999994,0.0,0,nan,nan,3,1,15
30939444,1689690807898000,401540304,1162593677,974,0,0.1,0.0,0.29999998,0.39999998,0.0,0.0,0,0,0.02,0.0,-0.02,-0.04,0.0,0,nan,nan,3,1,15
31039912,1689690807998000,401540306,1162593688,1080,0,0.1,0.0,0.29999998,0.39999998,0.0,0.0,0,0,0.049999997,0.049999997,-0.03,0.02,0.0,0,nan,nan,3,1,15
31140488,1689690808098000,401540306,1162593677,1146,0,0.1,0.0,0.29999998,0.39999998,0.0,0.0,0,0,0.02,0.0,-0.02,0.01,0.0,0,nan,nan,3,1,15
31240982,1689690808198000,401540307,1162593677,972,0,0.1,0.0,0.29999998,0.39999998,0.0,0.0,0,0,0.02,0.01,0.02,0.06,0.0,0,nan,nan,3,1,15
31339338,1689690808298000,401540306,1162593680,1050,0,0.1,0.0,0.29999998,0.39999998,0.0,0.0,0,0,0.04,-0.03,0.02,-0.03,0.0,0,nan,nan,3,1,15
31440334,1689690808398000,401540298,1162593685,1016,0,0.1,0.0,0.29999998,0.39999998,0.0,0.0,0,0,0.03,0.03,-0.01,0.03,0.0,0,nan,nan,3,1,15
31539948,1689690808498000,401540303,1162593688,1108,0,0.1,0.0,0.29999998,0.39999998,0.0,0.0,0,0,0.02,0.0,-0.02,-0.049999997,0.0,0,nan,nan,3,1,15
31639185,1689690808598000,401540298,1162593683,1025,0,0.1,0.0,0.29999998,0.39999998,0.0,0.0,0,0,0.0,0.0,0.0,-0.04,0.0,0,nan,nan,3,1,15
31739405,1689690808698000,401540300,1162593677,1075,0,0.1,0.0,0.29999998,0.39999998,0.0,0.0,0,0,0.04,0.03,0.03,-0.089999996,0.0,0,nan,nan,3,1,15
31840670,1689690808798000,401540298,1162593684,927,0,0.1,0.0,0.29999998,0.39999998,0.0,0.0,0,0,0.01,0.01,0.0,-0.01,0.0,0,nan,nan,3,1,15
31941232,1689690808899000,401540305,1162593680,1068,0,0.1,0.0,0.29999998,0.39999998,0.0,0.0,0,0,0.03,0.03,0.0,0.0,0.0,0,nan,nan,3,1,15
32041449,1689690808999000,401540305,1162593681,1127,0,0.1,0.0,0.29999998,0.39999998,0.0,0.0,0,0,0.06,0.049999997,0.02,-0.08,0.0,0,nan,nan,3,1,15
32141282,1689690809099000,401540297,1162593677,1120,0,0.1,0.0,0.29999998,0.39999998,0.0,0.0,0,0,0.049999997,0.02,0.04,-0.03,0.0,0,nan,nan,3,1,15
32240443,1689690809199000,401540303,1162593687,1144,0,0.1,0.0,0.29999998,0.39999998,0.0,0.0,0,0,0.04,0.04,0.01,0.0,0.0,0,nan,nan,3,1,15
32339968,1689690809299000,401540303,1162593684,977,0,0.1,0.0,0.29999998,0.39999998,0.0,0.0,0,0,0.03,-0.03,0.01,-0.04,0.0,0,nan,nan,3,1,15
32440997,1689690809399000,401540301,1162593685,1093,0,0.1,0.0,0.29999998,0.39999998,0.0,0.0,0,0,0.04,-0.04,0.02,0.08,0.0,0,nan,nan,3,1,15
32540673,1689690809499000,401540302,1162593678,1061,0,0.1,0.0,0.29999998,0.39999998,0.0,0.0,0,0,0.049999997,0.03,0.04,0.0,0.0,0,nan,nan,3,1,15
32640424,1689690809599000,401540304,1162593683,1093,0,0.1,0.0,0.29999998,0.39999998,0.0,0.0,0,0,0.04,-0.04,0.0,0.02,0.0,0,nan,nan,3,1,15
32741234,1689690809699000,401540299,1162593683,1087,0,0.1,0.0,0.29999998,0.39999998,0.0,0.0,0,0,0.08,0.04,-0.07,-0.02,0.0,0,nan,nan,3,1,15
32840743,1689690809799000,401540300,1162593688,1004,0,0.1,0.0,0.29999998,0.39999998,0.0,0.0,0,0,0.07,0.049999997,-0.04,-0.049999997,0.0,0,nan,nan,3,1,15
32940445,1689690809899000,401540304,1162593677,977,0,0.1,0.0,0.29999998,0.39999998,0.0,0.0,0,0,0.0,0.0,0.0,-0.01,0.0,0,nan,nan,3,1,15
33041192,1689690809999000,401540300,1162593689,1042,0,0.1,0.0,0.29999998,0.39999998,0.0,0.0,0,0,0.01,-0.01,0.0,-0.04,0.0,0,nan,nan,3,1,15
33188829,1689690810143000,401540300,1162593680,1093,0,0.1,0.0,0.29999998,0.39999998,0.0,0.0,0,0,0.02,-0.02,0.0,-0.049999997,0.0,0,nan,nan,3,1,15
33284407,1689690810243000,401540307,1162593677,1036,0,0.1,0.0,0.29999998,0.39999998,0.0,0.0,0,0,0.02,0.0,0.02,0.03,0.0,0,nan,nan,3,1,15
33384669,1689690810343000,401540306,1162593683,988,0,0.1,0.0,0.29999998,0.39999998,0.0,0.0,0,0,0.01,-0.01,0.01,0.0,0.0,0,nan,nan,3,1,15
33484878,1689690810443000,401540300,1162593684,1134,0,0.1,0.0,0.29999998,0.39999998,0.0,0.0,0,0,0.02,-0.01,-0.02,0.01,0.0,0,nan,nan,3,1,15
33583813,1689690810543000,401540301,1162593689,1068,0,0.1,0.0,0.29999998,0.39999998,0.0,0.0,0,0,0.03,0.03,-0.01,0.049999997,0.0,0,nan,nan,3,1,15
33683844,1689690810643000,401540299,1162593677,1060,0,0.1,0.0,0.29999998,0.39999998,0.0,0.0,0,0,0.03,-0.01,-0.03,0.0,0.0,0,nan,nan,3,1,15
33785886,1689690810743000,401540302,1162593679,920,0,0.1,0.0,0.29999998,0.39999998,0.0,0.0,0,0,0.02,-0.02,0.0,-0.03,0.0,0,nan,nan,3,1,15
33883979,1689690810843000,401540304,1162593678,1096,0,0.1,0.0,0.29999998,0.39999998,0.0,0.0,0,0,0.04,0.0,0.04,-0.07,0.0,0,nan,nan,3,1,15
33983894,1689690810943000,401540298,1162593683,964,0,0.1,0.0,0.29999998,0.39999998,0.0,0.0,0,0,0.02,0.02,0.0,0.06,0.0,0,nan,nan,3,1,15
34084908,1689690811043000,401540300,1162593682,1126,0,0.1,0.0,0.29999998,0.39999998,0.0,0.0,0,0,0.03,0.01,0.03,0.02,0.0,0,nan,nan,3,1,15
34184474,1689690811143000,401540305,1162593680,970,0,0.1,0.0,0.29999998,0.39999998,0.0,0.0,0,0,0.04,-0.01,0.04,-0.01,0.0,0,nan,nan,3,1,15
34284899,1689690811243000,401540301,1162593679,1101,0,0.1,0.0,0.29999998,0.39999998,0.0,0.0,0,0,0.04,-0.02,0.04,-0.03,0.0,0,nan,nan,3,1,15
34385298,1689690811343000,401540302,1162593676,1131,0,0.1,0.0,0.29999998,0.39999998,0.0,0.0,0,0,0.04,0.02,-0.03,-0.01,0.0,0,nan,nan,3,1,15
34484098,1689690811443000,401540299,1162593685,1120,0,0.1,0.0,0.29999998,0.39999998,0.0,0.0,0,0,0.02,-0.02,-0.02,-0.089999996,0.0,0,nan,nan,3,1,15
34584573,1689690811543000,401540303,1162593690,1032,0,0.1,0.0,0.29999998,0.39999998,0.0,0.0,0,0,0.03,-0.03,-0.01,-0.13,0.0,0,nan,nan,3,1,15
34685604,1689690811644000,401540306,1162593679,965,0,0.1,0.0,0.29999998,0.39999998,0.0,0.0,0,0,0.03,0.03,0.0,0.0,0.0,0,nan,nan,3,1,15
34785514,1689690811744000,401540307,1162593680,931,0,0.1,0.0,0.29999998,0.39999998,0.0,0.0,0,0,0.03,-0.02,0.02,0.0,0.0,0,nan,nan,3,1,15
34885875,1689690811844000,401540306,1162593690,945,0,0.1,0.0,0.29999998,0.39999998,0.0,0.0,0,0,0.03,-0.02,-0.03,-0.03,0.0,0,nan,nan,3,1,15
34984943,1689690811944000,401540298,1162593687,993,0,0.1,0.0,0.29999998,0.39999998,0.0,0.0,0,0,0.03,0.02,-0.01,0.04,0.0,0,nan,nan,3,1,15
35085327,1689690812044000,401540297,1162593688,982,0,0.1,0.0,0.29999998,0.39999998,0.0,0.0,0,0,0.02,-0.02,0.0,0.11,0.0,0,nan,nan,3,1,15
35185600,1689690812144000,401540303,1162593684,970,0,0.1,0.0,0.29999998,0.39999998,0.0,0.0,0,0,0.049999997,0.03,0.04,0.02,0.0,0,nan,nan,3,1,15
35287033,1689690812244000,401540297,1162593679,976,0,0.1,0.0,0.29999998,0.39999998,0.0,0.0,0,0,0.049999997,-0.049999997,0.01,-0.01,0.0,0,nan,nan,3,1,15
35387604,1689690812344000,401540299,1162593688,1040,0,0.1,0.0,0.29999998,0.39999998,0.0,0.0,0,0,0.07,-0.06,-0.04,0.01,0.0,0,nan,nan,3,1,15
35486890,1689690812444000,401540300,1162593687,988,0,0.1,0.0,0.29999998,0.39999998,0.0,0.0,0,0,0.02,0.01,-0.01,0.03,0.0,0,nan,nan,3,1,15
35586222,1689690812544000,401540297,1162593680,956,0,0.1,0.0,0.29999998,0.39999998,0.0,0.0,0,0,0.06,0.03,-0.049999997,-0.06,0.0,0,nan,nan,3,1,15
35686492,1689690812644000,401540306,1162593687,1069,0,0.1,0.0,0.29999998,0.39999998,0.0,0.0,0,0,0.03,-0.03,-0.01,0.03,0.0,0,nan,nan,3,1,15
35785379,1689690812744000,401540307,1162593679,1058,0,0.1,0.0,0.29999998,0.39999998,0.0,0.0,0,0,0.02,0.02,0.0,0.08,0.0,0,nan,nan,3,1,15
35886382,1689690812844000,401540302,1162593689,1083,0,0.1,0.0,0.29999998,0.39999998,0.0,0.0,0,0,0.03,0.02,-0.02,0.08,0.0,0,nan,nan,3,1,15
35985520,1689690812944000,401540301,1162593678,1131,0,0.1,0.0,0.29999998,0.39999998,0.0,0.0,0,0,0.01,-0.01,0.01,0.01,0.0,0,nan,nan,3,1,15
36086881,1689690813044000,401540299,1162593678,912,0,0.1,0.0,0.29999998,0.39999998,0.0,0.0,0,0,0.03,-0.01,-0.03,-0.03,0.0,0,nan,nan,3,1,15
36187432,1689690813144000,401540304,1162593677,1062,0,0.1,0.0,0.29999998,0.39999998,0.0,0.0,0,0,0.02,0.0,-0.02,-0.049999997,0.0,0,nan,nan,3,1,15
36284896,1689690813244000,401540300,1162593682,1125,0,0.1,0.0,0.29999998,0.39999998,0.0,0.0,0,0,0.02,0.0,0.02,-0.04,0.0,0,nan,nan,3,1,15
36385447,1689690813344000,401540304,1162593689,1144,0,0.1,0.0,0.29999998,0.39999998,0.0,0.0,0,0,0.04,0.0,0.04,-0.11,0.0,0,nan,nan,3,1,15
36487794,1689690813444000,401540305,1162593678,1057,0,0.1,0.0,0.29999998,0.39999998,0.0,0.0,0,0,0.04,0.04,0.01,0.01,0.0,0,nan,nan,3,1,15
36586864,1689690813544000,401540307,1162593677,1107,0,0.1,0.0,0.29999998,0.39999998,0.0,0.0,0,0,0.04,0.04,0.0,0.02,0.0,0,nan,nan,3,1,15
36685857,1689690813644000,401540300,1162593677,1007,0,0.1,0.0,0.29999998,0.39999998,0.0,0.0,0,0,0.04,0.04,-0.01,0.0,0.0,0,nan,nan,3,1,15
36786049,1689690813744000,401540304,1162593687,934,0,0.1,0.0,0.29999998,0.39999998,0.0,0.0,0,0,0.01,0.0,-0.01,-0.01,0.0,0,nan,nan,3,1,15
36885323,1689690813844000,401540302,1162593687,961,0,0.1,0.0,0.29999998,0.39999998,0.0,0.0,0,0,0.04,0.0,-0.04,-0.02,0.0,0,nan,nan,3,1,15
36985637,1689690813944000,401540300,1162593686,1087,0,0.1,0.0,0.29999998,0.39999998,0.0,0.0,0,0,0.02,0.0,-0.02,0.04,0.0,0,nan,nan,3,1,15
37085504,1689690814044000,401540297,1162593676,1147,0,0.1,0.0,0.29999998,0.39999998,0.0,0.0,0,0,0.02,0.0,-0.02,0.11,0.0,0,nan,nan,3,1,15
37185670,1689690814144000,401540304,1162593682,958,0,0.1,0.0,0.29999998,0.39999998,0.0,0.0,0,0,0.04,0.03,0.02,-0.089999996,0.0,0,nan,nan,3,1,15
37285354,1689690814244000,401540304,1162593687,1055,0,0.1,0.0,0.29999998,0.39999998,0.0,0.0,0,0,0.02,0.02,0.0,0.01,0.0,0,nan,nan,3,1,15
37385692,1689690814344000,401540307,1162593688,1001,0,0.1,0.0,0.29999998,0.39999998,0.0,0.0,0,0,0.06,0.01,-0.06,0.049999997,0.0,0,nan,nan,3,1,15
37486202,1689690814444000,401540301,1162593678,1131,0,0.1,0.0,0.29999998,0.39999998,0.0,0.0,0,0,0.04,0.03,-0.03,0.13,0.0,0,nan,nan,3,1,15
37585217,1689690814544000,401540297,1162593684,972,0,0.1,0.0,0.29999998,0.39999998,0.0,0.0,0,0,0.02,0.02,0.01,0.049999997,0.0,0,nan,nan,3,1,15
37686424,1689690814644000,401540298,1162593684,954,0,0.1,0.0,0.29999998,0.39999998,0.0,0.0,0,0,0.03,-0.03,0.0,0.16,0.0,0,nan,nan,3,1,15
37785874,1689690814744000,401540304,1162593684,1009,0,0.1,0.0,0.29999998,0.39999998,0.0,0.0,0,0,0.02,0.02,0.0,0.0,0.0,0,nan,nan,3,1,15
37885556,1689690814844000,401540307,1162593689,1062,0,0.1,0.0,0.29999998,0.39999998,0.0,0.0,0,0,0.02,-0.02,-0.01,-0.13,0.0,0,nan,nan,3,1,15
37985864,1689690814944000,401540302,1162593680,1032,0,0.1,0.0,0.29999998,0.39999998,0.0,0.0,0,0,0.03,-0.01,0.03,0.0,0.0,0,nan,nan,3,1,15
38087044,1689690815044000,401540303,1162593687,1136,0,0.1,0.0,0.29999998,0.39999998,0.0,0.0,0,0,0.04,-0.03,0.02,-0.16,0.0,0,nan,nan,3,1,15
38200799,1689690815159000,401540297,1162593678,1027,0,0.1,0.0,0.29999998,0.39999998,0.0,0.0,0,0,0.06,-0.049999997,0.02,-0.42999998,0.0,0,nan,nan,3,1,15
38306844,1689690815265000,401540298,1162593678,1116,0,0.1,0.0,0.29999998,0.39999998,0.0,0.0,0,0,0.12,-0.089999996,0.08,-0.79999995,0.0,0,nan,nan,3,1,15
38414051,1689690815372000,401540303,1162593682,1325,0,0.1,0.0,0.29999998,0.39999998,0.0,0.0,0,0,0.089999996,-0.07,0.06,-1.02,0.0,0,nan,nan,3,1,15
38520827,1689690815479000,401540300,1162593678,1268,0,0.1,0.0,0.29999998,0.39999998,0.0,0.0,0,0,0.12,-0.12,0.01,-1.22,0.0,0,nan,nan,3,1,15
38628451,1689690815587000,401540298,1162593686,1394,0,0.1,0.0,0.29999998,0.39999998,0.0,0.0,0,0,0.099999994,-0.08,0.049999997,-1.36,0.0,0,nan,nan,3,1,15
38734213,1689690815692000,401540295,1162593682,1709,0,0.1,0.0,0.29999998,0.39999998,0.0,0.0,0,0,0.099999994,-0.089999996,0.04,-1.6899999,0.0,0,nan,nan,3,1,15
38840171,1689690815799000,401540292,1162593684,1777,0,0.1,0.0,0.29999998,0.39999998,0.0,0.0,0,0,0.06,-0.06,0.0,-1.91,0.0,0,nan,nan,3,1,15
38948005,1689690815905000,401540292,1162593686,1939,0,0.1,0.0,0.29999998,0.39999998,0.0,0.0,0,0,0.089999996,-0.07,0.049999997,-2.1399999,0.0,0,nan,nan,3,1,15
39053988,1689690816012000,401540299,1162593693,2334,0,0.1,0.0,0.29999998,0.39999998,0.0,0.0,0,0,0.06,-0.06,0.02,-2.32,0.0,0,nan,nan,3,1,15
39159433,1689690816117000,401540291,1162593686,2634,0,0.1,0.0,0.29999998,0.39999998,0.0,0.0,0,0,0.04,-0.04,0.01,-2.45,0.0,0,nan,nan,3,1,15
39266068,1689690816224000,401540296,1162593695,2905,0,0.1,0.0,0.29999998,0.39999998,0.0,0.0,0,0,0.07,-0.03,0.06,-2.51,0.0,0,nan,nan,3,1,15
39372606,1689690816331000,401540290,1162593687,3121,0,0.1,0.0,0.29999998,0.39999998,0.0,0.0,0,0,0.06,-0.04,0.04,-2.52,0.0,0,nan,nan,3,1,15
39479717,1689690816438000,401540288,1162593690,3391,0,0.1,0.0,0.29999998,0.39999998,0.0,0.0,0,0,0.06,-0.04,0.049999997,-2.48,0.0,0,nan,nan,3,1,15
39585043,1689690816543000,401540294,1162593692,3524,0,0.1,0.0,0.29999998,0.39999998,0.0,0.0,0,0,0.04,-0.04,0.0,-2.53,0.0,0,nan,nan,3,1,15
39690952,1689690816649000,401540295,1162593682,3906,0,0.1,0.0,0.29999998,0.39999998,0.0,0.0,0,0,0.049999997,-0.03,0.04,-2.57,0.0,0,nan,nan,3,1,15
39798313,1689690816757000,401540290,1162593688,4243,0,0.1,0.0,0.29999998,0.39999998,0.0,0.0,0,0,0.03,0.01,-0.03,-2.57,0.0,0,nan,nan,3,1,15
39905806,1689690816864000,401540296,1162593690,4381,0,0.1,0.0,0.29999998,0.39999998,0.0,0.0,0,0,0.04,0.03,-0.03,-2.56,0.0,0,nan,nan,3,1,15
40013360,1689690816972000,401540292,1162593690,4686,0,0.1,0.0,0.29999998,0.39999998,0.0,0.0,0,0,0.02,0.02,0.0,-2.54,0.0,0,nan,nan,3,1,15
40121148,1689690817078000,401540292,1162593684,4860,0,0.1,0.0,0.29999998,0.39999998,0.0,0.0,0,0,0.02,-0.01,-0.02,-2.61,0.0,0,nan,nan,3,1,15
40226553,1689690817184000,401540297,1162593691,5241,0,0.1,0.0,0.29999998,0.39999998,0.0,0.0,0,0,0.04,0.0,-0.04,-2.69,0.0,0,nan,nan,3,1,15
40336193,1689690817294000,401540296,1162593683,5535,0,0.1,0.0,0.29999998,0.39999998,0.0,0.0,0,0,0.07,0.02,-0.07,-2.6799998,0.0,0,nan,nan,3,1,15
40443245,1689690817401000,401540291,1162593684,5800,0,0.1,0.0,0.29999998,0.39999998,0.0,0.0,0,0,0.049999997,-0.01,-0.049999997,-2.6799998,0.0,0,nan,nan,3,1,15
40549001,1689690817507000,401540288,1162593688,5974,0,0.1,0.0,0.29999998,0.39999998,0.0,0.0,0,0,0.049999997,0.0,-0.049999997,-2.6399999,0.0,0,nan,nan,3,1,15
40654520,1689690817613000,401540297,1162593682,6374,0,0.1,0.0,0.29999998,0.39999998,0.0,0.0,0,0,0.01,0.0,0.01,-2.6299999,0.0,0,nan,nan,3,1,15
40761912,1689690817720000,401540295,1162593683,6757,0,0.1,0.0,0.29999998,0.39999998,0.0,0.0,0,0,0.04,0.04,-0.01,-2.74,0.0,0,nan,nan,3,1,15
40869882,1689690817827000,401540298,1162593685,6838,0,0.1,0.0,0.29999998,0.39999998,0.0,0.0,0,0,0.07,0.04,-0.049999997,-2.74,0.0,0,nan,nan,3,1,15
40977950,1689690817935000,401540289,1162593687,7206,0,0.1,0.0,0.29999998,0.39999998,0.0,0.0,0,0,0.06,0.01,-0.06,-2.6799998,0.0,0,nan,nan,3,1,15
41083773,1689690818042000,401540294,1162593690,7588,0,0.1,0.0,0.29999998,0.39999998,0.0,0.0,0,0,0.049999997,0.04,-0.03,-2.75,0.0,0,nan,nan,3,1,15
41191229,1689690818149000,401540295,1162593689,7885,0,0.1,0.0,0.29999998,0.39999998,0.0,0.0,0,0,0.07,0.07,-0.02,-2.79,0.0,0,nan,nan,3,1,15
41298090,1689690818256000,401540290,1162593686,8148,0,0.1,0.0,0.29999998,0.39999998,0.0,0.0,0,0,0.08,0.07,-0.03,-2.75,0.0,0,nan,nan,3,1,15
41404092,1689690818362000,401540293,1162593692,8497,0,0.1,0.0,0.29999998,0.39999998,0.0,0.0,0,0,0.049999997,0.049999997,-0.02,-2.83,0.0,0,nan,nan,3,1,15
41510260,1689690818468000,401540298,1162593688,8760,0,0.1,0.0,0.29999998,0.39999998,0.0,0.0,0,0,0.06,0.02,-0.049999997,-2.79,0.0,0,nan,nan,3,1,15
41618702,1689690818575000,401540293,1162593679,9034,0,0.1,0.0,0.29999998,0.39999998,0.0,0.0,0,0,0.07,0.07,0.0,-2.83,0.0,0,nan,nan,3,1,15
41724625,1689690818683000,401540302,1162593690,9416,0,0.1,0.0,0.29999998,0.39999998,0.0,0.0,0,0,0.049999997,0.04,-0.03,-2.8999999,0.0,0,nan,nan,3,1,15
41830354,1689690818788000,401540301,1162593680,9659,0,0.1,0.0,0.29999998,0.39999998,0.0,0.0,0,0,0.049999997,0.04,-0.03,-2.79,0.0,0,nan,nan,3,1,15
41937022,1689690818895000,401540294,1162593689,9803,0,0.1,0.0,0.29999998,0.39999998,0.0,0.0,0,0,0.06,0.06,0.0,-2.83,0.0,0,nan,nan,3,1,15
42044142,1689690819002000,401540293,1162593686,10334,0,0.1,0.0,0.29999998,0.39999998,0.0,0.0,0,0,0.07,0.07,0.01,-2.8,0.0,0,nan,nan,3,1,15
42150022,1689690819108000,401540294,1162593680,10518,0,0.1,0.0,0.29999998,0.39999998,0.0,0.0,0,0,0.04,0.0,-0.04,-2.8,0.0,0,nan,nan,3,1,15
42256619,1689690819213000,401540304,1162593677,10852,0,0.1,0.0,0.29999998,0.39999998,0.0,0.0,0,0,0.099999994,0.06,-0.08,-2.8799999,0.0,0,nan,nan,3,1,15
42362409,1689690819320000,401540297,1162593677,11112,0,0.1,0.0,0.29999998,0.39999998,0.0,0.0,0,0,0.06,0.06,0.0,-2.97,0.0,0,nan,nan,3,1,15
42468234,1689690819426000,401540299,1162593675,11421,0,0.1,0.0,0.29999998,0.39999998,0.0,0.0,0,0,0.07,0.06,-0.04,-2.82,0.0,0,nan,nan,3,1,15
42577819,1689690819536000,401540300,1162593678,11766,0,0.1,0.0,0.29999998,0.39999998,0.0,0.0,0,0,0.089999996,0.07,-0.06,-2.97,0.0,0,nan,nan,3,1,15
42684136,1689690819641000,401540304,1162593678,12199,0,0.1,0.0,0.29999998,0.39999998,0.0,0.0,0,0,0.07,0.049999997,-0.06,-2.96,0.0,0,nan,nan,3,1,15
42791312,1689690819748000,401540298,1162593685,12433,0,0.1,0.0,0.29999998,0.39999998,0.0,0.0,0,0,0.089999996,0.08,-0.049999997,-2.97,0.0,0,nan,nan,3,1,15
42897955,1689690819855000,401540298,1162593681,12656,0,0.1,0.0,0.29999998,0.39999998,0.0,0.0,0,0,0.08,0.07,-0.04,-2.9099998,0.0,0,nan,nan,3,1,15
43004216,1689690819962000,401540307,1162593672,12912,0,0.1,0.0,0.29999998,0.39999998,0.0,0.0,0,0,0.04,0.04,-0.02,-2.9399998,0.0,0,nan,nan,3,1,15
43110724,1689690820069000,401540304,1162593680,13300,0,0.1,0.0,0.29999998,0.39999998,0.0,0.0,0,0,0.049999997,0.01,-0.049999997,-2.8799999,0.0,0,nan,nan,3,1,15
43217042,1689690820175000,401540299,1162593682,13662,0,0.1,0.0,0.29999998,0.39999998,0.0,0.0,0,0,0.099999994,0.01,-0.099999994,-2.54,0.0,0,nan,nan,3,1,15
43323737,1689690820281000,401540304,1162593675,13898,0,0.1,0.0,0.29999998,0.39999998,0.0,0.0,0,0,0.08,0.049999997,-0.07,-2.26,0.0,0,nan,nan,3,1,15
43430505,1689690820388000,401540303,1162593672,14214,0,0.1,0.0,0.29999998,0.39999998,0.0,0.0,0,0,0.07,0.04,-0.06,-1.88,0.0,0,nan,nan,3,1,15
43535615,1689690820493000,401540302,1162593677,14391,0,0.1,0.0,0.29999998,0.39999998,0.0,0.0,0,0,0.049999997,0.04,-0.02,-1.7099999,0.0,0,nan,nan,3,1,15
43641854,1689690820600000,401540306,1162593680,14464,0,0.1,0.0,0.29999998,0.39999998,0.0,0.0,0,0,0.06,0.049999997,-0.03,-1.54,0.0,0,nan,nan,3,1,15
43747993,1689690820706000,401540306,1162593672,14630,0,0.1,0.0,0.29999998,0.39999998,0.0,0.0,0,0,0.089999996,0.04,-0.08,-1.3199999,0.0,0,nan,nan,3,1,15
43856129,1689690820814000,401540308,1162593680,14852,0,0.1,0.0,0.29999998,0.39999998,0.0,0.0,0,0,0.04,0.02,-0.03,-1.24,0.0,0,nan,nan,3,1,15
43963350,1689690820921000,401540308,1162593670,15021,0,0.1,0.0,0.29999998,0.39999998,0.0,0.0,0,0,0.04,-0.04,-0.02,-1.04,0.0,0,nan,nan,3,1,15
44067583,1689690821025000,401540299,1162593668,15073,0,0.1,0.0,0.29999998,0.39999998,0.0,0.0,0,0,0.04,0.01,-0.04,-1.1,0.0,0,nan,nan,3,1,15
44175390,1689690821133000,401540309,1162593669,15135,0,0.1,0.0,0.29999998,0.39999998,0.0,0.0,0,0,0.04,0.02,0.03,-0.96999997,0.0,0,nan,nan,3,1,15
44282069,1689690821240000,401540307,1162593667,15306,0,0.1,0.0,0.29999998,0.39999998,0.0,0.0,0,0,0.049999997,0.02,-0.049999997,-0.90999997,0.0,0,nan,nan,3,1,15
44390368,1689690821348000,401540307,1162593679,15324,0,0.1,0.0,0.29999998,0.39999998,0.0,0.0,0,0,0.049999997,0.049999997,-0.01,-0.84,0.0,0,nan,nan,3,1,15
44494635,1689690821452000,401540308,1162593672,15345,0,0.1,0.0,0.29999998,0.39999998,0.0,0.0,0,0,0.02,-0.01,0.01,-0.83,0.0,0,nan,nan,3,1,15
44601085,1689690821559000,401540308,1162593672,15534,0,0.1,0.0,0.29999998,0.39999998,0.0,0.0,0,0,0.03,-0.02,-0.02,-0.59999996,0.0,0,nan,nan,3,1,15
44709133,1689690821667000,401540309,1162593678,15444,0,0.1,0.0,0.29999998,0.39999998,0.0,0.0,0,0,0.02,0.02,0.01,-0.55,0.0,0,nan,nan,3,1,15
44814385,1689690821772000,401540306,1162593671,15498,0,0.1,0.0,0.29999998,0.39999998,0.0,0.0,0,0,0.04,-0.01,-0.03,-0.52,0.0,0,nan,nan,3,1,15
44922412,1689690821880000,401540302,1162593667,15585,0,0.1,0.0,0.29999998,0.39999998,0.0,0.0,0,0,0.02,-0.02,0.0,-0.57,0.0,0,nan,nan,3,1,15
45027605,1689690821985000,401540299,1162593668,15656,0,0.1,0.0,0.29999998,0.39999998,0.0,0.0,0,0,0.03,0.03,0.01,-0.47,0.0,0,nan,nan,3,1,15
45134024,1689690822091000,401540305,1162593666,15623,0,0.1,0.0,0.29999998,0.39999998,0.0,0.0,0,0,0.02,-0.01,0.01,-0.39999998,0.0,0,nan,nan,3,1,15
45240554,1689690822198000,401540307,1162593669,15741,0,0.1,0.0,0.29999998,0.39999998,0.0,0.0,0,0,0.02,-0.02,0.0,-0.38,0.0,0,nan,nan,3,1,15
45347687,1689690822306000,401540306,1162593673,15819,0,0.1,0.0,0.29999998,0.39999998,0.0,0.0,0,0,0.02,-0.02,0.0,-0.37,0.0,0,nan,nan,3,1,15
45454027,1689690822412000,401540309,1162593678,15744,0,0.1,0.0,0.29999998,0.39999998,0.0,0.0,0,0,0.01,0.01,-0.01,-0.37,0.0,0,nan,nan,3,1,15
45560497,1689690822518000,401540300,1162593678,15957,0,0.1,0.0,0.29999998,0.39999998,0.0,0.0,0,0,0.01,0.0,0.01,-0.32999998,0.0,0,nan,nan,3,1,15
45667987,1689690822625000,401540309,1162593676,15940,0,0.1,0.0,0.29999998,0.39999998,0.0,0.0,0,0,0.02,0.01,0.01,-0.28,0.0,0,nan,nan,3,1,15
45773425,1689690822731000,401540307,1162593675,15898,0,0.1,0.0,0.29999998,0.39999998,0.0,0.0,0,0,0.03,-0.02,-0.03,-0.14999999,0.0,0,nan,nan,3,1,15
45880928,1689690822839000,401540308,1162593673,16082,0,0.1,0.0,0.29999998,0.39999998,0.0,0.0,0,0,0.049999997,0.01,0.049999997,-0.17999999,0.0,0,nan,nan,3,1,15
45986368,1689690822944000,401540308,1162593667,15890,0,0.1,0.0,0.29999998,0.39999998,0.0,0.0,0,0,0.049999997,0.03,0.04,-0.13,0.0,0,nan,nan,3,1,15
46091991,1689690823050000,401540306,1162593673,16017,0,0.1,0.0,0.29999998,0.39999998,0.0,0.0,0,0,0.049999997,0.04,-0.02,-0.14999999,0.0,0,nan,nan,3,1,15
46199165,1689690823157000,401540306,1162593677,16132,0,0.1,0.0,0.29999998,0.39999998,0.0,0.0,0,0,0.03,0.02,0.03,-0.17,0.0,0,nan,nan,3,1,15
46307853,1689690823266000,401540300,1162593677,16077,0,0.1,0.0,0.29999998,0.39999998,0.0,0.0,0,0,0.04,0.04,-0.02,-0.089999996,0.0,0,nan,nan,3,1,15
46412449,1689690823370000,401540306,1162593673,15970,0,0.1,0.0,0.29999998,0.39999998,0.0,0.0,0,0,0.07,0.06,0.03,-0.08,0.0,0,nan,nan,3,1,15
46519140,1689690823477000,401540307,1162593671,16091,0,0.1,0.0,0.29999998,0.39999998,0.0,0.0,0,0,0.03,0.02,0.02,-0.049999997,0.0,0,nan,nan,3,1,15
46624308,1689690823582000,401540310,1162593676,16110,0,0.1,0.0,0.29999998,0.39999998,0.0,0.0,0,0,0.06,0.06,0.01,-0.11,0.0,0,nan,nan,3,1,15
46732317,1689690823689000,401540301,1162593674,16040,0,0.1,0.0,0.29999998,0.39999998,0.0,0.0,0,0,0.04,0.04,-0.01,-0.11,0.0,0,nan,nan,3,1,15
46839537,1689690823798000,401540301,1162593675,16116,0,0.1,0.0,0.29999998,0.39999998,0.0,0.0,0,0,0.049999997,0.049999997,-0.01,-0.089999996,0.0,0,nan,nan,3,1,15
46945333,1689690823903000,401540302,1162593671,16076,0,0.1,0.0,0.29999998,0.39999998,0.0,0.0,0,0,0.03,0.02,-0.01,-0.11,0.0,0,nan,nan,3,1,15
47051520,1689690824009000,401540307,1162593674,16032,0,0.1,0.0,0.29999998,0.39999998,0.0,0.0,0,0,0.049999997,0.049999997,0.02,-0.07,0.0,0,nan,nan,3,1,15
47158935,1689690824117000,401540308,1162593669,16210,0,0.1,0.0,0.29999998,0.39999998,0.0,0.0,0,0,0.06,0.06,0.0,-0.08,0.0,0,nan,nan,3,1,15
47264665,1689690824222000,401540301,1162593669,16109,0,0.1,0.0,0.29999998,0.39999998,0.0,0.0,0,0,0.049999997,0.049999997,0.01,-0.01,0.0,0,nan,nan,3,1,15
47371422,1689690824329000,401540304,1162593676,16206,0,0.1,0.0,0.29999998,0.39999998,0.0,0.0,0,0,0.04,0.04,0.01,-0.07,0.0,0,nan,nan,3,1,15
47480049,1689690824437000,401540312,1162593671,16058,0,0.1,0.0,0.29999998,0.39999998,0.0,0.0,0,0,0.08,0.08,0.01,-0.07,0.0,0,nan,nan,3,1,15
47587041,1689690824545000,401540305,1162593668,16179,0,0.1,0.0,0.29999998,0.39999998,0.0,0.0,0,0,0.04,0.03,0.03,-0.03,0.0,0,nan,nan,3,1,15
47692845,1689690824651000,401540302,1162593672,16160,0,0.1,0.0,0.29999998,0.39999998,0.0,0.0,0,0,0.04,0.01,0.04,0.03,0.0,0,nan,nan,3,1,15
47799406,1689690824757000,401540305,1162593673,16037,0,0.1,0.0,0.29999998,0.39999998,0.0,0.0,0,0,0.06,0.03,0.049999997,-0.03,0.0,0,nan,nan,3,1,15
47906360,1689690824864000,401540303,1162593676,16000,0,0.1,0.0,0.29999998,0.39999998,0.0,0.0,0,0,0.02,0.02,0.0,-0.01,0.0,0,nan,nan,3,1,15
48013943,1689690824971000,401540307,1162593680,16127,0,0.1,0.0,0.29999998,0.39999998,0.0,0.0,0,0,0.02,0.02,0.0,0.02,0.0,0,nan,nan,3,1,15
48121397,1689690825079000,401540307,1162593672,16006,0,0.1,0.0,0.29999998,0.39999998,0.0,0.0,0,0,0.01,0.0,-0.01,0.0,0.0,0,nan,nan,3,1,15
48225408,1689690825183000,401540305,1162593679,16213,0,0.1,0.0,0.29999998,0.39999998,0.0,0.0,0,0,0.02,0.01,-0.01,0.049999997,0.0,0,nan,nan,3,1,15
48332754,1689690825290000,401540312,1162593675,16203,0,0.1,0.0,0.29999998,0.39999998,0.0,0.0,0,0,0.01,0.0,-0.01,0.04,0.0,0,nan,nan,3,1,15
48440076,1689690825398000,401540308,1162593669,16077,0,0.1,0.0,0.29999998,0.39999998,0.0,0.0,0,0,0.01,0.0,0.01,0.04,0.0,0,nan,nan,3,1,15
48548359,1689690825506000,401540309,1162593677,16134,0,0.1,0.0,0.29999998,0.39999998,0.0,0.0,0,0,0.04,0.02,0.03,0.04,0.0,0,nan,nan,3,1,15
48656385,1689690825614000,401540313,1162593672,16130,0,0.1,0.0,0.29999998,0.39999998,0.0,0.0,0,0,0.06,0.03,0.049999997,-0.01,0.0,0,nan,nan,3,1,15
48759493,1689690825717000,401540307,1162593678,16029,0,0.1,0.0,0.29999998,0.39999998,0.0,0.0,0,0,0.02,0.02,0.01,0.03,0.0,0,nan,nan,3,1,15
48867440,1689690825825000,401540315,1162593671,15990,0,0.1,0.0,0.29999998,0.39999998,0.0,0.0,0,0,0.03,0.02,0.02,0.07,0.0,0,nan,nan,3,1,15
48974950,1689690825932000,401540311,1162593684,16150,0,0.1,0.0,0.29999998,0.39999998,0.0,0.0,0,0,0.06,0.049999997,0.03,-0.03,0.0,0,nan,nan,3,1,15
49081417,1689690826039000,401540313,1162593684,16162,0,0.1,0.0,0.29999998,0.39999998,0.0,0.0,0,0,0.04,0.02,0.03,0.02,0.0,0,nan,nan,3,1,15
49188578,1689690826146000,401540310,1162593674,16171,0,0.1,0.0,0.29999998,0.39999998,0.0,0.0,0,0,0.03,0.02,0.03,0.07,0.0,0,nan,nan,3,1,15
49295806,1689690826253000,401540311,1162593680,16103,0,0.1,0.0,0.29999998,0.39999998,0.0,0.0,0,0,0.03,0.01,0.03,-0.01,0.0,0,nan,nan,3,1,15
49401489,1689690826358000,401540314,1162593686,16155,0,0.1,0.0,0.29999998,0.39999998,0.0,0.0,0,0,0.03,0.02,0.01,0.07,0.0,0,nan,nan,3,1,15
49508207,1689690826466000,401540315,1162593675,16169,0,0.1,0.0,0.29999998,0.39999998,0.0,0.0,0,0,0.03,0.02,0.02,-0.03,0.0,0,nan,nan,3,1,15
49614187,1689690826572000,401540307,1162593674,16062,0,0.1,0.0,0.29999998,0.39999998,0.0,0.0,0,0,0.03,0.02,0.02,0.01,0.0,0,nan,nan,3,1,15
49719561,1689690826677000,401540309,1162593685,16061,0,0.1,0.0,0.29999998,0.39999998,0.0,0.0,0,0,0.02,-0.02,0.0,-0.01,0.0,0,nan,nan,3,1,15
49824541,1689690826782000,401540308,1162593677,15984,0,0.1,0.0,0.29999998,0.39999998,0.0,0.0,0,0,0.08,-0.049999997,0.06,0.06,0.0,0,nan,nan,3,1,15
49931404,1689690826889000,401540314,1162593677,16011,0,0.1,0.0,0.29999998,0.39999998,0.0,0.0,0,0,0.11,-0.04,0.099999994,-0.01,0.0,0,nan,nan,3,1,15
50039004,1689690826997000,401540308,1162593678,16148,0,0.1,0.0,0.29999998,0.39999998,0.0,0.0,0,0,0.06,-0.049999997,0.02,0.06,0.0,0,nan,nan,3,1,15
50145674,1689690827102000,401540304,1162593679,16118,0,0.1,0.0,0.29999998,0.39999998,0.0,0.0,0,0,0.06,-0.06,0.02,-0.03,0.0,0,nan,nan,3,1,15
50253478,1689690827211000,401540309,1162593678,16058,0,0.1,0.0,0.29999998,0.39999998,0.0,0.0,0,0,0.08,-0.049999997,0.06,0.01,0.0,0,nan,nan,3,1,15
50360076,1689690827318000,401540303,1162593686,16007,0,0.1,0.0,0.29999998,0.39999998,0.0,0.0,0,0,0.04,-0.04,0.02,-0.02,0.0,0,nan,nan,3,1,15
50467487,1689690827425000,401540302,1162593681,16074,0,0.1,0.0,0.29999998,0.39999998,0.0,0.0,0,0,0.04,-0.04,0.0,0.0,0.0,0,nan,nan,3,1,15
50574851,1689690827532000,401540303,1162593684,15960,0,0.1,0.0,0.29999998,0.39999998,0.0,0.0,0,0,0.099999994,-0.099999994,0.03,-0.03,0.0,0,nan,nan,3,1,15
50679790,1689690827637000,401540308,1162593680,16010,0,0.1,0.0,0.29999998,0.39999998,0.0,0.0,0,0,0.049999997,-0.049999997,0.02,0.07,0.0,0,nan,nan,3,1,15
50785911,1689690827743000,401540310,1162593689,16058,0,0.1,0.0,0.29999998,0.39999998,0.0,0.0,0,0,0.08,-0.08,0.0,0.0,0.0,0,nan,nan,3,1,15
50893417,1689690827851000,401540300,1162593684,16107,0,0.1,0.0,0.29999998,0.39999998,0.0,0.0,0,0,0.099999994,-0.089999996,0.049999997,0.0,0.0,0,nan,nan,3,1,15
51000292,1689690827958000,401540301,1162593691,16159,0,0.1,0.0,0.29999998,0.39999998,0.0,0.0,0,0,0.12,-0.089999996,0.07,0.01,0.0,0,nan,nan,3,1,15
51107916,1689690828065000,401540307,1162593684,16029,0,0.1,0.0,0.29999998,0.39999998,0.0,0.0,0,0,0.07,-0.06,0.03,0.02,0.0,0,nan,nan,3,1,15
51213831,1689690828171000,401540306,1162593683,16124,0,0.1,0.0,0.29999998,0.39999998,0.0,0.0,0,0,0.099999994,-0.099999994,0.04,0.14999999,0.0,0,nan,nan,3,1,15
51322568,1689690828279000,401540299,1162593693,16008,0,0.1,0.0,0.29999998,0.39999998,0.0,0.0,0,0,0.049999997,-0.049999997,0.01,0.099999994,0.0,0,nan,nan,3,1,15
51428029,1689690828385000,401540303,1162593691,15962,0,0.1,0.0,0.29999998,0.39999998,0.0,0.0,0,0,0.06,-0.03,0.049999997,0.099999994,0.0,0,nan,nan,3,1,15
51535927,1689690828493000,401540303,1162593688,16065,0,0.1,0.0,0.29999998,0.39999998,0.0,0.0,0,0,0.049999997,-0.03,0.04,0.089999996,0.0,0,nan,nan,3,1,15
51642535,1689690828600000,401540299,1162593691,16046,0,0.1,0.0,0.29999998,0.39999998,0.0,0.0,0,0,0.06,0.0,0.06,0.14999999,0.0,0,nan,nan,3,1,15
51750587,1689690828708000,401540301,1162593692,16001,0,0.1,0.0,0.29999998,0.39999998,0.0,0.0,0,0,0.02,0.01,0.01,0.03,0.0,0,nan,nan,3,1,15
51855489,1689690828813000,401540304,1162593689,15919,0,0.1,0.0,0.29999998,0.39999998,0.0,0.0,0,0,0.089999996,-0.06,0.07,0.049999997,0.0,0,nan,nan,3,1,15
51960863,1689690828918000,401540298,1162593698,15969,0,0.1,0.0,0.29999998,0.39999998,0.0,0.0,0,0,0.04,0.02,0.04,0.02,0.0,0,nan,nan,3,1,15
52067679,1689690829025000,401540305,1162593697,15902,0,0.1,0.0,0.29999998,0.39999998,0.0,0.0,0,0,0.03,0.03,0.0,0.049999997,0.0,0,nan,nan,3,1,15
52811506,1689690829769000,401540302,1162593694,16002,0,0.1,0.0,0.29999998,0.39999998,0.0,0.0,0,0,0.04,-0.04,0.01,0.01,0.0,0,nan,nan,3,1,15
52918724,1689690829876000,401540299,1162593691,15992,0,0.1,0.0,0.29999998,0.39999998,0.0,0.0,0,0,0.04,-0.02,0.03,0.02,0.0,0,nan,nan,3,1,15
53026039,1689690829984000,401540300,1162593689,15910,0,0.1,0.0,0.29999998,0.39999998,0.0,0.0,0,0,0.04,-0.04,0.01,0.07,0.0,0,nan,nan,3,1,15
53133408,1689690830091000,401540294,1162593698,15964,0,0.1,0.0,0.29999998,0.39999998,0.0,0.0,0,0,0.03,-0.03,-0.02,0.0,0.0,0,nan,nan,3,1,15
53240479,1689690830198000,401540297,1162593689,15962,0,0.1,0.0,0.29999998,0.39999998,0.0,0.0,0,0,0.03,-0.03,0.01,0.03,0.0,0,nan,nan,3,1,15
53346776,1689690830304000,401540298,1162593695,15936,0,0.1,0.0,0.29999998,0.39999998,0.0,0.0,0,0,0.049999997,-0.049999997,0.01,0.06,0.0,0,nan,nan,3,1,15
53453513,1689690830411000,401540294,1162593687,15962,0,0.1,0.0,0.29999998,0.39999998,0.0,0.0,0,0,0.03,-0.03,0.0,0.14999999,0.0,0,nan,nan,3,1,15
53560311,1689690830518000,401540299,1162593696,16034,0,0.1,0.0,0.29999998,0.39999998,0.0,0.0,0,0,0.049999997,-0.04,0.03,0.11,0.0,0,nan,nan,3,1,15
53668137,1689690830626000,401540299,1162593693,15847,0,0.1,0.0,0.29999998,0.39999998,0.0,0.0,0,0,0.03,-0.03,0.0,0.13,0.0,0,nan,nan,3,1,15
53775749,1689690830734000,401540299,1162593691,15933,0,0.1,0.0,0.29999998,0.39999998,0.0,0.0,0,0,0.03,-0.03,-0.01,0.03,0.0,0,nan,nan,3,1,15
53881392,1689690830839000,401540294,1162593694,15854,0,0.1,0.0,0.29999998,0.39999998,0.0,0.0,0,0,0.04,-0.04,0.01,0.06,0.0,0,nan,nan,3,1,15
53987597,1689690830945000,401540294,1162593692,15982,0,0.1,0.0,0.29999998,0.39999998,0.0,0.0,0,0,0.04,-0.04,-0.01,0.02,0.0,0,nan,nan,3,1,15
54096673,1689690831054000,401540290,1162593698,16016,0,0.1,0.0,0.29999998,0.39999998,0.0,0.0,0,0,0.04,-0.01,-0.04,0.08,0.0,0,nan,nan,3,1,15
54201111,1689690831158000,401540288,1162593697,15962,0,0.1,0.0,0.29999998,0.39999998,0.0,0.0,0,0,0.08,-0.08,-0.01,0.099999994,0.0,0,nan,nan,3,1,15
54305780,1689690831263000,401540296,1162593694,15868,0,0.1,0.0,0.29999998,0.39999998,0.0,0.0,0,0,0.099999994,-0.099999994,0.0,0.04,0.0,0,nan,nan,3,1,15
54412421,1689690831370000,401540293,1162593694,15987,0,0.1,0.0,0.29999998,0.39999998,0.0,0.0,0,0,0.07,-0.07,0.0,-0.02,0.0,0,nan,nan,3,1,15
54519476,1689690831477000,401540286,1162593688,15967,0,0.1,0.0,0.29999998,0.39999998,0.0,0.0,0,0,0.08,-0.07,-0.02,0.01,0.0,0,nan,nan,3,1,15
54625251,1689690831583000,401540294,1162593697,15860,0,0.1,0.0,0.29999998,0.39999998,0.0,0.0,0,0,0.03,-0.03,0.0,0.04,0.0,0,nan,nan,3,1,15
54730626,1689690831688000,401540288,1162593690,16017,0,0.1,0.0,0.29999998,0.39999998,0.0,0.0,0,0,0.07,-0.04,-0.06,0.07,0.0,0,nan,nan,3,1,15
54838129,1689690831795000,401540293,1162593695,15853,0,0.1,0.0,0.29999998,0.39999998,0.0,0.0,0,0,0.04,-0.01,0.03,0.049999997,0.0,0,nan,nan,3,1,15
54942515,1689690831900000,401540288,1162593696,15833,0,0.1,0.0,0.29999998,0.39999998,0.0,0.0,0,0,0.06,-0.06,0.01,-0.07,0.0,0,nan,nan,3,1,15
55049698,1689690832007000,401540288,1162593686,15852,0,0.1,0.0,0.29999998,0.39999998,0.0,0.0,0,0,0.08,-0.07,-0.03,-0.03,0.0,0,nan,nan,3,1,15
55156414,1689690832113000,401540285,1162593698,15853,0,0.1,0.0,0.29999998,0.39999998,0.0,0.0,0,0,0.08,-0.049999997,-0.049999997,-0.01,0.0,0,nan,nan,3,1,15
55263469,1689690832220000,401540290,1162593689,15856,0,0.1,0.0,0.29999998,0.39999998,0.0,0.0,0,0,0.089999996,-0.03,-0.08,0.02,0.0,0,nan,nan,3,1,15
55368672,1689690832326000,401540290,1162593688,15891,0,0.1,0.0,0.29999998,0.39999998,0.0,0.0,0,0,0.06,-0.04,-0.049999997,-0.099999994,0.0,0,nan,nan,3,1,15
55474448,1689690832432000,401540282,1162593686,15855,0,0.1,0.0,0.29999998,0.39999998,0.0,0.0,0,0,0.02,-0.02,-0.01,-0.16,0.0,0,nan,nan,3,1,15
55580814,1689690832538000,401540290,1162593690,16019,0,0.1,0.0,0.29999998,0.39999998,0.0,0.0,0,0,0.049999997,0.0,-0.049999997,-0.14,0.0,0,nan,nan,3,1,15
55687047,1689690832644000,401540287,1162593688,16011,0,0.1,0.0,0.29999998,0.39999998,0.0,0.0,0,0,0.06,0.03,-0.06,-0.14999999,0.0,0,nan,nan,3,1,15
55794053,1689690832751000,401540289,1162593691,16029,0,0.1,0.0,0.29999998,0.39999998,0.0,0.0,0,0,0.01,-0.01,-0.01,-0.089999996,0.0,0,nan,nan,3,1,15
55900116,1689690832857000,401540289,1162593687,15933,0,0.1,0.0,0.29999998,0.39999998,0.0,0.0,0,0,0.03,0.03,0.01,0.02,0.0,0,nan,nan,3,1,15
56005324,1689690832963000,401540282,1162593685,15907,0,0.1,0.0,0.29999998,0.39999998,0.0,0.0,0,0,0.02,0.01,0.01,-0.03,0.0,0,nan,nan,3,1,15
56112836,1689690833070000,401540290,1162593693,16093,0,0.1,0.0,0.29999998,0.39999998,0.0,0.0,0,0,0.02,0.01,-0.02,0.03,0.0,0,nan,nan,3,1,15
56220512,1689690833177000,401540286,1162593690,16092,0,0.1,0.0,0.29999998,0.39999998,0.0,0.0,0,0,0.04,-0.02,-0.03,0.02,0.0,0,nan,nan,3,1,15
56327075,1689690833284000,401540284,1162593685,16013,0,0.1,0.0,0.29999998,0.39999998,0.0,0.0,0,0,0.02,0.01,0.01,-0.07,0.0,0,nan,nan,3,1,15
56436015,1689690833393000,401540284,1162593683,15919,0,0.1,0.0,0.29999998,0.39999998,0.0,0.0,0,0,0.04,0.01,-0.03,0.049999997,0.0,0,nan,nan,3,1,15
56542518,1689690833500000,401540285,1162593696,16064,0,0.1,0.0,0.29999998,0.39999998,0.0,0.0,0,0,0.02,0.0,-0.02,0.049999997,0.0,0,nan,nan,3,1,15
56651519,1689690833609000,401540283,1162593689,15906,0,0.1,0.0,0.29999998,0.39999998,0.0,0.0,0,0,0.04,0.03,-0.03,0.0,0.0,0,nan,nan,3,1,15
56760838,1689690833718000,401540289,1162593686,16086,0,0.1,0.0,0.29999998,0.39999998,0.0,0.0,0,0,0.03,0.03,-0.01,-0.11,0.0,0,nan,nan,3,1,15
56865645,1689690833823000,401540290,1162593687,15955,0,0.1,0.0,0.29999998,0.39999998,0.0,0.0,0,0,0.03,0.0,-0.03,0.03,0.0,0,nan,nan,3,1,15
56971544,1689690833929000,401540288,1162593693,15902,0,0.1,0.0,0.29999998,0.39999998,0.0,0.0,0,0,0.02,0.01,-0.01,-0.08,0.0,0,nan,nan,3,1,15
57079412,1689690834037000,401540288,1162593694,15953,0,0.1,0.0,0.29999998,0.39999998,0.0,0.0,0,0,0.04,0.03,-0.02,0.0,0.0,0,nan,nan,3,1,15
57186041,1689690834143000,401540286,1162593686,15893,0,0.1,0.0,0.29999998,0.39999998,0.0,0.0,0,0,0.03,0.03,0.02,0.03,0.0,0,nan,nan,3,1,15
57293905,1689690834252000,401540290,1162593690,16001,0,0.1,0.0,0.29999998,0.39999998,0.0,0.0,0,0,0.06,0.03,-0.049999997,-0.08,0.0,0,nan,nan,3,1,15
57400258,1689690834357000,401540287,1162593681,16026,0,0.1,0.0,0.29999998,0.39999998,0.0,0.0,0,0,0.06,0.06,-0.02,0.02,0.0,0,nan,nan,3,1,15
57507090,1689690834464000,401540288,1162593685,15994,0,0.1,0.0,0.29999998,0.39999998,0.0,0.0,0,0,0.06,0.06,-0.02,0.06,0.0,0,nan,nan,3,1,15
57616915,1689690834574000,401540284,1162593688,15904,0,0.1,0.0,0.29999998,0.39999998,0.0,0.0,0,0,0.02,0.01,-0.02,0.12,0.0,0,nan,nan,3,1,15
57722727,1689690834680000,401540289,1162593692,15879,0,0.1,0.0,0.29999998,0.39999998,0.0,0.0,0,0,0.03,0.03,-0.02,0.08,0.0,0,nan,nan,3,1,15
57830245,1689690834787000,401540285,1162593691,15877,0,0.1,0.0,0.29999998,0.39999998,0.0,0.0,0,0,0.08,0.06,-0.049999997,-0.01,0.0,0,nan,nan,3,1,15
57938131,1689690834895000,401540288,1162593679,15920,0,0.1,0.0,0.29999998,0.39999998,0.0,0.0,0,0,0.06,0.04,-0.049999997,0.049999997,0.0,0,nan,nan,3,1,15
58043150,1689690835001000,401540295,1162593680,15977,0,0.1,0.0,0.29999998,0.39999998,0.0,0.0,0,0,0.04,0.02,-0.03,0.01,0.0,0,nan,nan,3,1,15
58150089,1689690835107000,401540293,1162593690,15933,0,0.1,0.0,0.29999998,0.39999998,0.0,0.0,0,0,0.04,0.03,-0.02,-0.049999997,0.0,0,nan,nan,3,1,15
58257562,1689690835215000,401540288,1162593684,15933,0,0.1,0.0,0.29999998,0.39999998,0.0,0.0,0,0,0.06,0.06,-0.02,0.02,0.0,0,nan,nan,3,1,15
58363614,1689690835321000,401540291,1162593679,16062,0,0.1,0.0,0.29999998,0.39999998,0.0,0.0,0,0,0.06,0.04,-0.049999997,0.03,0.0,0,nan,nan,3,1,15
58470885,1689690835428000,401540291,1162593683,16040,0,0.1,0.0,0.29999998,0.39999998,0.0,0.0,0,0,0.08,0.04,-0.07,0.06,0.0,0,nan,nan,3,1,15
58577945,1689690835535000,401540296,1162593677,16054,0,0.1,0.0,0.29999998,0.39999998,0.0,0.0,0,0,0.07,0.06,-0.04,-0.01,0.0,0,nan,nan,3,1,15
58683574,1689690835641000,401540295,1162593685,15834,0,0.1,0.0,0.29999998,0.39999998,0.0,0.0,0,0,0.06,0.02,-0.06,0.04,0.0,0,nan,nan,3,1,15
58790158,1689690835747000,401540288,1162593674,15959,0,0.1,0.0,0.29999998,0.39999998,0.0,0.0,0,0,0.04,0.03,0.03,-0.01,0.0,0,nan,nan,3,1,15
58897809,1689690835854000,401540296,1162593684,15877,0,0.1,0.0,0.29999998,0.39999998,0.0,0.0,0,0,0.03,0.03,-0.02,0.13,0.0,0,nan,nan,3,1,15
59004779,1689690835962000,401540293,1162593687,15866,0,0.1,0.0,0.29999998,0.39999998,0.0,0.0,0,0,0.03,-0.02,-0.02,0.0,0.0,0,nan,nan,3,1,15
59110616,1689690836068000,401540292,1162593685,15837,0,0.1,0.0,0.29999998,0.39999998,0.0,0.0,0,0,0.07,-0.03,-0.07,0.03,0.0,0,nan,nan,3,1,15
59215303,1689690836172000,401540294,1162593673,16032,0,0.1,0.0,0.29999998,0.39999998,0.0,0.0,0,0,0.049999997,-0.04,-0.03,0.04,0.0,0,nan,nan,3,1,15
59320600,1689690836278000,401540291,1162593677,15862,0,0.1,0.0,0.29999998,0.39999998,0.0,0.0,0,0,0.049999997,-0.04,-0.03,-0.07,0.0,0,nan,nan,3,1,15
59428434,1689690836385000,401540295,1162593683,15931,0,0.1,0.0,0.29999998,0.39999998,0.0,0.0,0,0,0.049999997,-0.04,0.03,0.02,0.0,0,nan,nan,3,1,15
59537125,1689690836494000,401540290,1162593676,15992,0,0.1,0.0,0.29999998,0.39999998,0.0,0.0,0,0,0.04,0.04,0.03,-0.04,0.0,0,nan,nan,3,1,15
59641760,1689690836599000,401540295,1162593677,15988,0,0.1,0.0,0.29999998,0.39999998,0.0,0.0,0,0,0.03,0.01,0.03,0.03,0.0,0,nan,nan,3,1,15
59748355,1689690836706000,401540296,1162593683,15998,0,0.1,0.0,0.29999998,0.39999998,0.0,0.0,0,0,0.02,0.0,0.02,0.07,0.0,0,nan,nan,3,1,15
59858652,1689690836816000,401540289,1162593675,15900,0,0.1,0.0,0.29999998,0.39999998,0.0,0.0,0,0,0.03,0.0,-0.03,0.07,0.0,0,nan,nan,3,1,15
59962458,1689690836919000,401540295,1162593684,15934,0,0.1,0.0,0.29999998,0.39999998,0.0,0.0,0,0,0.03,-0.03,0.01,0.02,0.0,0,nan,nan,3,1,15
60069594,1689690837027000,401540294,1162593687,16008,0,0.1,0.0,0.29999998,0.39999998,0.0,0.0,0,0,0.02,0.01,0.01,-0.01,0.0,0,nan,nan,3,1,15
60177148,1689690837134000,401540292,1162593682,15864,0,0.1,0.0,0.29999998,0.39999998,0.0,0.0,0,0,0.04,0.02,0.04,-0.03,0.0,0,nan,nan,3,1,15
60283817,1689690837241000,401540294,1162593683,16044,0,0.1,0.0,0.29999998,0.39999998,0.0,0.0,0,0,0.07,0.04,0.06,0.0,0.0,0,nan,nan,3,1,15
60389555,1689690837347000,401540294,1162593685,15917,0,0.1,0.0,0.29999998,0.39999998,0.0,0.0,0,0,0.08,0.02,0.07,0.03,0.0,0,nan,nan,3,1,15
60497562,1689690837455000,401540290,1162593683,15988,0,0.1,0.0,0.29999998,0.39999998,0.0,0.0,0,0,0.04,0.01,0.04,-0.049999997,0.0,0,nan,nan,3,1,15
60605572,1689690837563000,401540298,1162593677,15969,0,0.1,0.0,0.29999998,0.39999998,0.0,0.0,0,0,0.06,0.01,0.06,0.08,0.0,0,nan,nan,3,1,15
60709395,1689690837667000,401540288,1162593685,15858,0,0.1,0.0,0.29999998,0.39999998,0.0,0.0,0,0,0.089999996,0.049999997,0.07,0.04,0.0,0,nan,nan,3,1,15
60816428,1689690837773000,401540298,1162593686,15919,0,0.1,0.0,0.29999998,0.39999998,0.0,0.0,0,0,0.049999997,0.03,0.04,0.01,0.0,0,nan,nan,3,1,15
60921801,1689690837879000,401540291,1162593693,15940,0,0.1,0.0,0.29999998,0.39999998,0.0,0.0,0,0,0.07,0.01,0.07,0.02,0.0,0,nan,nan,3,1,15
61029346,1689690837985000,401540296,1162593693,15973,0,0.1,0.0,0.29999998,0.39999998,0.0,0.0,0,0,0.02,0.0,0.01,-0.04,0.0,0,nan,nan,3,1,15
61135988,1689690838092000,401540294,1162593693,15888,0,0.1,0.0,0.29999998,0.39999998,0.0,0.0,0,0,0.049999997,-0.02,0.04,0.0,0.0,0,nan,nan,3,1,15
61240508,1689690838198000,401540294,1162593687,16027,0,0.1,0.0,0.29999998,0.39999998,0.0,0.0,0,0,0.02,0.01,0.01,-0.08,0.0,0,nan,nan,3,1,15
61347452,1689690838305000,401540298,1162593688,15987,0,0.1,0.0,0.29999998,0.39999998,0.0,0.0,0,0,0.049999997,-0.02,0.04,-0.11,0.0,0,nan,nan,3,1,15
61455235,1689690838411000,401540298,1162593695,15909,0,0.1,0.0,0.29999998,0.39999998,0.0,0.0,0,0,0.049999997,-0.03,0.04,0.01,0.0,0,nan,nan,3,1,15
61561840,1689690838519000,401540293,1162593685,15845,0,0.1,0.0,0.29999998,0.39999998,0.0,0.0,0,0,0.049999997,0.03,0.049999997,0.02,0.0,0,nan,nan,3,1,15
61668046,1689690838625000,401540297,1162593688,16022,0,0.1,0.0,0.29999998,0.39999998,0.0,0.0,0,0,0.02,-0.01,-0.01,0.0,0.0,0,nan,nan,3,1,15
61776669,1689690838733000,401540292,1162593687,15907,0,0.1,0.0,0.29999998,0.39999998,0.0,0.0,0,0,0.03,-0.02,-0.03,0.08,0.0,0,nan,nan,3,1,15
61881065,1689690838838000,401540290,1162593684,15991,0,0.1,0.0,0.29999998,0.39999998,0.0,0.0,0,0,0.01,0.0,-0.01,0.06,0.0,0,nan,nan,3,1,15
61988200,1689690838945000,401540293,1162593687,15948,0,0.1,0.0,0.29999998,0.39999998,0.0,0.0,0,0,0.01,0.01,-0.01,-0.04,0.0,0,nan,nan,3,1,15
62096038,1689690839053000,401540290,1162593683,15911,0,0.1,0.0,0.29999998,0.39999998,0.0,0.0,0,0,0.049999997,0.0,-0.049999997,-0.049999997,0.0,0,nan,nan,3,1,15
62200945,1689690839158000,401540292,1162593689,15938,0,0.1,0.0,0.29999998,0.39999998,0.0,0.0,0,0,0.02,-0.01,-0.02,-0.02,0.0,0,nan,nan,3,1,15
62306452,1689690839263000,401540290,1162593686,16025,0,0.1,0.0,0.29999998,0.39999998,0.0,0.0,0,0,0.06,0.03,-0.049999997,0.0,0.0,0,nan,nan,3,1,15
62413131,1689690839370000,401540294,1162593695,15912,0,0.1,0.0,0.29999998,0.39999998,0.0,0.0,0,0,0.03,-0.03,-0.02,-0.06,0.0,0,nan,nan,3,1,15
62518491,1689690839476000,401540293,1162593692,15953,0,0.1,0.0,0.29999998,0.39999998,0.0,0.0,0,0,0.02,0.01,0.01,-0.049999997,0.0,0,nan,nan,3,1,15
62625551,1689690839583000,401540293,1162593687,16049,0,0.1,0.0,0.29999998,0.39999998,0.0,0.0,0,0,0.049999997,0.02,-0.049999997,-0.06,0.0,0,nan,nan,3,1,15
62732798,1689690839689000,401540290,1162593688,15920,0,0.1,0.0,0.29999998,0.39999998,0.0,0.0,0,0,0.049999997,0.0,-0.049999997,-0.099999994,0.0,0,nan,nan,3,1,15
62839102,1689690839796000,401540292,1162593691,15955,0,0.1,0.0,0.29999998,0.39999998,0.0,0.0,0,0,0.04,0.0,-0.04,0.0,0.0,0,nan,nan,3,1,15
62948407,1689690839906000,401540290,1162593679,16071,0,0.1,0.0,0.29999998,0.39999998,0.0,0.0,0,0,0.06,0.01,-0.06,-0.01,0.0,0,nan,nan,3,1,15
63052929,1689690840010000,401540293,1162593686,15916,0,0.1,0.0,0.29999998,0.39999998,0.0,0.0,0,0,0.03,-0.03,-0.01,-0.02,0.0,0,nan,nan,3,1,15
63158862,1689690840116000,401540292,1162593679,15965,0,0.1,0.0,0.29999998,0.39999998,0.0,0.0,0,0,0.08,0.03,-0.07,-0.02,0.0,0,nan,nan,3,1,15
63264817,1689690840222000,401540292,1162593677,15989,0,0.1,0.0,0.29999998,0.39999998,0.0,0.0,0,0,0.06,0.03,-0.049999997,-0.07,0.0,0,nan,nan,3,1,15
63370104,1689690840327000,401540287,1162593680,16061,0,0.1,0.0,0.29999998,0.39999998,0.0,0.0,0,0,0.04,-0.03,-0.02,0.04,0.0,0,nan,nan,3,1,15
63475360,1689690840432000,401540288,1162593688,15986,0,0.1,0.0,0.29999998,0.39999998,0.0,0.0,0,0,0.04,0.0,-0.04,-0.049999997,0.0,0,nan,nan,3,1,15
63583010,1689690840540000,401540294,1162593680,15863,0,0.1,0.0,0.29999998,0.39999998,0.0,0.0,0,0,0.049999997,-0.03,-0.04,-0.049999997,0.0,0,nan,nan,3,1,15
63690393,1689690840647000,401540295,1162593678,16058,0,0.1,0.0,0.29999998,0.39999998,0.0,0.0,0,0,0.11,0.049999997,-0.099999994,-0.02,0.0,0,nan,nan,3,1,15
63797743,1689690840754000,401540294,1162593679,16036,0,0.1,0.0,0.29999998,0.39999998,0.0,0.0,0,0,0.03,0.02,-0.03,-0.099999994,0.0,0,nan,nan,3,1,15
63901670,1689690840858000,401540292,1162593674,15917,0,0.1,0.0,0.29999998,0.39999998,0.0,0.0,0,0,0.08,0.04,-0.07,0.03,0.0,0,nan,nan,3,1,15
64008354,1689690840965000,401540291,1162593677,15869,0,0.1,0.0,0.29999998,0.39999998,0.0,0.0,0,0,0.06,0.03,-0.049999997,-0.07,0.0,0,nan,nan,3,1,15
64115861,1689690841072000,401540289,1162593681,16047,0,0.1,0.0,0.29999998,0.39999998,0.0,0.0,0,0,0.04,0.03,-0.02,-0.07,0.0,0,nan,nan,3,1,15
64220912,1689690841178000,401540292,1162593678,15871,0,0.1,0.0,0.29999998,0.39999998,0.0,0.0,0,0,0.049999997,-0.02,-0.049999997,0.04,0.0,0,nan,nan,3,1,15
64328904,1689690841285000,401540292,1162593674,16018,0,0.1,0.0,0.29999998,0.39999998,0.0,0.0,0,0,0.08,-0.04,-0.07,-0.01,0.0,0,nan,nan,3,1,15
64434338,1689690841392000,401540289,1162593680,16017,0,0.1,0.0,0.29999998,0.39999998,0.0,0.0,0,0,0.07,0.0,-0.07,-0.08,0.0,0,nan,nan,3,1,15
64542373,1689690841498000,401540290,1162593676,16105,0,0.1,0.0,0.29999998,0.39999998,0.0,0.0,0,0,0.049999997,0.049999997,-0.01,-0.08,0.0,0,nan,nan,3,1,15
64646148,1689690841603000,401540288,1162593679,16009,0,0.1,0.0,0.29999998,0.39999998,0.0,0.0,0,0,0.03,0.03,0.0,0.0,0.0,0,nan,nan,3,1,15
64753654,1689690841710000,401540292,1162593677,15905,0,0.1,0.0,0.29999998,0.39999998,0.0,0.0,0,0,0.01,0.01,-0.01,-0.049999997,0.0,0,nan,nan,3,1,15
64859878,1689690841817000,401540295,1162593679,16004,0,0.1,0.0,0.29999998,0.39999998,0.0,0.0,0,0,0.06,0.02,-0.06,0.0,0.0,0,nan,nan,3,1,15
64966140,1689690841923000,401540288,1162593679,16079,0,0.1,0.0,0.29999998,0.39999998,0.0,0.0,0,0,0.07,0.01,-0.07,0.0,0.0,0,nan,nan,3,1,15
65074611,1689690842032000,401540289,1162593678,15905,0,0.1,0.0,0.29999998,0.39999998,0.0,0.0,0,0,0.0,0.0,0.0,-0.08,0.0,0,nan,nan,3,1,15
65181468,1689690842139000,401540293,1162593678,16008,0,0.1,0.0,0.29999998,0.39999998,0.0,0.0,0,0,0.04,0.04,0.02,0.03,0.0,0,nan,nan,3,1,15
65286766,1689690842243000,401540290,1162593675,15953,0,0.1,0.0,0.29999998,0.39999998,0.0,0.0,0,0,0.049999997,0.03,0.03,0.02,0.0,0,nan,nan,3,1,15
65394522,1689690842351000,401540295,1162593671,16066,0,0.1,0.0,0.29999998,0.39999998,0.0,0.0,0,0,0.01,0.01,0.0,0.03,0.0,0,nan,nan,3,1,15
65500609,1689690842458000,401540297,1162593668,15943,0,0.1,0.0,0.29999998,0.39999998,0.0,0.0,0,0,0.03,0.0,-0.03,0.06,0.0,0,nan,nan,3,1,15
65608040,1689690842565000,401540293,1162593679,16049,0,0.1,0.0,0.29999998,0.39999998,0.0,0.0,0,0,0.06,0.04,-0.04,0.04,0.0,0,nan,nan,3,1,15
65715848,1689690842673000,401540297,1162593679,15907,0,0.1,0.0,0.29999998,0.39999998,0.0,0.0,0,0,0.04,0.02,-0.04,0.089999996,0.0,0,nan,nan,3,1,15
65822835,1689690842779000,401540291,1162593667,16047,0,0.1,0.0,0.29999998,0.39999998,0.0,0.0,0,0,0.049999997,0.04,-0.02,-0.08,0.0,0,nan,nan,3,1,15
65928643,1689690842886000,401540296,1162593667,15893,0,0.1,0.0,0.29999998,0.39999998,0.0,0.0,0,0,0.049999997,0.049999997,0.0,0.02,0.0,0,nan,nan,3,1,15
66037166,1689690842994000,401540290,1162593678,15880,0,0.1,0.0,0.29999998,0.39999998,0.0,0.0,0,0,0.03,-0.02,-0.02,-0.08,0.0,0,nan,nan,3,1,15
66145176,1689690843102000,401540291,1162593673,15930,0,0.1,0.0,0.29999998,0.39999998,0.0,0.0,0,0,0.06,0.06,-0.01,0.02,0.0,0,nan,nan,3,1,15
66251858,1689690843209000,401540292,1162593677,15958,0,0.1,0.0,0.29999998,0.39999998,0.0,0.0,0,0,0.06,0.06,-0.02,-0.089999996,0.0,0,nan,nan,3,1,15
66363024,1689690843319000,401540295,1162593679,15910,0,0.1,0.0,0.29999998,0.39999998,0.0,0.0,0,0,0.04,0.04,-0.01,0.0,0.0,0,nan,nan,3,1,15
66466407,1689690843423000,401540294,1162593677,16018,0,0.1,0.0,0.29999998,0.39999998,0.0,0.0,0,0,0.03,0.03,0.0,0.04,0.0,0,nan,nan,3,1,15
66573494,1689690843531000,401540296,1162593673,15932,0,0.1,0.0,0.29999998,0.39999998,0.0,0.0,0,0,0.07,0.07,0.02,0.0,0.0,0,nan,nan,3,1,15
66679815,1689690843637000,401540294,1162593670,16006,0,0.1,0.0,0.29999998,0.39999998,0.0,0.0,0,0,0.02,0.02,0.01,-0.02,0.0,0,nan,nan,3,1,15
66786084,1689690843743000,401540300,1162593670,16115,0,0.1,0.0,0.29999998,0.39999998,0.0,0.0,0,0,0.08,0.08,0.0,0.02,0.0,0,nan,nan,3,1,15
66894060,1689690843851000,401540304,1162593671,16128,0,0.1,0.0,0.29999998,0.39999998,0.0,0.0,0,0,0.07,0.07,0.03,-0.08,0.0,0,nan,nan,3,1,15
66999947,1689690843957000,401540305,1162593679,16084,0,0.1,0.0,0.29999998,0.39999998,0.0,0.0,0,0,0.02,0.01,-0.01,-0.049999997,0.0,0,nan,nan,3,1,15
67105334,1689690844062000,401540300,1162593666,16082,0,0.1,0.0,0.29999998,0.39999998,0.0,0.0,0,0,0.02,0.02,0.0,-0.049999997,0.0,0,nan,nan,3,1,15
67213981,1689690844171000,401540298,1162593677,16069,0,0.1,0.0,0.29999998,0.39999998,0.0,0.0,0,0,0.06,0.06,0.0,0.04,0.0,0,nan,nan,3,1,15
67320677,1689690844277000,401540303,1162593675,16118,0,0.1,0.0,0.29999998,0.39999998,0.0,0.0,0,0,0.089999996,0.089999996,0.0,-0.02,0.0,0,nan,nan,3,1,15
67426125,1689690844383000,401540297,1162593676,16034,0,0.1,0.0,0.29999998,0.39999998,0.0,0.0,0,0,0.049999997,0.04,-0.01,0.099999994,0.0,0,nan,nan,3,1,15
67531983,1689690844489000,401540305,1162593675,16041,0,0.1,0.0,0.29999998,0.39999998,0.0,0.0,0,0,0.03,0.01,-0.03,0.01,0.0,0,nan,nan,3,1,15
67638505,1689690844596000,401540302,1162593674,15935,0,0.1,0.0,0.29999998,0.39999998,0.0,0.0,0,0,0.04,0.0,-0.04,0.01,0.0,0,nan,nan,3,1,15
67742999,1689690844700000,401540302,1162593664,16126,0,0.1,0.0,0.29999998,0.39999998,0.0,0.0,0,0,0.049999997,0.049999997,-0.02,0.049999997,0.0,0,nan,nan,3,1,15
67847963,1689690844805000,401540307,1162593668,15947,0,0.1,0.0,0.29999998,0.39999998,0.0,0.0,0,0,0.03,0.03,-0.02,0.03,0.0,0,nan,nan,3,1,15
67954368,1689690844912000,401540308,1162593672,15918,0,0.1,0.0,0.29999998,0.39999998,0.0,0.0,0,0,0.03,0.03,-0.01,-0.04,0.0,0,nan,nan,3,1,15
68059890,1689690845017000,401540303,1162593666,16048,0,0.1,0.0,0.29999998,0.39999998,0.0,0.0,0,0,0.02,-0.01,-0.02,0.04,0.0,0,nan,nan,3,1,15
68165047,1689690845122000,401540307,1162593677,15936,0,0.1,0.0,0.29999998,0.39999998,0.0,0.0,0,0,0.02,0.0,-0.02,0.049999997,0.0,0,nan,nan,3,1,15
68269849,1689690845227000,401540307,1162593675,16062,0,0.1,0.0,0.29999998,0.39999998,0.0,0.0,0,0,0.049999997,0.049999997,-0.02,-0.049999997,0.0,0,nan,nan,3,1,15
68375789,1689690845333000,401540304,1162593665,16032,0,0.1,0.0,0.29999998,0.39999998,0.0,0.0,0,0,0.049999997,0.049999997,0.0,-0.07,0.0,0,nan,nan,3,1,15
68484776,1689690845441000,401540310,1162593669,15975,0,0.1,0.0,0.29999998,0.39999998,0.0,0.0,0,0,0.04,0.02,-0.03,-0.12,0.0,0,nan,nan,3,1,15
68590477,1689690845547000,401540301,1162593673,16008,0,0.1,0.0,0.29999998,0.39999998,0.0,0.0,0,0,0.01,0.01,0.0,-0.11,0.0,0,nan,nan,3,1,15
68697989,1689690845654000,401540309,1162593671,16150,0,0.1,0.0,0.29999998,0.39999998,0.0,0.0,0,0,0.03,0.02,-0.01,-0.049999997,0.0,0,nan,nan,3,1,15
68802408,1689690845759000,401540301,1162593676,16037,0,0.1,0.0,0.29999998,0.39999998,0.0,0.0,0,0,0.04,-0.03,0.03,0.07,0.0,0,nan,nan,3,1,15
68910675,1689690845867000,401540305,1162593670,15984,0,0.1,0.0,0.29999998,0.39999998,0.0,0.0,0,0,0.089999996,-0.06,0.07,-0.06,0.0,0,nan,nan,3,1,15
69017851,1689690845975000,401540303,1162593678,16006,0,0.1,0.0,0.29999998,0.39999998,0.0,0.0,0,0,0.04,-0.03,0.03,-0.04,0.0,0,nan,nan,3,1,15
69125231,1689690846083000,401540301,1162593667,16084,0,0.1,0.0,0.29999998,0.39999998,0.0,0.0,0,0,0.07,-0.07,0.01,0.01,0.0,0,nan,nan,3,1,15
69232705,1689690846189000,401540309,1162593674,16013,0,0.1,0.0,0.29999998,0.39999998,0.0,0.0,0,0,0.12,-0.099999994,0.06,-0.04,0.0,0,nan,nan,3,1,15
69341223,1689690846297000,401540300,1162593669,16111,0,0.1,0.0,0.29999998,0.39999998,0.0,0.0,0,0,0.02,-0.02,0.01,-0.01,0.0,0,nan,nan,3,1,15
69447973,1689690846404000,401540308,1162593678,16034,0,0.1,0.0,0.29999998,0.39999998,0.0,0.0,0,0,0.089999996,-0.04,0.08,-0.04,0.0,0,nan,nan,3,1,15
69554167,1689690846512000,401540298,1162593681,16006,0,0.1,0.0,0.29999998,0.39999998,0.0,0.0,0,0,0.099999994,-0.07,0.07,-0.04,0.0,0,nan,nan,3,1,15
69660352,1689690846617000,401540299,1162593672,16160,0,0.1,0.0,0.29999998,0.39999998,0.0,0.0,0,0,0.11,-0.02,0.099999994,0.049999997,0.0,0,nan,nan,3,1,15
69766937,1689690846724000,401540308,1162593670,16040,0,0.1,0.0,0.29999998,0.39999998,0.0,0.0,0,0,0.07,-0.03,0.07,-0.01,0.0,0,nan,nan,3,1,15
69875791,1689690846832000,401540305,1162593682,16052,0,0.1,0.0,0.29999998,0.39999998,0.0,0.0,0,0,0.089999996,-0.07,0.07,-0.01,0.0,0,nan,nan,3,1,15
69982861,1689690846939000,401540304,1162593679,16019,0,0.1,0.0,0.29999998,0.39999998,0.0,0.0,0,0,0.089999996,-0.049999997,0.07,0.04,0.0,0,nan,nan,3,1,15
70088575,1689690847045000,401540299,1162593680,16002,0,0.1,0.0,0.29999998,0.39999998,0.0,0.0,0,0,0.099999994,-0.04,0.089999996,0.049999997,0.0,0,nan,nan,3,1,15
70194344,1689690847151000,401540306,1162593688,16089,0,0.1,0.0,0.29999998,0.39999998,0.0,0.0,0,0,0.099999994,-0.02,0.099999994,-0.03,0.0,0,nan,nan,3,1,15
70302044,1689690847259000,401540297,1162593684,15996,0,0.1,0.0,0.29999998,0.39999998,0.0,0.0,0,0,0.07,-0.03,0.07,0.01,0.0,0,nan,nan,3,1,15
70408616,1689690847366000,401540295,1162593678,15956,0,0.1,0.0,0.29999998,0.39999998,0.0,0.0,0,0,0.08,-0.07,0.049999997,-0.11,0.0,0,nan,nan,3,1,15
70513449,1689690847470000,401540297,1162593690,15949,0,0.1,0.0,0.29999998,0.39999998,0.0,0.0,0,0,0.04,-0.02,0.03,-0.07,0.0,0,nan,nan,3,1,15
70621060,1689690847578000,401540301,1162593678,16063,0,0.1,0.0,0.29999998,0.39999998,0.0,0.0,0,0,0.049999997,-0.02,0.049999997,0.049999997,0.0,0,nan,nan,3,1,15
70726351,1689690847683000,401540295,1162593691,16084,0,0.1,0.0,0.29999998,0.39999998,0.0,0.0,0,0,0.08,-0.01,0.08,0.04,0.0,0,nan,nan,3,1,15
70831527,1689690847788000,401540302,1162593691,16130,0,0.1,0.0,0.29999998,0.39999998,0.0,0.0,0,0,0.02,0.0,0.02,-0.02,0.0,0,nan,nan,3,1,15
70938579,1689690847895000,401540296,1162593686,16130,0,0.1,0.0,0.29999998,0.39999998,0.0,0.0,0,0,0.049999997,0.0,0.049999997,-0.06,0.0,0,nan,nan,3,1,15
71044441,1689690848001000,401540297,1162593682,15985,0,0.1,0.0,0.29999998,0.39999998,0.0,0.0,0,0,0.02,-0.02,0.01,-0.02,0.0,0,nan,nan,3,1,15
71151955,1689690848108000,401540303,1162593688,16167,0,0.1,0.0,0.29999998,0.39999998,0.0,0.0,0,0,0.04,0.01,0.04,-0.13,0.0,0,nan,nan,3,1,15
71258540,1689690848215000,401540296,1162593685,15987,0,0.1,0.0,0.29999998,0.39999998,0.0,0.0,0,0,0.049999997,0.01,0.049999997,-0.06,0.0,0,nan,nan,3,1,15
71365046,1689690848322000,401540304,1162593688,16016,0,0.1,0.0,0.29999998,0.39999998,0.0,0.0,0,0,0.049999997,0.02,0.049999997,-0.049999997,0.0,0,nan,nan,3,1,15
71469982,1689690848427000,401540299,1162593682,16174,0,0.1,0.0,0.29999998,0.39999998,0.0,0.0,0,0,0.049999997,0.03,0.04,-0.07,0.0,0,nan,nan,3,1,15
71576892,1689690848533000,401540301,1162593691,16145,0,0.1,0.0,0.29999998,0.39999998,0.0,0.0,0,0,0.04,0.02,0.03,0.02,0.0,0,nan,nan,3,1,15
71682495,1689690848639000,401540295,1162593684,16000,0,0.1,0.0,0.29999998,0.39999998,0.0,0.0,0,0,0.06,0.06,0.0,0.01,0.0,0,nan,nan,3,1,15
71787771,1689690848745000,401540306,1162593691,16098,0,0.1,0.0,0.29999998,0.39999998,0.0,0.0,0,0,0.03,0.02,0.03,-0.02,0.0,0,nan,nan,3,1,15
71896777,1689690848853000,401540302,1162593687,16013,0,0.1,0.0,0.29999998,0.39999998,0.0,0.0,0,0,0.06,0.06,0.02,0.06,0.0,0,nan,nan,3,1,15
71999981,1689690848957000,401540305,1162593683,16128,0,0.1,0.0,0.29999998,0.39999998,0.0,0.0,0,0,0.089999996,0.089999996,-0.02,0.12,0.0,0,nan,nan,3,1,15
72106417,1689690849063000,401540301,1162593692,16167,0,0.1,0.0,0.29999998,0.39999998,0.0,0.0,0,0,0.049999997,0.049999997,-0.01,0.06,0.0,0,nan,nan,3,1,15
72214574,1689690849171000,401540303,1162593696,15956,0,0.1,0.0,0.29999998,0.39999998,0.0,0.0,0,0,0.099999994,0.07,-0.08,0.11,0.0,0,nan,nan,3,1,15
72323884,1689690849280000,401540308,1162593695,16026,0,0.1,0.0,0.29999998,0.39999998,0.0,0.0,0,0,0.13,0.07,-0.11,0.089999996,0.0,0,nan,nan,3,1,15
72430159,1689690849387000,401540305,1162593681,15928,0,0.1,0.0,0.29999998,0.39999998,0.0,0.0,0,0,0.26999998,0.13,-0.24,0.08,0.0,0,nan,nan,3,1,15
72536585,1689690849493000,401540307,1162593686,16016,0,0.1,0.0,0.29999998,0.39999998,0.0,0.0,0,0,0.5,0.25,-0.44,0.13,0.0,0,nan,nan,3,1,15
72643767,1689690849601000,401540314,1162593678,15930,0,0.1,0.0,0.29999998,0.39999998,0.0,0.0,0,0,0.74,0.35,-0.65,0.34,0.0,0,nan,nan,3,1,15
72749997,1689690849707000,401540313,1162593670,16067,0,0.1,0.0,0.29999998,0.39999998,0.0,0.0,0,0,0.74,0.35,-0.65,1.17,0.0,0,nan,nan,3,1,15
72857809,1689690849815000,401540314,1162593662,15813,0,0.1,0.0,0.29999998,0.39999998,0.0,0.0,0,0,0.7,0.31,-0.62,2.3899999,0.0,0,nan,nan,3,1,15
